,Invoice Date,Product,Region,Retailer,Sales Method,State,Price per Unit,Total Sales,Units Sold
0,01-01-2020,Men's Street Footwear,Northeast,Foot Locker,In-store,New York,50,6000,120
1,02-01-2020,Men's Athletic Footwear,Northeast,Foot Locker,In-store,New York,50,5000,100
2,03-01-2020,Women's Street Footwear,Northeast,Foot Locker,In-store,New York,40,4000,100
3,04-01-2020,Women's Athletic Footwear,Northeast,Foot Locker,In-store,New York,45,3825,85
4,05-01-2020,Men's Apparel,Northeast,Foot Locker,In-store,New York,60,5400,90
5,06-01-2020,Women's Apparel,Northeast,Foot Locker,In-store,New York,50,5000,100
6,07-01-2020,Men's Street Footwear,Northeast,Foot Locker,In-store,New York,50,6250,125
7,08-01-2020,Men's Athletic Footwear,Northeast,Foot Locker,Outlet,New York,50,4500,90
8,21-01-2020,Women's Street Footwear,Northeast,Foot Locker,Outlet,New York,40,3800,95
9,22-01-2020,Women's Athletic Footwear,Northeast,Foot Locker,Outlet,New York,45,3713,83
10,23-01-2020,Men's Apparel,Northeast,Foot Locker,Outlet,New York,60,5400,90
11,24-01-2020,Women's Apparel,Northeast,Foot Locker,Outlet,New York,50,5000,100
12,25-01-2020,Men's Street Footwear,Northeast,Foot Locker,Outlet,New York,50,6100,122
13,26-01-2020,Men's Athletic Footwear,Northeast,Foot Locker,Outlet,New York,50,4625,93
14,27-01-2020,Women's Street Footwear,Northeast,Foot Locker,Outlet,New York,40,3800,95
15,28-01-2020,Women's Athletic Footwear,Northeast,Foot Locker,Outlet,New York,45,3600,80
16,29-01-2020,Men's Apparel,Northeast,Foot Locker,Outlet,New York,60,5100,85
17,30-01-2020,Women's Apparel,Northeast,Foot Locker,Outlet,New York,50,4750,95
18,31-01-2020,Men's Street Footwear,Northeast,Foot Locker,Outlet,New York,50,6000,120
19,01-02-2020,Men's Athletic Footwear,Northeast,Foot Locker,Outlet,New York,50,4500,90
20,02-02-2020,Women's Street Footwear,Northeast,Foot Locker,Outlet,New York,40,3600,90
21,03-02-2020,Women's Athletic Footwear,Northeast,Foot Locker,Outlet,New York,45,3713,83
22,04-02-2020,Men's Apparel,Northeast,Foot Locker,Outlet,New York,60,4950,83
23,05-02-2020,Women's Apparel,Northeast,Foot Locker,Outlet,New York,50,4750,95
24,06-02-2020,Men's Street Footwear,Northeast,Foot Locker,Outlet,New York,60,7320,122
25,07-02-2020,Men's Athletic Footwear,Northeast,Foot Locker,Outlet,New York,55,5088,93
26,08-02-2020,Women's Street Footwear,Northeast,Foot Locker,Outlet,New York,50,4500,90
27,09-02-2020,Women's Athletic Footwear,Northeast,Foot Locker,Outlet,New York,50,4250,85
28,10-02-2020,Men's Apparel,Northeast,Foot Locker,Outlet,New York,60,5250,88
29,03-03-2020,Women's Apparel,Northeast,Foot Locker,Outlet,New York,65,6500,100
30,04-03-2020,Men's Street Footwear,Northeast,Foot Locker,Outlet,New York,60,7500,125
31,05-03-2020,Men's Athletic Footwear,Northeast,Foot Locker,Outlet,New York,55,5500,100
32,06-03-2020,Women's Street Footwear,Northeast,Foot Locker,Outlet,New York,50,4625,93
33,07-03-2020,Women's Athletic Footwear,Northeast,Foot Locker,Outlet,New York,50,4500,90
34,08-03-2020,Men's Apparel,Northeast,Foot Locker,Outlet,New York,60,5400,90
35,09-03-2020,Women's Apparel,Northeast,Foot Locker,Outlet,New York,65,6825,105
36,10-03-2020,Men's Street Footwear,Northeast,Foot Locker,Outlet,New York,60,7650,128
37,11-03-2020,Men's Athletic Footwear,Northeast,Foot Locker,Outlet,New York,55,5638,103
38,12-03-2020,Women's Street Footwear,Northeast,Foot Locker,Outlet,New York,50,4750,95
39,13-03-2020,Women's Athletic Footwear,Northeast,Foot Locker,Outlet,New York,50,4500,90
40,14-03-2020,Men's Apparel,Northeast,Foot Locker,Outlet,New York,60,5550,93
41,15-03-2020,Women's Apparel,Northeast,Foot Locker,Outlet,New York,65,7150,110
42,16-03-2020,Men's Street Footwear,Northeast,Foot Locker,Outlet,New York,60,7500,125
43,17-03-2020,Men's Athletic Footwear,Northeast,Foot Locker,Outlet,New York,55,5638,103
44,18-03-2020,Women's Street Footwear,Northeast,Foot Locker,Outlet,New York,50,4750,95
45,31-03-2020,Women's Athletic Footwear,Northeast,Foot Locker,Outlet,New York,50,4625,93
46,17-04-2020,Men's Apparel,Northeast,Walmart,Outlet,New York,60,5400,90
47,18-04-2020,Women's Apparel,Northeast,Walmart,Outlet,New York,65,6988,108
48,19-04-2020,Men's Street Footwear,Northeast,Walmart,Outlet,New York,60,7200,120
49,20-04-2020,Men's Athletic Footwear,Northeast,Walmart,Outlet,New York,55,5500,100
50,21-04-2020,Women's Street Footwear,Northeast,Walmart,Outlet,New York,50,4625,93
51,22-04-2020,Women's Athletic Footwear,Northeast,Walmart,Outlet,New York,50,4500,90
52,23-04-2020,Men's Apparel,Northeast,Walmart,Outlet,New York,60,5400,90
53,24-04-2020,Women's Apparel,Northeast,Walmart,Outlet,New York,65,6500,100
54,25-04-2020,Men's Apparel,Northeast,Walmart,Outlet,New York,65,5688,88
55,26-04-2020,Women's Apparel,Northeast,Walmart,Outlet,New York,70,7000,100
56,27-04-2020,Men's Street Footwear,Northeast,Walmart,Outlet,New York,65,7475,115
57,28-04-2020,Men's Athletic Footwear,Northeast,Walmart,Outlet,New York,55,5363,98
58,29-04-2020,Women's Street Footwear,Northeast,Walmart,Outlet,New York,55,5060,92
59,30-04-2020,Women's Athletic Footwear,Northeast,Walmart,Outlet,New York,55,4950,90
60,01-05-2020,Men's Apparel,Northeast,Walmart,Outlet,New York,65,5688,88
61,02-05-2020,Women's Apparel,Northeast,Walmart,Outlet,New York,70,6825,98
62,03-05-2020,Men's Street Footwear,Northeast,Walmart,Outlet,New York,65,7800,120
63,04-05-2020,Men's Athletic Footwear,Northeast,Walmart,Outlet,New York,55,5500,100
64,05-05-2020,Women's Street Footwear,Northeast,Walmart,Outlet,New York,55,5225,95
65,06-05-2020,Women's Athletic Footwear,Northeast,Walmart,Outlet,New York,55,4950,90
66,07-05-2020,Men's Apparel,Northeast,Walmart,Outlet,New York,65,5850,90
67,18-07-2020,Women's Apparel,Northeast,Walmart,Outlet,New York,70,7000,100
68,19-07-2020,Men's Street Footwear,Northeast,Sports Direct,Outlet,New York,25,2250,90
69,20-07-2020,Men's Athletic Footwear,Northeast,Sports Direct,Outlet,New York,35,3150,90
70,21-07-2020,Women's Street Footwear,Northeast,Sports Direct,Outlet,New York,35,2450,70
71,22-07-2020,Women's Athletic Footwear,Northeast,Sports Direct,Outlet,New York,35,2450,70
72,23-07-2020,Men's Apparel,South,Sports Direct,Outlet,Texas,40,2200,55
73,24-07-2020,Women's Apparel,South,Sports Direct,Outlet,Texas,35,2450,70
74,25-07-2020,Men's Street Footwear,South,Sports Direct,Outlet,Texas,25,2125,85
75,26-07-2020,Men's Athletic Footwear,South,Sports Direct,Outlet,Texas,35,2975,85
76,27-07-2020,Women's Street Footwear,South,Sports Direct,Outlet,Texas,35,2363,68
77,28-07-2020,Women's Athletic Footwear,South,Sports Direct,Outlet,Texas,35,2188,63
78,29-07-2020,Men's Apparel,South,Sports Direct,Outlet,Texas,40,2000,50
79,30-07-2020,Women's Apparel,South,Sports Direct,Outlet,Texas,35,2450,70
80,31-07-2020,Men's Street Footwear,South,Sports Direct,Outlet,Texas,30,2625,88
81,01-08-2020,Men's Athletic Footwear,South,Sports Direct,Outlet,Texas,40,3500,88
82,02-08-2020,Women's Street Footwear,South,Sports Direct,Outlet,Texas,35,2450,70
83,03-08-2020,Women's Athletic Footwear,South,Sports Direct,Outlet,Texas,40,2400,60
84,04-08-2020,Men's Apparel,South,Sports Direct,Outlet,Texas,45,2250,50
85,05-08-2020,Women's Apparel,South,Sports Direct,Outlet,Texas,40,2600,65
86,06-08-2020,Men's Street Footwear,South,Sports Direct,Outlet,Texas,30,2700,90
87,07-08-2020,Men's Athletic Footwear,South,Sports Direct,Outlet,Texas,40,3600,90
88,08-08-2020,Women's Street Footwear,South,Sports Direct,Outlet,Texas,35,2538,73
89,09-08-2020,Women's Athletic Footwear,South,Sports Direct,Outlet,Texas,40,2500,63
90,10-08-2020,Men's Apparel,South,Walmart,Outlet,Texas,45,2363,53
91,11-08-2020,Women's Apparel,South,Walmart,Outlet,Texas,40,3200,80
92,12-08-2020,Men's Street Footwear,South,Walmart,Outlet,Texas,30,2775,93
93,13-08-2020,Men's Athletic Footwear,South,Walmart,Outlet,Texas,40,3700,93
94,14-08-2020,Women's Street Footwear,South,Walmart,Outlet,Texas,35,2713,78
95,15-08-2020,Women's Athletic Footwear,South,Walmart,Outlet,Texas,40,2800,70
96,16-08-2020,Men's Apparel,South,Walmart,Outlet,Texas,45,2700,60
97,17-08-2020,Women's Apparel,South,Walmart,Outlet,Texas,40,3800,95
98,18-08-2020,Men's Street Footwear,South,Walmart,Outlet,Texas,40,3800,95
99,19-08-2020,Men's Athletic Footwear,South,Walmart,Outlet,Texas,45,4275,95
100,20-08-2020,Women's Street Footwear,South,Walmart,Outlet,Texas,40,3200,80
101,21-08-2020,Women's Athletic Footwear,South,Walmart,Outlet,Texas,40,3000,75
102,22-08-2020,Men's Apparel,South,Walmart,Outlet,Texas,45,2925,65
103,23-08-2020,Women's Apparel,South,Walmart,Outlet,Texas,50,5000,100
104,24-08-2020,Men's Street Footwear,South,Walmart,Outlet,Texas,40,3800,95
105,25-08-2020,Men's Athletic Footwear,South,Walmart,Outlet,Texas,45,4275,95
106,26-08-2020,Women's Street Footwear,South,Walmart,Outlet,Texas,40,4400,110
107,27-08-2020,Women's Athletic Footwear,South,Walmart,Outlet,Texas,40,2800,70
108,28-08-2020,Men's Apparel,South,Walmart,Outlet,Texas,45,3150,70
109,29-08-2020,Women's Apparel,South,Walmart,Outlet,Texas,50,4875,98
110,30-08-2020,Men's Street Footwear,South,Walmart,Outlet,Texas,40,3700,93
111,31-08-2020,Men's Athletic Footwear,South,Walmart,Outlet,Texas,45,4163,93
112,01-09-2020,Women's Street Footwear,South,Walmart,Outlet,Texas,40,4400,110
113,02-09-2020,Women's Athletic Footwear,South,Walmart,Outlet,Texas,40,2600,65
114,03-09-2020,Men's Apparel,South,Walmart,Outlet,Texas,45,2925,65
115,04-09-2020,Women's Apparel,South,Walmart,Outlet,Texas,50,4500,90
116,05-09-2020,Men's Street Footwear,South,Walmart,Outlet,Texas,45,3825,85
117,06-09-2020,Men's Athletic Footwear,South,Walmart,Outlet,Texas,45,3825,85
118,07-09-2020,Women's Street Footwear,South,Walmart,Outlet,Texas,50,4500,90
119,08-09-2020,Women's Athletic Footwear,South,Walmart,Outlet,Texas,50,3125,63
120,09-09-2020,Men's Apparel,South,Walmart,Outlet,Texas,45,2813,63
121,10-09-2020,Women's Apparel,South,Walmart,Outlet,Texas,55,4675,85
122,11-09-2020,Men's Street Footwear,South,Walmart,Outlet,Texas,45,3600,80
123,12-09-2020,Men's Athletic Footwear,South,Walmart,Outlet,Texas,45,3600,80
124,13-09-2020,Women's Street Footwear,South,Walmart,Outlet,Texas,50,3750,75
125,14-09-2020,Women's Athletic Footwear,South,Walmart,Outlet,Texas,50,3000,60
126,15-09-2020,Men's Apparel,South,Walmart,Outlet,Texas,45,2588,58
127,16-09-2020,Women's Apparel,South,Walmart,Outlet,Texas,55,4125,75
128,20-10-2020,Men's Street Footwear,South,Walmart,Outlet,Texas,45,4050,90
129,21-10-2020,Men's Athletic Footwear,South,Walmart,Outlet,Texas,45,4050,90
130,22-10-2020,Women's Street Footwear,South,Walmart,Outlet,Texas,50,4125,83
131,23-10-2020,Women's Athletic Footwear,South,Walmart,Outlet,Texas,50,3375,68
132,24-10-2020,Men's Apparel,South,Walmart,Outlet,Texas,45,2925,65
133,25-10-2020,Women's Apparel,South,Walmart,Outlet,Texas,55,4675,85
134,26-10-2020,Men's Street Footwear,South,Walmart,Outlet,Texas,45,4275,95
135,27-10-2020,Men's Athletic Footwear,South,Walmart,Outlet,Texas,45,4275,95
136,28-10-2020,Women's Street Footwear,South,Walmart,Outlet,Texas,50,4250,85
137,29-10-2020,Women's Athletic Footwear,South,Walmart,Outlet,Texas,50,3500,70
138,30-10-2020,Men's Apparel,South,Walmart,Outlet,Texas,45,2925,65
139,31-10-2020,Women's Apparel,South,Walmart,Outlet,Texas,55,4950,90
140,01-11-2020,Men's Street Footwear,South,West Gear,Outlet,Texas,40,3100,78
141,02-11-2020,Men's Athletic Footwear,South,West Gear,Outlet,Texas,50,3875,78
142,03-11-2020,Women's Street Footwear,South,West Gear,Outlet,Texas,50,3875,78
143,04-11-2020,Women's Athletic Footwear,South,West Gear,Outlet,Texas,50,3125,63
144,05-11-2020,Men's Apparel,West,West Gear,Outlet,California,55,3163,58
145,06-11-2020,Women's Apparel,West,West Gear,Outlet,California,50,3875,78
146,07-11-2020,Men's Street Footwear,West,West Gear,Outlet,California,40,3300,83
147,08-11-2020,Men's Athletic Footwear,West,West Gear,Outlet,California,50,3625,73
148,09-11-2020,Women's Street Footwear,West,West Gear,Outlet,California,50,3625,73
149,10-11-2020,Women's Athletic Footwear,West,West Gear,Outlet,California,50,2875,58
150,11-11-2020,Men's Apparel,West,West Gear,Outlet,California,55,2750,50
151,12-11-2020,Women's Apparel,West,West Gear,Outlet,California,50,3500,70
152,13-11-2020,Men's Street Footwear,West,West Gear,Outlet,California,50,4250,85
153,14-11-2020,Men's Athletic Footwear,West,West Gear,Outlet,California,60,4200,70
154,15-11-2020,Women's Street Footwear,West,West Gear,Outlet,California,60,4200,70
155,22-12-2020,Women's Athletic Footwear,West,West Gear,Outlet,California,60,3600,60
156,23-12-2020,Men's Apparel,West,West Gear,Outlet,California,65,3250,50
157,24-12-2020,Women's Apparel,West,West Gear,Outlet,California,60,4200,70
158,25-12-2020,Men's Street Footwear,West,West Gear,Outlet,California,60,5250,88
159,26-12-2020,Men's Athletic Footwear,West,West Gear,Outlet,California,65,4388,68
160,27-12-2020,Women's Street Footwear,West,West Gear,Outlet,California,65,4713,73
161,28-12-2020,Women's Athletic Footwear,West,West Gear,Outlet,California,60,3750,63
162,29-12-2020,Men's Apparel,West,West Gear,Outlet,California,65,3413,53
163,30-12-2020,Women's Apparel,West,West Gear,Outlet,California,80,5600,70
164,31-12-2020,Men's Street Footwear,West,West Gear,Outlet,California,60,5400,90
165,01-01-2021,Men's Athletic Footwear,West,West Gear,Outlet,California,65,4875,75
166,02-01-2021,Women's Street Footwear,West,West Gear,Outlet,California,65,4875,75
167,03-01-2021,Women's Athletic Footwear,West,West Gear,Outlet,California,60,3900,65
168,04-01-2021,Men's Apparel,West,West Gear,Outlet,California,65,3575,55
169,05-01-2021,Women's Apparel,West,West Gear,Outlet,California,80,5800,73
170,06-01-2021,Men's Street Footwear,West,West Gear,Outlet,California,60,5850,98
171,07-01-2021,Men's Athletic Footwear,West,West Gear,Outlet,California,65,5363,83
172,08-01-2021,Women's Street Footwear,West,West Gear,Outlet,California,65,5363,83
173,09-01-2021,Women's Athletic Footwear,West,West Gear,Outlet,California,60,4200,70
174,10-01-2021,Men's Apparel,West,West Gear,Outlet,California,65,3738,58
175,11-01-2021,Women's Apparel,West,West Gear,Outlet,California,80,7000,88
176,12-01-2021,Men's Street Footwear,West,West Gear,Outlet,California,60,6150,103
177,13-01-2021,Men's Athletic Footwear,West,West Gear,Outlet,California,65,5688,88
178,14-01-2021,Women's Street Footwear,West,West Gear,Outlet,California,65,5363,83
179,15-01-2021,Women's Athletic Footwear,West,West Gear,Outlet,California,60,4350,73
180,16-01-2021,Men's Apparel,West,West Gear,Outlet,California,65,5038,78
181,17-01-2021,Women's Apparel,West,West Gear,Outlet,California,80,6200,78
182,18-01-2021,Men's Street Footwear,West,West Gear,Outlet,California,65,6338,98
183,19-01-2021,Men's Athletic Footwear,West,West Gear,Outlet,California,70,6475,93
184,20-01-2021,Women's Street Footwear,West,West Gear,Outlet,California,65,5200,80
185,21-01-2021,Women's Athletic Footwear,West,West Gear,Outlet,California,65,4875,75
186,22-01-2021,Men's Apparel,West,West Gear,Outlet,California,75,5625,75
187,23-01-2021,Women's Apparel,West,West Gear,Outlet,California,80,5800,73
188,24-01-2021,Men's Street Footwear,West,West Gear,Outlet,California,55,5088,93
189,25-01-2021,Men's Athletic Footwear,West,West Gear,Outlet,California,60,5550,93
190,26-01-2021,Women's Street Footwear,West,West Gear,Outlet,California,55,4263,78
191,27-01-2021,Women's Athletic Footwear,West,West Gear,Outlet,California,55,3988,73
192,28-01-2021,Men's Apparel,West,West Gear,Outlet,California,65,4713,73
193,29-01-2021,Women's Apparel,West,West Gear,Outlet,California,70,5425,78
194,30-01-2021,Men's Street Footwear,West,West Gear,Outlet,California,55,4813,88
195,31-01-2021,Men's Athletic Footwear,West,West Gear,Outlet,California,60,5250,88
196,01-02-2021,Women's Street Footwear,West,West Gear,Outlet,California,55,3850,70
197,02-02-2021,Women's Athletic Footwear,West,West Gear,Outlet,California,55,3713,68
198,03-02-2021,Men's Apparel,West,West Gear,Outlet,California,65,4225,65
199,04-02-2021,Women's Apparel,West,West Gear,Outlet,California,70,4900,70
200,05-02-2021,Men's Street Footwear,West,West Gear,Outlet,California,55,4813,88
201,06-02-2021,Men's Athletic Footwear,West,West Gear,Outlet,California,60,5250,88
202,07-02-2021,Women's Street Footwear,West,West Gear,Outlet,California,55,3988,73
203,08-02-2021,Women's Athletic Footwear,West,West Gear,Outlet,California,55,3850,70
204,09-02-2021,Men's Apparel,West,West Gear,Outlet,California,65,4225,65
205,10-02-2021,Women's Apparel,West,West Gear,Outlet,California,70,5425,78
206,11-02-2021,Men's Street Footwear,West,West Gear,Outlet,California,55,5363,98
207,12-02-2021,Men's Athletic Footwear,West,West Gear,Outlet,California,60,5850,98
208,13-02-2021,Women's Street Footwear,West,West Gear,Outlet,California,55,4263,78
209,14-02-2021,Women's Athletic Footwear,West,West Gear,Outlet,California,55,4263,78
210,15-02-2021,Men's Apparel,West,West Gear,Outlet,California,65,4550,70
211,16-02-2021,Women's Apparel,West,West Gear,Outlet,California,70,5600,80
212,17-02-2021,Men's Street Footwear,West,Kohl's,Outlet,California,35,2450,70
213,18-02-2021,Men's Athletic Footwear,West,Kohl's,Outlet,California,45,3150,70
214,09-03-2021,Women's Street Footwear,West,Kohl's,Outlet,California,45,3150,70
215,10-03-2021,Women's Athletic Footwear,West,Kohl's,Outlet,California,45,2475,55
216,11-03-2021,Men's Apparel,West,Kohl's,Outlet,California,50,2500,50
217,12-03-2021,Women's Apparel,West,Kohl's,Outlet,California,45,3150,70
218,13-03-2021,Men's Street Footwear,West,Kohl's,Outlet,California,35,2625,75
219,14-03-2021,Men's Athletic Footwear,West,Kohl's,Outlet,California,45,2925,65
220,15-03-2021,Women's Street Footwear,West,Kohl's,Outlet,California,45,3038,68
221,16-03-2021,Women's Athletic Footwear,West,Kohl's,Outlet,California,45,2363,53
222,17-03-2021,Men's Apparel,West,Kohl's,Outlet,California,50,2250,45
223,18-03-2021,Women's Apparel,West,Kohl's,Outlet,California,45,2925,65
224,19-03-2021,Men's Street Footwear,West,Kohl's,Outlet,California,35,2800,80
225,20-03-2021,Men's Athletic Footwear,West,Kohl's,Outlet,California,45,2925,65
226,21-03-2021,Women's Street Footwear,West,Kohl's,Outlet,California,45,2925,65
227,22-03-2021,Women's Athletic Footwear,West,Kohl's,Outlet,California,45,2475,55
228,23-03-2021,Men's Apparel,West,Kohl's,Outlet,California,50,2125,43
229,06-04-2021,Women's Apparel,West,Kohl's,Outlet,California,45,2813,63
230,07-04-2021,Men's Street Footwear,West,Kohl's,Outlet,California,45,3600,80
231,08-04-2021,Men's Athletic Footwear,West,Kohl's,Outlet,California,50,3000,60
232,09-04-2021,Women's Street Footwear,West,Kohl's,Outlet,California,50,3125,63
233,10-04-2021,Women's Athletic Footwear,West,Kohl's,Outlet,California,45,2363,53
234,11-04-2021,Men's Apparel,West,Kohl's,Outlet,California,50,2125,43
235,12-04-2021,Women's Apparel,West,Kohl's,Outlet,California,65,3900,60
236,13-04-2021,Men's Street Footwear,West,Kohl's,Outlet,California,45,3600,80
237,14-04-2021,Men's Athletic Footwear,West,Kohl's,Outlet,California,50,3250,65
238,15-04-2021,Women's Street Footwear,West,Kohl's,Outlet,California,50,3250,65
239,16-04-2021,Women's Athletic Footwear,West,Kohl's,Outlet,California,45,2475,55
240,17-04-2021,Men's Apparel,West,Kohl's,Outlet,California,50,2250,45
241,18-04-2021,Women's Apparel,West,Kohl's,Outlet,California,65,4063,63
242,19-04-2021,Men's Street Footwear,West,Kohl's,Outlet,California,45,4050,90
243,20-04-2021,Men's Athletic Footwear,West,Kohl's,Outlet,California,50,3750,75
244,21-04-2021,Women's Street Footwear,West,Kohl's,Outlet,California,50,3750,75
245,22-04-2021,Women's Athletic Footwear,West,Kohl's,Outlet,California,45,2813,63
246,23-04-2021,Men's Apparel,West,Kohl's,Outlet,California,50,2500,50
247,24-04-2021,Women's Apparel,West,Kohl's,Outlet,California,65,5200,80
248,25-04-2021,Men's Street Footwear,West,Kohl's,Outlet,California,45,4275,95
249,26-04-2021,Men's Athletic Footwear,West,Kohl's,Outlet,California,50,4000,80
250,27-04-2021,Women's Street Footwear,West,Kohl's,Outlet,California,50,3750,75
251,28-04-2021,Women's Athletic Footwear,West,Kohl's,Outlet,California,45,2925,65
252,29-04-2021,Men's Apparel,West,Kohl's,Outlet,California,50,3500,70
253,30-04-2021,Women's Apparel,West,Kohl's,Outlet,California,65,4550,70
254,01-05-2021,Men's Street Footwear,West,Kohl's,Outlet,California,50,4500,90
255,02-05-2021,Men's Athletic Footwear,West,Kohl's,Outlet,California,55,4675,85
256,03-05-2021,Women's Street Footwear,West,Kohl's,Outlet,California,50,3625,73
257,04-05-2021,Women's Athletic Footwear,West,Kohl's,Outlet,California,50,3375,68
258,05-05-2021,Men's Apparel,West,Kohl's,Outlet,California,60,4050,68
259,06-05-2021,Women's Apparel,West,Kohl's,Outlet,California,65,4225,65
260,07-05-2021,Men's Street Footwear,West,Kohl's,Outlet,California,50,4250,85
261,08-05-2021,Men's Athletic Footwear,West,Kohl's,Outlet,California,55,4675,85
262,09-05-2021,Women's Street Footwear,West,Kohl's,Outlet,California,50,3500,70
263,10-05-2021,Women's Athletic Footwear,West,Kohl's,Outlet,California,50,3250,65
264,11-05-2021,Men's Apparel,West,Kohl's,Outlet,California,60,3900,65
265,12-05-2021,Women's Apparel,West,Kohl's,Outlet,California,65,4550,70
266,13-05-2021,Men's Street Footwear,West,Kohl's,Outlet,California,50,4000,80
267,14-05-2021,Men's Athletic Footwear,West,Kohl's,Outlet,California,55,4400,80
268,15-05-2021,Women's Street Footwear,West,Kohl's,Outlet,California,50,3250,65
269,16-05-2021,Women's Athletic Footwear,West,Kohl's,Outlet,California,50,3125,63
270,17-05-2021,Men's Apparel,West,Kohl's,Outlet,California,60,3600,60
271,18-05-2021,Women's Apparel,West,Kohl's,Outlet,California,65,4225,65
272,19-05-2021,Men's Street Footwear,West,Kohl's,Outlet,California,50,4125,83
273,20-05-2021,Men's Athletic Footwear,West,Kohl's,Outlet,California,55,4538,83
274,21-05-2021,Women's Street Footwear,West,Kohl's,Outlet,California,50,3375,68
275,22-05-2021,Women's Athletic Footwear,West,Kohl's,Outlet,California,50,3250,65
276,23-05-2021,Men's Apparel,West,Kohl's,Outlet,California,60,3600,60
277,24-05-2021,Women's Apparel,West,Kohl's,Outlet,California,65,4550,70
278,25-05-2021,Men's Street Footwear,West,Kohl's,Outlet,California,50,4500,90
279,26-05-2021,Men's Athletic Footwear,West,Kohl's,Outlet,California,55,4950,90
280,27-05-2021,Women's Street Footwear,West,Kohl's,Outlet,California,50,3500,70
281,28-05-2021,Women's Athletic Footwear,West,Kohl's,Outlet,California,50,3500,70
282,29-05-2021,Men's Apparel,West,Kohl's,Outlet,California,60,3750,63
283,30-05-2021,Women's Apparel,West,Kohl's,Outlet,California,65,4713,73
284,31-05-2021,Men's Street Footwear,West,Foot Locker,Outlet,California,45,2138,48
285,01-06-2021,Men's Athletic Footwear,West,Foot Locker,Outlet,California,45,1238,28
286,02-06-2021,Women's Street Footwear,West,Foot Locker,Outlet,California,35,963,28
287,03-06-2021,Women's Athletic Footwear,West,Foot Locker,Outlet,California,40,500,13
288,04-06-2021,Men's Apparel,Midwest,Foot Locker,Outlet,Illinois,55,963,18
289,05-06-2021,Women's Apparel,Midwest,Foot Locker,Outlet,Illinois,45,1238,28
290,06-06-2021,Men's Street Footwear,Midwest,Foot Locker,Outlet,Illinois,45,2363,53
291,07-06-2021,Men's Athletic Footwear,Midwest,Foot Locker,Outlet,Illinois,45,788,18
292,08-06-2021,Women's Street Footwear,Midwest,Foot Locker,Outlet,Illinois,35,788,23
293,09-06-2021,Women's Athletic Footwear,Midwest,Foot Locker,Outlet,Illinois,40,400,10
294,10-06-2021,Men's Apparel,Midwest,Foot Locker,Outlet,Illinois,55,963,18
295,11-06-2021,Women's Apparel,Midwest,Foot Locker,Outlet,Illinois,45,1238,28
296,12-06-2021,Men's Street Footwear,Midwest,Foot Locker,Outlet,Illinois,50,2475,50
297,13-06-2021,Men's Athletic Footwear,Midwest,Foot Locker,Outlet,Illinois,50,1000,20
298,14-06-2021,Women's Street Footwear,Midwest,Foot Locker,Outlet,Illinois,40,900,23
299,15-06-2021,Women's Athletic Footwear,Midwest,Foot Locker,Outlet,Illinois,45,338,8
300,16-06-2021,Men's Apparel,Midwest,Foot Locker,Outlet,Illinois,60,750,13
301,17-06-2021,Women's Apparel,Midwest,Foot Locker,Outlet,Illinois,50,1125,23
302,18-06-2021,Men's Street Footwear,Midwest,Foot Locker,Outlet,Illinois,50,2250,45
303,19-06-2021,Men's Athletic Footwear,Midwest,Foot Locker,Outlet,Illinois,50,750,15
304,20-06-2021,Women's Street Footwear,Midwest,Foot Locker,Outlet,Illinois,40,600,15
305,21-06-2021,Women's Athletic Footwear,Midwest,Foot Locker,Outlet,Illinois,45,338,8
306,22-06-2021,Men's Apparel,Midwest,Foot Locker,Outlet,Illinois,60,600,10
307,23-06-2021,Women's Apparel,Midwest,Foot Locker,Outlet,Illinois,50,1125,23
308,24-06-2021,Men's Street Footwear,Midwest,Foot Locker,Outlet,Illinois,60,2970,50
309,25-06-2021,Men's Athletic Footwear,Midwest,Foot Locker,Outlet,Illinois,55,1100,20
310,26-06-2021,Women's Street Footwear,Midwest,Foot Locker,Outlet,Illinois,50,875,18
311,27-06-2021,Women's Athletic Footwear,Midwest,Foot Locker,Outlet,Illinois,50,500,10
312,28-06-2021,Men's Apparel,Midwest,Foot Locker,Outlet,Illinois,60,750,13
313,29-06-2021,Women's Apparel,Midwest,Foot Locker,Outlet,Illinois,65,1625,25
314,30-06-2021,Men's Street Footwear,Midwest,Foot Locker,Outlet,Illinois,50,2500,50
315,01-07-2021,Men's Athletic Footwear,Midwest,Foot Locker,Outlet,Illinois,45,1125,25
316,02-07-2021,Women's Street Footwear,Midwest,Foot Locker,Outlet,Illinois,40,800,20
317,03-07-2021,Women's Athletic Footwear,Midwest,Foot Locker,Outlet,Illinois,40,700,18
318,04-07-2021,Men's Apparel,Midwest,Foot Locker,Outlet,Illinois,50,875,18
319,05-07-2021,Women's Apparel,Midwest,Foot Locker,Outlet,Illinois,55,1925,35
320,06-07-2021,Men's Street Footwear,Midwest,Foot Locker,Outlet,Illinois,50,2875,58
321,07-07-2021,Men's Athletic Footwear,Midwest,Foot Locker,Outlet,Illinois,45,1463,33
322,08-07-2021,Women's Street Footwear,Midwest,Foot Locker,Outlet,Illinois,40,1000,25
323,09-07-2021,Women's Athletic Footwear,Midwest,Foot Locker,Outlet,Illinois,40,800,20
324,10-07-2021,Men's Apparel,Midwest,Foot Locker,Outlet,Illinois,50,1125,23
325,11-07-2021,Women's Apparel,Midwest,Foot Locker,Outlet,Illinois,55,2200,40
326,12-07-2021,Men's Street Footwear,Midwest,Foot Locker,Outlet,Illinois,50,2750,55
327,13-07-2021,Men's Athletic Footwear,Midwest,Foot Locker,Outlet,Illinois,45,1463,33
328,14-07-2021,Women's Street Footwear,Midwest,Foot Locker,Outlet,Illinois,40,1000,25
329,15-07-2021,Women's Athletic Footwear,Midwest,Foot Locker,Outlet,Illinois,40,900,23
330,16-07-2021,Men's Apparel,Midwest,Foot Locker,Outlet,Illinois,50,1000,20
331,17-07-2021,Women's Apparel,Midwest,Foot Locker,Outlet,Illinois,55,2063,38
332,18-07-2021,Men's Street Footwear,Midwest,Foot Locker,Outlet,Illinois,50,2500,50
333,19-07-2021,Men's Athletic Footwear,Midwest,Foot Locker,Outlet,Illinois,45,1350,30
334,20-07-2021,Women's Street Footwear,Midwest,Foot Locker,Outlet,Illinois,40,800,20
335,21-07-2021,Women's Athletic Footwear,Midwest,Foot Locker,Outlet,Illinois,40,700,18
336,22-07-2021,Men's Apparel,Midwest,Foot Locker,Outlet,Illinois,50,875,18
337,23-07-2021,Women's Apparel,Midwest,Foot Locker,Outlet,Illinois,55,1375,25
338,24-07-2021,Men's Street Footwear,Midwest,Foot Locker,Outlet,Illinois,60,2550,43
339,25-07-2021,Men's Athletic Footwear,Midwest,Foot Locker,Outlet,Illinois,50,1250,25
340,26-07-2021,Women's Street Footwear,Midwest,Foot Locker,Outlet,Illinois,50,750,15
341,27-07-2021,Women's Athletic Footwear,Midwest,Foot Locker,Outlet,Illinois,50,625,13
342,28-07-2021,Men's Apparel,Midwest,Foot Locker,Outlet,Illinois,60,750,13
343,29-07-2021,Women's Apparel,Midwest,Foot Locker,Outlet,Illinois,65,1625,25
344,30-07-2021,Men's Street Footwear,Midwest,Foot Locker,Outlet,Illinois,60,2400,40
345,31-07-2021,Men's Athletic Footwear,Midwest,Foot Locker,Outlet,Illinois,50,1250,25
346,01-08-2021,Women's Street Footwear,Midwest,Foot Locker,Outlet,Illinois,50,975,20
347,02-08-2021,Women's Athletic Footwear,Midwest,Foot Locker,Outlet,Illinois,50,875,18
348,03-08-2021,Men's Apparel,Midwest,Foot Locker,Outlet,Illinois,60,900,15
349,04-08-2021,Women's Apparel,Midwest,Foot Locker,Outlet,Illinois,65,1625,25
350,05-08-2021,Men's Street Footwear,Midwest,Foot Locker,Outlet,Illinois,60,3000,50
351,06-08-2021,Men's Athletic Footwear,Midwest,Foot Locker,Outlet,Illinois,50,1500,30
352,07-08-2021,Women's Street Footwear,Midwest,Foot Locker,Outlet,Illinois,50,1250,25
353,08-08-2021,Women's Athletic Footwear,Midwest,Foot Locker,Outlet,Illinois,50,1000,20
354,09-08-2021,Men's Apparel,Midwest,Foot Locker,Outlet,Illinois,60,1200,20
355,10-08-2021,Women's Apparel,Midwest,Foot Locker,Outlet,Illinois,65,1950,30
356,11-08-2021,Men's Street Footwear,Midwest,Sports Direct,Outlet,Illinois,20,1450,73
357,12-08-2021,Men's Athletic Footwear,Midwest,Sports Direct,Outlet,Illinois,30,2175,73
358,13-08-2021,Women's Street Footwear,Midwest,Sports Direct,Outlet,Illinois,30,1575,53
359,14-08-2021,Women's Athletic Footwear,Midwest,Sports Direct,Outlet,Illinois,35,1838,53
360,15-08-2021,Men's Apparel,South,Sports Direct,Outlet,Texas,40,1500,38
361,16-08-2021,Women's Apparel,South,Sports Direct,Outlet,Texas,35,1838,53
362,17-08-2021,Men's Street Footwear,South,Sports Direct,Outlet,Texas,25,1688,68
363,18-08-2021,Men's Athletic Footwear,South,Sports Direct,Outlet,Texas,35,2275,65
364,19-08-2021,Women's Street Footwear,South,Sports Direct,Outlet,Texas,35,1663,48
365,20-08-2021,Women's Athletic Footwear,South,Sports Direct,Outlet,Texas,35,1488,43
366,21-08-2021,Men's Apparel,South,Sports Direct,Outlet,Texas,40,1200,30
367,22-08-2021,Women's Apparel,South,Sports Direct,Outlet,Texas,35,1750,50
368,23-08-2021,Men's Street Footwear,South,Sports Direct,Outlet,Texas,30,2025,68
369,24-08-2021,Men's Athletic Footwear,South,Sports Direct,Outlet,Texas,40,2700,68
370,25-08-2021,Women's Street Footwear,South,Sports Direct,Outlet,Texas,30,1500,50
371,26-08-2021,Women's Athletic Footwear,South,Sports Direct,Outlet,Texas,35,1400,40
372,27-08-2021,Men's Apparel,South,Sports Direct,Outlet,Texas,40,1200,30
373,28-08-2021,Women's Apparel,South,Sports Direct,Outlet,Texas,35,1575,45
374,29-08-2021,Men's Street Footwear,South,Sports Direct,Outlet,Texas,20,1400,70
375,30-08-2021,Men's Athletic Footwear,South,Sports Direct,Outlet,Texas,30,2100,70
376,31-08-2021,Women's Street Footwear,South,Sports Direct,Outlet,Texas,25,1313,53
377,01-09-2021,Women's Athletic Footwear,South,Sports Direct,Outlet,Texas,30,1275,43
378,02-09-2021,Men's Apparel,South,Sports Direct,Outlet,Texas,35,1138,33
379,03-09-2021,Women's Apparel,South,Sports Direct,Outlet,Texas,30,1800,60
380,04-09-2021,Men's Street Footwear,South,Sports Direct,Outlet,Texas,20,1500,75
381,05-09-2021,Men's Athletic Footwear,South,Sports Direct,Outlet,Texas,30,2325,78
382,06-09-2021,Women's Street Footwear,South,Sports Direct,Outlet,Texas,25,1563,63
383,07-09-2021,Women's Athletic Footwear,South,Sports Direct,Outlet,Texas,35,1925,55
384,08-09-2021,Men's Apparel,South,Sports Direct,Outlet,Texas,50,2250,45
385,09-09-2021,Women's Apparel,South,Sports Direct,Outlet,Texas,45,3600,80
386,10-09-2021,Men's Street Footwear,South,Sports Direct,Outlet,Texas,45,3600,80
387,11-09-2021,Men's Athletic Footwear,South,Sports Direct,Outlet,Texas,50,4000,80
388,12-09-2021,Women's Street Footwear,South,Sports Direct,Outlet,Texas,45,2925,65
389,13-09-2021,Women's Athletic Footwear,South,Sports Direct,Outlet,Texas,45,2700,60
390,14-09-2021,Men's Apparel,South,Sports Direct,Outlet,Texas,50,2500,50
391,15-09-2021,Women's Apparel,South,Sports Direct,Outlet,Texas,55,4813,88
392,16-09-2021,Men's Street Footwear,South,Sports Direct,Outlet,Texas,45,3713,83
393,17-09-2021,Men's Athletic Footwear,South,Sports Direct,Outlet,Texas,50,4125,83
394,18-09-2021,Women's Street Footwear,South,Sports Direct,Outlet,Texas,45,4388,98
395,19-09-2021,Women's Athletic Footwear,South,Sports Direct,Outlet,Texas,45,2588,58
396,20-09-2021,Men's Apparel,South,Sports Direct,Outlet,Texas,50,2875,58
397,21-09-2021,Women's Apparel,South,Sports Direct,Outlet,Texas,60,5100,85
398,22-09-2021,Men's Street Footwear,South,Sports Direct,Outlet,Texas,50,4000,80
399,23-09-2021,Men's Athletic Footwear,South,Sports Direct,Outlet,Texas,55,4400,80
400,24-09-2021,Women's Street Footwear,South,Sports Direct,Outlet,Texas,50,4875,98
401,25-09-2021,Women's Athletic Footwear,South,Sports Direct,Outlet,Texas,50,2625,53
402,26-09-2021,Men's Apparel,South,Sports Direct,Outlet,Texas,55,2888,53
403,27-09-2021,Women's Apparel,South,Sports Direct,Outlet,Texas,60,4650,78
404,28-09-2021,Men's Street Footwear,South,Sports Direct,Outlet,Texas,55,3988,73
405,29-09-2021,Men's Athletic Footwear,South,Sports Direct,Outlet,Texas,55,3713,68
406,30-09-2021,Women's Street Footwear,South,Sports Direct,Outlet,Texas,60,4350,73
407,01-10-2021,Women's Athletic Footwear,South,Sports Direct,Outlet,Texas,60,2700,45
408,02-10-2021,Men's Apparel,South,Sports Direct,Outlet,Texas,55,2475,45
409,03-10-2021,Women's Apparel,South,Sports Direct,Outlet,Texas,50,3375,68
410,04-10-2021,Men's Street Footwear,South,Sports Direct,Outlet,Texas,40,2500,63
411,05-10-2021,Men's Athletic Footwear,South,Sports Direct,Outlet,Texas,40,2500,63
412,06-10-2021,Women's Street Footwear,South,Sports Direct,Outlet,Texas,45,2588,58
413,07-10-2021,Women's Athletic Footwear,South,Sports Direct,Outlet,Texas,45,1913,43
414,08-10-2021,Men's Apparel,South,Sports Direct,Outlet,Texas,40,1600,40
415,09-10-2021,Women's Apparel,South,Sports Direct,Outlet,Texas,50,2875,58
416,10-10-2021,Men's Street Footwear,South,Sports Direct,Outlet,Texas,40,2900,73
417,11-10-2021,Men's Athletic Footwear,South,Sports Direct,Outlet,Texas,40,2900,73
418,12-10-2021,Women's Street Footwear,South,Sports Direct,Outlet,Texas,65,4225,65
419,13-10-2021,Women's Athletic Footwear,South,Sports Direct,Outlet,Texas,65,3250,50
420,14-10-2021,Men's Apparel,South,Sports Direct,Outlet,Texas,60,2850,48
421,15-10-2021,Women's Apparel,South,Sports Direct,Outlet,Texas,70,4725,68
422,16-10-2021,Men's Street Footwear,South,Sports Direct,Outlet,Texas,60,4950,83
423,17-10-2021,Men's Athletic Footwear,South,Sports Direct,Outlet,Texas,60,4950,83
424,18-10-2021,Women's Street Footwear,South,Sports Direct,Outlet,Texas,65,4713,73
425,19-10-2021,Women's Athletic Footwear,South,Sports Direct,Outlet,Texas,65,3738,58
426,20-10-2021,Men's Apparel,South,Sports Direct,Outlet,Texas,60,3150,53
427,21-10-2021,Women's Apparel,South,Sports Direct,Outlet,Texas,70,5425,78
428,22-10-2021,Men's Street Footwear,South,Foot Locker,Outlet,Texas,45,1913,43
429,23-10-2021,Men's Athletic Footwear,South,Foot Locker,Outlet,Texas,45,1013,23
430,24-10-2021,Women's Street Footwear,South,Foot Locker,Outlet,Texas,35,788,23
431,25-10-2021,Women's Athletic Footwear,South,Foot Locker,Outlet,Texas,40,300,8
432,26-10-2021,Men's Apparel,Northeast,Foot Locker,Outlet,Pennsylvania,55,688,13
433,27-10-2021,Women's Apparel,Northeast,Foot Locker,Outlet,Pennsylvania,45,1013,23
434,28-10-2021,Men's Street Footwear,Northeast,Foot Locker,Outlet,Pennsylvania,45,2138,48
435,29-10-2021,Men's Athletic Footwear,Northeast,Foot Locker,Outlet,Pennsylvania,45,563,13
436,30-10-2021,Women's Street Footwear,Northeast,Foot Locker,Outlet,Pennsylvania,35,613,18
437,31-10-2021,Women's Athletic Footwear,Northeast,Foot Locker,Outlet,Pennsylvania,40,200,5
438,01-11-2021,Men's Apparel,Northeast,Foot Locker,Outlet,Pennsylvania,55,688,13
439,02-11-2021,Women's Apparel,Northeast,Foot Locker,Outlet,Pennsylvania,45,1013,23
440,03-11-2021,Men's Street Footwear,Northeast,Foot Locker,Outlet,Pennsylvania,50,2225,45
441,04-11-2021,Men's Athletic Footwear,Northeast,Foot Locker,Outlet,Pennsylvania,50,750,15
442,05-11-2021,Women's Street Footwear,Northeast,Foot Locker,Outlet,Pennsylvania,40,700,18
443,06-11-2021,Women's Athletic Footwear,Northeast,Foot Locker,Outlet,Pennsylvania,45,113,3
444,07-11-2021,Men's Apparel,Northeast,Foot Locker,Outlet,Pennsylvania,60,450,8
445,08-11-2021,Women's Apparel,Northeast,Foot Locker,Outlet,Pennsylvania,50,875,18
446,09-11-2021,Men's Street Footwear,Northeast,Foot Locker,Outlet,Pennsylvania,50,2250,45
447,10-11-2021,Men's Athletic Footwear,Northeast,Foot Locker,Outlet,Pennsylvania,50,750,15
448,11-11-2021,Women's Street Footwear,Northeast,Foot Locker,Outlet,Pennsylvania,40,600,15
449,12-11-2021,Women's Athletic Footwear,Northeast,Foot Locker,Outlet,Pennsylvania,45,338,8
450,13-11-2021,Men's Apparel,Northeast,Foot Locker,Outlet,Pennsylvania,60,450,8
451,14-11-2021,Women's Apparel,Northeast,Foot Locker,Outlet,Pennsylvania,50,1000,20
452,15-11-2021,Men's Street Footwear,Northeast,Foot Locker,Outlet,Pennsylvania,60,2820,47
453,16-11-2021,Men's Athletic Footwear,Northeast,Foot Locker,Outlet,Pennsylvania,60,1050,18
454,17-11-2021,Women's Street Footwear,Northeast,Foot Locker,Outlet,Pennsylvania,55,825,15
455,18-11-2021,Women's Athletic Footwear,Northeast,Foot Locker,Outlet,Pennsylvania,55,550,10
456,19-11-2021,Men's Apparel,Northeast,Foot Locker,Outlet,Pennsylvania,65,813,13
457,20-11-2021,Women's Apparel,Northeast,Foot Locker,Outlet,Pennsylvania,70,1750,25
458,21-11-2021,Men's Street Footwear,Northeast,Foot Locker,Outlet,Pennsylvania,65,3250,50
459,22-11-2021,Men's Athletic Footwear,Northeast,Foot Locker,Outlet,Pennsylvania,60,1500,25
460,23-11-2021,Women's Street Footwear,Northeast,Foot Locker,Outlet,Pennsylvania,55,963,18
461,24-11-2021,Women's Athletic Footwear,Northeast,Foot Locker,Outlet,Pennsylvania,55,825,15
462,25-11-2021,Men's Apparel,Northeast,Foot Locker,Outlet,Pennsylvania,65,975,15
463,26-11-2021,Women's Apparel,Northeast,Foot Locker,Outlet,Pennsylvania,70,2100,30
464,27-11-2021,Men's Street Footwear,Northeast,Foot Locker,Outlet,Pennsylvania,65,3250,50
465,28-11-2021,Men's Athletic Footwear,Northeast,Foot Locker,Outlet,Pennsylvania,60,1800,30
466,29-11-2021,Women's Street Footwear,Northeast,Foot Locker,Outlet,Pennsylvania,55,1238,23
467,30-11-2021,Women's Athletic Footwear,Northeast,Foot Locker,Outlet,Pennsylvania,55,963,18
468,01-12-2021,Men's Apparel,Northeast,Foot Locker,Outlet,Pennsylvania,65,1300,20
469,02-12-2021,Women's Apparel,Northeast,Foot Locker,Outlet,Pennsylvania,70,2625,38
470,03-12-2021,Men's Street Footwear,Northeast,Foot Locker,Outlet,Pennsylvania,65,3413,53
471,04-12-2021,Men's Athletic Footwear,Northeast,Foot Locker,Outlet,Pennsylvania,60,1800,30
472,05-12-2021,Women's Street Footwear,Northeast,Foot Locker,Outlet,Pennsylvania,55,1238,23
473,06-12-2021,Women's Athletic Footwear,Northeast,Foot Locker,Outlet,Pennsylvania,55,1100,20
474,07-12-2021,Men's Apparel,Northeast,Foot Locker,Outlet,Pennsylvania,65,1138,18
475,08-12-2021,Women's Apparel,Northeast,Foot Locker,Outlet,Pennsylvania,70,2450,35
476,09-12-2021,Men's Street Footwear,Northeast,Foot Locker,Outlet,Pennsylvania,65,3088,48
477,10-12-2021,Men's Athletic Footwear,Northeast,Foot Locker,Outlet,Pennsylvania,50,1375,28
478,11-12-2021,Women's Street Footwear,Northeast,Foot Locker,Outlet,Pennsylvania,45,900,20
479,12-12-2021,Women's Athletic Footwear,Northeast,Foot Locker,Outlet,Pennsylvania,45,788,18
480,13-12-2021,Men's Apparel,Northeast,Foot Locker,Outlet,Pennsylvania,55,688,13
481,14-12-2021,Women's Apparel,Northeast,Foot Locker,Outlet,Pennsylvania,60,1350,23
482,15-12-2021,Men's Street Footwear,Northeast,Foot Locker,Outlet,Pennsylvania,60,2400,40
483,16-12-2021,Men's Athletic Footwear,Northeast,Foot Locker,Outlet,Pennsylvania,50,1125,23
484,17-12-2021,Women's Street Footwear,Northeast,Foot Locker,Outlet,Pennsylvania,50,625,13
485,18-12-2021,Women's Athletic Footwear,Northeast,Foot Locker,Outlet,Pennsylvania,50,500,10
486,19-12-2021,Men's Apparel,Northeast,Foot Locker,Outlet,Pennsylvania,60,600,10
487,20-12-2021,Women's Apparel,Northeast,Foot Locker,Outlet,Pennsylvania,65,1463,23
488,21-12-2021,Men's Street Footwear,Northeast,Foot Locker,Outlet,Pennsylvania,70,2625,38
489,22-12-2021,Men's Athletic Footwear,Northeast,Foot Locker,Outlet,Pennsylvania,60,1200,20
490,23-12-2021,Women's Street Footwear,Northeast,Foot Locker,Outlet,Pennsylvania,60,1170,20
491,24-12-2021,Women's Athletic Footwear,Northeast,Foot Locker,Outlet,Pennsylvania,60,1050,18
492,25-12-2021,Men's Apparel,Northeast,Foot Locker,Outlet,Pennsylvania,70,1050,15
493,26-12-2021,Women's Apparel,Northeast,Foot Locker,Outlet,Pennsylvania,75,1875,25
494,27-12-2021,Men's Street Footwear,Northeast,Foot Locker,Outlet,Pennsylvania,70,3325,48
495,28-12-2021,Men's Athletic Footwear,Northeast,Foot Locker,Outlet,Pennsylvania,60,1650,28
496,29-12-2021,Women's Street Footwear,Northeast,Foot Locker,Outlet,Pennsylvania,60,1350,23
497,30-12-2021,Women's Athletic Footwear,Northeast,Foot Locker,Outlet,Pennsylvania,60,1050,18
498,31-12-2021,Men's Apparel,Northeast,Foot Locker,Outlet,Pennsylvania,70,1225,18
499,01-01-2020,Women's Apparel,Northeast,Foot Locker,Outlet,Pennsylvania,75,2063,28
500,02-01-2020,Men's Street Footwear,Northeast,West Gear,Outlet,Pennsylvania,35,1575,45
501,03-01-2020,Men's Athletic Footwear,Northeast,West Gear,Outlet,Pennsylvania,45,2025,45
502,04-01-2020,Women's Street Footwear,Northeast,West Gear,Outlet,Pennsylvania,45,2025,45
503,05-01-2020,Women's Athletic Footwear,Northeast,West Gear,Outlet,Pennsylvania,45,1350,30
504,06-01-2020,Men's Apparel,West,West Gear,Outlet,Nevada,50,1250,25
505,07-01-2020,Women's Apparel,West,West Gear,Outlet,Nevada,45,2138,48
506,08-01-2020,Men's Street Footwear,West,West Gear,Outlet,Nevada,35,1838,53
507,09-01-2020,Men's Athletic Footwear,West,West Gear,Outlet,Nevada,45,1913,43
508,10-01-2020,Women's Street Footwear,West,West Gear,Outlet,Nevada,45,1913,43
509,11-01-2020,Women's Athletic Footwear,West,West Gear,Outlet,Nevada,45,1238,28
510,12-01-2020,Men's Apparel,West,West Gear,Outlet,Nevada,50,1000,20
511,13-01-2020,Women's Apparel,West,West Gear,Outlet,Nevada,45,1800,40
512,14-01-2020,Men's Street Footwear,West,West Gear,Outlet,Nevada,45,2475,55
513,15-01-2020,Men's Athletic Footwear,West,West Gear,Outlet,Nevada,55,2200,40
514,16-01-2020,Women's Street Footwear,West,West Gear,Outlet,Nevada,55,2200,40
515,17-01-2020,Women's Athletic Footwear,West,West Gear,Outlet,Nevada,55,1650,30
516,18-01-2020,Men's Apparel,West,West Gear,Outlet,Nevada,60,1050,18
517,19-01-2020,Women's Apparel,West,West Gear,Outlet,Nevada,55,2063,38
518,20-01-2020,Men's Street Footwear,West,West Gear,Outlet,Nevada,60,3300,55
519,21-01-2020,Men's Athletic Footwear,West,West Gear,Outlet,Nevada,65,2275,35
520,22-01-2020,Women's Street Footwear,West,West Gear,Outlet,Nevada,65,2600,40
521,23-01-2020,Women's Athletic Footwear,West,West Gear,Outlet,Nevada,60,1800,30
522,24-01-2020,Men's Apparel,West,West Gear,Outlet,Nevada,65,1300,20
523,25-01-2020,Women's Apparel,West,West Gear,Outlet,Nevada,80,2800,35
524,26-01-2020,Men's Street Footwear,West,West Gear,Outlet,Nevada,60,3300,55
525,27-01-2020,Men's Athletic Footwear,West,West Gear,Outlet,Nevada,65,2600,40
526,28-01-2020,Women's Street Footwear,West,West Gear,Outlet,Nevada,65,2600,40
527,29-01-2020,Women's Athletic Footwear,West,West Gear,Outlet,Nevada,60,1800,30
528,30-01-2020,Men's Apparel,West,West Gear,Outlet,Nevada,65,1300,20
529,31-01-2020,Women's Apparel,West,West Gear,Outlet,Nevada,80,3600,45
530,01-02-2020,Men's Street Footwear,West,West Gear,Outlet,Nevada,60,4200,70
531,02-02-2020,Men's Athletic Footwear,West,West Gear,Outlet,Nevada,65,3575,55
532,03-02-2020,Women's Street Footwear,West,West Gear,Outlet,Nevada,65,3575,55
533,04-02-2020,Women's Athletic Footwear,West,West Gear,Outlet,Nevada,60,2550,43
534,05-02-2020,Men's Apparel,West,West Gear,Outlet,Nevada,65,1950,30
535,06-02-2020,Women's Apparel,West,West Gear,Outlet,Nevada,80,4800,60
536,07-02-2020,Men's Street Footwear,West,West Gear,Outlet,Nevada,60,4500,75
537,08-02-2020,Men's Athletic Footwear,West,West Gear,Outlet,Nevada,65,3900,60
538,09-02-2020,Women's Street Footwear,West,West Gear,In-store,Nevada,65,3575,55
539,10-02-2020,Women's Athletic Footwear,West,West Gear,In-store,Nevada,60,2700,45
540,11-02-2020,Men's Apparel,West,West Gear,In-store,Nevada,65,3250,50
541,12-02-2020,Women's Apparel,West,West Gear,In-store,Nevada,80,4000,50
542,13-02-2020,Men's Street Footwear,West,West Gear,In-store,Nevada,65,4550,70
543,14-02-2020,Men's Athletic Footwear,West,West Gear,In-store,Nevada,70,4550,65
544,15-02-2020,Women's Street Footwear,West,West Gear,In-store,Nevada,65,3413,53
545,16-02-2020,Women's Athletic Footwear,West,West Gear,In-store,Nevada,65,3088,48
546,17-02-2020,Men's Apparel,West,West Gear,In-store,Nevada,75,3563,48
547,18-02-2020,Women's Apparel,West,West Gear,In-store,Nevada,80,3200,40
548,19-02-2020,Men's Street Footwear,West,West Gear,In-store,Nevada,60,3600,60
549,20-02-2020,Men's Athletic Footwear,West,West Gear,In-store,Nevada,65,3900,60
550,21-02-2020,Women's Street Footwear,West,West Gear,In-store,Nevada,60,2700,45
551,22-02-2020,Women's Athletic Footwear,West,West Gear,In-store,Nevada,60,2400,40
552,23-02-2020,Men's Apparel,West,West Gear,In-store,Nevada,70,2800,40
553,24-02-2020,Women's Apparel,West,West Gear,In-store,Nevada,75,3375,45
554,25-02-2020,Men's Street Footwear,West,West Gear,In-store,Nevada,60,3300,55
555,26-02-2020,Men's Athletic Footwear,West,West Gear,In-store,Nevada,65,3575,55
556,27-02-2020,Women's Street Footwear,West,West Gear,In-store,Nevada,60,2250,38
557,28-02-2020,Women's Athletic Footwear,West,West Gear,In-store,Nevada,60,2100,35
558,01-03-2020,Men's Apparel,West,West Gear,In-store,Nevada,70,2275,33
559,02-03-2020,Women's Apparel,West,West Gear,In-store,Nevada,75,2813,38
560,03-03-2020,Men's Street Footwear,West,West Gear,In-store,Nevada,60,3450,58
561,04-03-2020,Men's Athletic Footwear,West,West Gear,In-store,Nevada,65,3738,58
562,05-03-2020,Women's Street Footwear,West,West Gear,In-store,Nevada,60,2550,43
563,06-03-2020,Women's Athletic Footwear,West,West Gear,In-store,Nevada,60,2400,40
564,07-03-2020,Men's Apparel,West,West Gear,In-store,Nevada,70,2450,35
565,08-03-2020,Women's Apparel,West,West Gear,In-store,Nevada,75,3563,48
566,09-03-2020,Men's Street Footwear,West,West Gear,In-store,Nevada,60,4050,68
567,10-03-2020,Men's Athletic Footwear,West,West Gear,In-store,Nevada,65,4388,68
568,11-03-2020,Women's Street Footwear,West,West Gear,In-store,Nevada,60,2850,48
569,12-03-2020,Women's Athletic Footwear,West,West Gear,In-store,Nevada,60,2850,48
570,13-03-2020,Men's Apparel,West,West Gear,In-store,Nevada,70,2800,40
571,14-03-2020,Women's Apparel,West,West Gear,In-store,Nevada,75,3750,50
572,15-03-2020,Men's Street Footwear,West,West Gear,In-store,Nevada,30,1275,43
573,16-03-2020,Men's Athletic Footwear,West,West Gear,In-store,Nevada,40,1700,43
574,17-03-2020,Women's Street Footwear,West,West Gear,In-store,Nevada,40,1700,43
575,18-03-2020,Women's Athletic Footwear,West,West Gear,In-store,Nevada,40,1100,28
576,19-03-2020,Men's Apparel,West,West Gear,In-store,Colorado,45,1013,23
577,20-03-2020,Women's Apparel,West,West Gear,In-store,Colorado,40,1900,48
578,21-03-2020,Men's Street Footwear,West,West Gear,In-store,Colorado,30,1575,53
579,22-03-2020,Men's Athletic Footwear,West,West Gear,In-store,Colorado,40,1700,43
580,23-03-2020,Women's Street Footwear,West,West Gear,In-store,Colorado,40,1700,43
581,24-03-2020,Women's Athletic Footwear,West,West Gear,In-store,Colorado,40,1100,28
582,25-03-2020,Men's Apparel,West,West Gear,In-store,Colorado,45,900,20
583,26-03-2020,Women's Apparel,West,West Gear,In-store,Colorado,40,1600,40
584,27-03-2020,Men's Street Footwear,West,West Gear,In-store,Colorado,40,2200,55
585,28-03-2020,Men's Athletic Footwear,West,West Gear,In-store,Colorado,50,2000,40
586,29-03-2020,Women's Street Footwear,West,West Gear,In-store,Colorado,55,2200,40
587,30-03-2020,Women's Athletic Footwear,West,West Gear,In-store,Colorado,55,1650,30
588,31-03-2020,Men's Apparel,West,West Gear,In-store,Colorado,60,900,15
589,01-04-2020,Women's Apparel,West,West Gear,In-store,Colorado,55,1925,35
590,02-04-2020,Men's Street Footwear,West,West Gear,In-store,Colorado,60,3150,53
591,03-04-2020,Men's Athletic Footwear,West,West Gear,In-store,Colorado,65,2113,33
592,04-04-2020,Women's Street Footwear,West,West Gear,In-store,Colorado,65,2438,38
593,05-04-2020,Women's Athletic Footwear,West,West Gear,In-store,Colorado,60,1650,28
594,06-04-2020,Men's Apparel,West,West Gear,In-store,Colorado,65,1138,18
595,07-04-2020,Women's Apparel,West,West Gear,In-store,Colorado,80,2600,33
596,08-04-2020,Men's Street Footwear,West,West Gear,In-store,Colorado,60,3150,53
597,09-04-2020,Men's Athletic Footwear,West,West Gear,In-store,Colorado,65,2438,38
598,10-04-2020,Women's Street Footwear,West,West Gear,In-store,Colorado,65,2438,38
599,11-04-2020,Women's Athletic Footwear,West,West Gear,In-store,Colorado,60,1650,28
600,12-04-2020,Men's Apparel,West,West Gear,In-store,Colorado,65,1138,18
601,13-04-2020,Women's Apparel,West,West Gear,In-store,Colorado,80,3800,48
602,14-04-2020,Men's Street Footwear,West,West Gear,In-store,Colorado,60,4350,73
603,15-04-2020,Men's Athletic Footwear,West,West Gear,In-store,Colorado,65,3738,58
604,16-04-2020,Women's Street Footwear,West,West Gear,In-store,Colorado,65,3738,58
605,17-04-2020,Women's Athletic Footwear,West,West Gear,In-store,Colorado,65,2925,45
606,18-04-2020,Men's Apparel,West,West Gear,In-store,Colorado,70,2275,33
607,19-04-2020,Women's Apparel,West,West Gear,In-store,Colorado,85,5313,63
608,20-04-2020,Men's Street Footwear,West,West Gear,In-store,Colorado,65,5038,78
609,21-04-2020,Men's Athletic Footwear,West,West Gear,In-store,Colorado,70,4375,63
610,22-04-2020,Women's Street Footwear,West,West Gear,In-store,Colorado,70,4025,58
611,23-04-2020,Women's Athletic Footwear,West,West Gear,In-store,Colorado,65,3088,48
612,24-04-2020,Men's Apparel,West,West Gear,In-store,Colorado,70,3675,53
613,25-04-2020,Women's Apparel,West,West Gear,In-store,Colorado,85,4463,53
614,26-04-2020,Men's Street Footwear,West,West Gear,In-store,Colorado,70,5075,73
615,27-04-2020,Men's Athletic Footwear,West,West Gear,In-store,Colorado,75,5063,68
616,28-04-2020,Women's Street Footwear,West,West Gear,In-store,Colorado,70,3850,55
617,29-04-2020,Women's Athletic Footwear,West,West Gear,In-store,Colorado,70,3500,50
618,30-04-2020,Men's Apparel,West,West Gear,In-store,Colorado,75,3750,50
619,01-05-2020,Women's Apparel,West,West Gear,In-store,Colorado,80,3200,40
620,02-05-2020,Men's Street Footwear,West,West Gear,In-store,Colorado,65,3900,60
621,03-05-2020,Men's Athletic Footwear,West,West Gear,In-store,Colorado,70,4200,60
622,04-05-2020,Women's Street Footwear,West,West Gear,In-store,Colorado,65,2925,45
623,05-05-2020,Women's Athletic Footwear,West,West Gear,In-store,Colorado,65,2600,40
624,06-05-2020,Men's Apparel,West,West Gear,In-store,Colorado,75,3000,40
625,07-05-2020,Women's Apparel,West,West Gear,In-store,Colorado,70,2975,43
626,08-05-2020,Men's Street Footwear,West,West Gear,In-store,Colorado,55,2888,53
627,09-05-2020,Men's Athletic Footwear,West,West Gear,In-store,Colorado,60,3150,53
628,10-05-2020,Women's Street Footwear,West,West Gear,In-store,Colorado,55,1925,35
629,11-05-2020,Women's Athletic Footwear,West,West Gear,In-store,Colorado,55,1788,33
630,12-05-2020,Men's Apparel,West,West Gear,In-store,Colorado,65,1950,30
631,13-05-2020,Women's Apparel,West,West Gear,In-store,Colorado,70,2450,35
632,14-05-2020,Men's Street Footwear,West,West Gear,In-store,Colorado,55,3163,58
633,15-05-2020,Men's Athletic Footwear,West,West Gear,In-store,Colorado,60,3450,58
634,16-05-2020,Women's Street Footwear,West,West Gear,In-store,Colorado,55,2338,43
635,17-05-2020,Women's Athletic Footwear,West,West Gear,In-store,Colorado,65,2600,40
636,18-05-2020,Men's Apparel,West,West Gear,In-store,Colorado,75,2813,38
637,19-05-2020,Women's Apparel,West,West Gear,In-store,Colorado,80,4000,50
638,20-05-2020,Men's Street Footwear,West,West Gear,In-store,Colorado,65,4550,70
639,21-05-2020,Men's Athletic Footwear,West,West Gear,In-store,Colorado,70,4900,70
640,22-05-2020,Women's Street Footwear,West,West Gear,In-store,Colorado,65,3250,50
641,23-05-2020,Women's Athletic Footwear,West,West Gear,In-store,Colorado,65,3250,50
642,24-05-2020,Men's Apparel,West,West Gear,In-store,Colorado,75,3188,43
643,25-05-2020,Women's Apparel,West,West Gear,In-store,Colorado,80,4200,53
644,26-05-2020,Men's Street Footwear,West,West Gear,In-store,Colorado,40,1800,45
645,27-05-2020,Men's Athletic Footwear,West,West Gear,In-store,Colorado,50,2250,45
646,28-05-2020,Women's Street Footwear,West,West Gear,In-store,Colorado,50,2250,45
647,29-05-2020,Women's Athletic Footwear,West,West Gear,In-store,Colorado,50,1500,30
648,30-05-2020,Men's Apparel,West,West Gear,In-store,Washington,55,1375,25
649,31-05-2020,Women's Apparel,West,West Gear,In-store,Washington,50,2500,50
650,01-06-2020,Men's Street Footwear,West,West Gear,In-store,Washington,40,2200,55
651,02-06-2020,Men's Athletic Footwear,West,West Gear,In-store,Washington,50,2250,45
652,03-06-2020,Women's Street Footwear,West,West Gear,In-store,Washington,50,2250,45
653,04-06-2020,Women's Athletic Footwear,West,West Gear,In-store,Washington,50,1500,30
654,05-06-2020,Men's Apparel,West,West Gear,In-store,Washington,55,1238,23
655,06-06-2020,Women's Apparel,West,West Gear,In-store,Washington,50,2125,43
656,07-06-2020,Men's Street Footwear,West,West Gear,In-store,Washington,50,2875,58
657,08-06-2020,Men's Athletic Footwear,West,West Gear,In-store,Washington,60,2550,43
658,09-06-2020,Women's Street Footwear,West,West Gear,In-store,Washington,65,2763,43
659,10-06-2020,Women's Athletic Footwear,West,West Gear,In-store,Washington,65,2113,33
660,11-06-2020,Men's Apparel,West,West Gear,In-store,Washington,70,1225,18
661,12-06-2020,Women's Apparel,West,West Gear,In-store,Washington,65,2438,38
662,13-06-2020,Men's Street Footwear,West,West Gear,In-store,Washington,70,3850,55
663,14-06-2020,Men's Athletic Footwear,West,West Gear,In-store,Washington,75,2625,35
664,15-06-2020,Women's Street Footwear,West,West Gear,In-store,Washington,75,3000,40
665,16-06-2020,Women's Athletic Footwear,West,West Gear,In-store,Washington,60,1800,30
666,17-06-2020,Men's Apparel,West,West Gear,In-store,Washington,65,1300,20
667,18-06-2020,Women's Apparel,West,West Gear,In-store,Washington,80,2800,35
668,19-06-2020,Men's Street Footwear,West,West Gear,In-store,Washington,60,3300,55
669,20-06-2020,Men's Athletic Footwear,West,West Gear,In-store,Washington,65,2600,40
670,21-06-2020,Women's Street Footwear,West,West Gear,In-store,Washington,65,2600,40
671,22-06-2020,Women's Athletic Footwear,West,West Gear,In-store,Washington,60,1800,30
672,23-06-2020,Men's Apparel,West,West Gear,In-store,Washington,65,1300,20
673,24-06-2020,Women's Apparel,West,West Gear,In-store,Washington,80,4000,50
674,25-06-2020,Men's Street Footwear,West,West Gear,In-store,Washington,75,5625,75
675,26-06-2020,Men's Athletic Footwear,West,West Gear,In-store,Washington,80,5000,63
676,27-06-2020,Women's Street Footwear,West,West Gear,In-store,Washington,80,5000,63
677,28-06-2020,Women's Athletic Footwear,West,West Gear,In-store,Washington,80,4000,50
678,29-06-2020,Men's Apparel,West,West Gear,In-store,Washington,85,3188,38
679,30-06-2020,Women's Apparel,West,West Gear,In-store,Washington,100,6750,68
680,01-07-2020,Men's Street Footwear,West,West Gear,In-store,Washington,80,6600,83
681,02-07-2020,Men's Athletic Footwear,West,West Gear,In-store,Washington,85,5738,68
682,03-07-2020,Women's Street Footwear,West,West Gear,In-store,Washington,85,5313,63
683,04-07-2020,Women's Athletic Footwear,West,West Gear,In-store,Washington,80,4200,53
684,05-07-2020,Men's Apparel,West,West Gear,In-store,Washington,85,4888,58
685,06-07-2020,Women's Apparel,West,West Gear,In-store,Washington,100,5750,58
686,07-07-2020,Men's Street Footwear,West,West Gear,In-store,Washington,85,6588,78
687,08-07-2020,Men's Athletic Footwear,West,West Gear,In-store,Washington,80,6000,75
688,09-07-2020,Women's Street Footwear,West,West Gear,In-store,Washington,75,4688,63
689,10-07-2020,Women's Athletic Footwear,West,West Gear,In-store,Washington,75,4313,58
690,11-07-2020,Men's Apparel,West,West Gear,In-store,Washington,75,4313,58
691,12-07-2020,Women's Apparel,West,West Gear,In-store,Washington,80,3200,40
692,13-07-2020,Men's Street Footwear,West,West Gear,In-store,Washington,70,4200,60
693,14-07-2020,Men's Athletic Footwear,West,West Gear,In-store,Washington,75,4500,60
694,15-07-2020,Women's Street Footwear,West,West Gear,In-store,Washington,70,3150,45
695,16-07-2020,Women's Athletic Footwear,West,West Gear,In-store,Washington,70,2800,40
696,17-07-2020,Men's Apparel,West,West Gear,In-store,Washington,80,3400,43
697,18-07-2020,Women's Apparel,West,West Gear,In-store,Washington,65,2925,45
698,19-07-2020,Men's Street Footwear,West,West Gear,In-store,Washington,60,3300,55
699,20-07-2020,Men's Athletic Footwear,West,West Gear,In-store,Washington,65,3575,55
700,21-07-2020,Women's Street Footwear,West,West Gear,In-store,Washington,60,2250,38
701,22-07-2020,Women's Athletic Footwear,West,West Gear,In-store,Washington,60,2100,35
702,23-07-2020,Men's Apparel,West,West Gear,In-store,Washington,70,2275,33
703,24-07-2020,Women's Apparel,West,West Gear,In-store,Washington,75,2813,38
704,25-07-2020,Men's Street Footwear,West,West Gear,In-store,Washington,60,3600,60
705,26-07-2020,Men's Athletic Footwear,West,West Gear,In-store,Washington,65,4063,63
706,27-07-2020,Women's Street Footwear,West,West Gear,In-store,Washington,60,2850,48
707,28-07-2020,Women's Athletic Footwear,West,West Gear,In-store,Washington,70,3150,45
708,29-07-2020,Men's Apparel,West,West Gear,In-store,Washington,90,3825,43
709,30-07-2020,Women's Apparel,West,West Gear,In-store,Washington,95,5225,55
710,31-07-2020,Men's Street Footwear,West,West Gear,In-store,Washington,80,6000,75
711,01-08-2020,Men's Athletic Footwear,West,West Gear,In-store,Washington,85,6375,75
712,02-08-2020,Women's Street Footwear,West,West Gear,In-store,Washington,80,4400,55
713,03-08-2020,Women's Athletic Footwear,West,West Gear,In-store,Washington,80,4400,55
714,04-08-2020,Men's Apparel,West,West Gear,In-store,Washington,90,4275,48
715,05-08-2020,Women's Apparel,West,West Gear,In-store,Washington,95,5463,58
716,06-08-2020,Men's Street Footwear,West,Foot Locker,In-store,Washington,45,4725,105
717,07-08-2020,Men's Athletic Footwear,West,Foot Locker,In-store,Washington,45,3825,85
718,08-08-2020,Women's Street Footwear,West,Foot Locker,In-store,Washington,35,2975,85
719,09-08-2020,Women's Athletic Footwear,West,Foot Locker,In-store,Washington,40,2800,70
720,10-08-2020,Men's Apparel,Southeast,Foot Locker,In-store,Florida,55,4125,75
721,11-08-2020,Women's Apparel,Southeast,Foot Locker,In-store,Florida,45,3825,85
722,12-08-2020,Men's Street Footwear,Southeast,Foot Locker,In-store,Florida,45,4950,110
723,13-08-2020,Men's Athletic Footwear,Southeast,Foot Locker,In-store,Florida,45,3375,75
724,14-08-2020,Women's Street Footwear,Southeast,Foot Locker,In-store,Florida,35,2800,80
725,15-08-2020,Women's Athletic Footwear,Southeast,West Gear,In-store,Florida,40,2700,68
726,16-08-2020,Men's Apparel,Southeast,Foot Locker,In-store,Florida,55,4125,75
727,17-08-2020,Women's Apparel,Southeast,Foot Locker,In-store,Florida,45,3825,85
728,18-08-2020,Men's Street Footwear,Southeast,Foot Locker,In-store,Florida,45,4815,107
729,19-08-2020,Men's Athletic Footwear,Southeast,Foot Locker,In-store,Florida,45,3375,75
730,20-08-2020,Women's Street Footwear,Southeast,Foot Locker,In-store,Florida,35,2713,78
731,21-08-2020,Women's Athletic Footwear,Southeast,Foot Locker,In-store,Florida,40,2500,63
732,22-08-2020,Men's Apparel,Southeast,Foot Locker,In-store,Florida,55,3713,68
733,23-08-2020,Women's Apparel,Southeast,Foot Locker,In-store,Florida,45,3488,78
734,24-04-2020,Men's Street Footwear,Southeast,Foot Locker,In-store,Florida,45,4613,103
735,24-04-2020,Men's Athletic Footwear,Southeast,Foot Locker,In-store,Florida,45,3263,73
736,24-04-2020,Women's Street Footwear,Southeast,West Gear,In-store,Florida,35,2538,73
737,24-04-2020,Women's Athletic Footwear,Southeast,West Gear,In-store,Florida,40,2600,65
738,24-04-2020,Men's Apparel,Southeast,West Gear,In-store,Florida,55,3713,68
739,24-04-2020,Women's Apparel,Southeast,West Gear,In-store,Florida,45,3600,80
740,24-04-2020,Men's Street Footwear,Southeast,West Gear,In-store,Florida,55,5885,107
741,24-04-2020,Men's Athletic Footwear,Southeast,West Gear,In-store,Florida,55,4263,78
742,24-04-2020,Women's Street Footwear,Southeast,West Gear,In-store,Florida,50,3750,75
743,24-04-2020,Women's Athletic Footwear,Southeast,West Gear,In-store,Florida,50,3500,70
744,24-04-2020,Men's Apparel,Southeast,West Gear,In-store,Florida,60,4350,73
745,24-04-2020,Women's Apparel,Southeast,West Gear,In-store,Florida,65,5363,83
746,24-04-2020,Men's Street Footwear,Southeast,West Gear,In-store,Florida,60,6450,108
747,24-04-2020,Men's Athletic Footwear,Southeast,West Gear,In-store,Florida,55,4538,83
748,07-09-2020,Women's Street Footwear,Southeast,West Gear,In-store,Florida,50,4000,80
749,08-09-2020,Women's Athletic Footwear,Southeast,West Gear,In-store,Florida,50,3875,78
750,09-09-2020,Men's Apparel,Southeast,West Gear,In-store,Florida,65,5038,78
751,10-09-2020,Women's Apparel,Southeast,West Gear,In-store,Florida,70,6475,93
752,11-09-2020,Men's Street Footwear,Southeast,West Gear,In-store,Florida,65,7475,115
753,12-09-2020,Men's Athletic Footwear,Southeast,West Gear,In-store,Florida,60,5400,90
754,13-09-2020,Women's Street Footwear,Southeast,West Gear,In-store,Florida,55,4538,83
755,14-09-2020,Women's Athletic Footwear,Southeast,West Gear,In-store,Florida,55,4263,78
756,15-09-2020,Men's Apparel,Southeast,West Gear,In-store,Florida,65,5200,80
757,16-09-2020,Women's Apparel,Southeast,West Gear,In-store,Florida,70,6825,98
758,17-09-2020,Men's Street Footwear,Southeast,West Gear,In-store,Florida,65,7313,113
759,18-09-2020,Men's Athletic Footwear,Southeast,West Gear,In-store,Florida,60,5400,90
760,19-09-2020,Women's Street Footwear,Southeast,West Gear,In-store,Florida,55,4538,83
761,20-09-2020,Women's Athletic Footwear,Southeast,Foot Locker,In-store,Florida,45,3488,78
762,21-09-2020,Men's Apparel,Southeast,Foot Locker,In-store,Florida,55,4125,75
763,22-09-2020,Women's Apparel,Southeast,Foot Locker,In-store,Florida,60,5550,93
764,23-09-2020,Men's Street Footwear,Southeast,Foot Locker,In-store,Florida,55,5775,105
765,24-09-2020,Men's Athletic Footwear,Southeast,Foot Locker,In-store,Florida,50,4250,85
766,25-09-2020,Women's Street Footwear,Southeast,Sports Direct,In-store,Florida,45,3375,75
767,26-09-2020,Women's Athletic Footwear,Southeast,Sports Direct,In-store,Florida,45,3263,73
768,27-09-2020,Men's Apparel,Southeast,Sports Direct,In-store,Florida,55,3988,73
769,28-09-2020,Women's Apparel,Southeast,Sports Direct,In-store,Florida,60,4950,83
770,29-09-2020,Men's Street Footwear,Southeast,Sports Direct,In-store,Florida,60,6000,100
771,30-09-2020,Men's Athletic Footwear,Southeast,Sports Direct,In-store,Florida,50,4125,83
772,01-10-2020,Women's Street Footwear,Southeast,Sports Direct,In-store,Florida,50,3625,73
773,02-10-2020,Women's Athletic Footwear,Southeast,Sports Direct,In-store,Florida,50,3500,70
774,03-10-2020,Men's Apparel,Southeast,Sports Direct,In-store,Florida,60,4200,70
775,04-10-2020,Women's Apparel,Southeast,Sports Direct,In-store,Florida,65,5363,83
776,05-10-2020,Men's Street Footwear,Southeast,Sports Direct,In-store,Florida,60,5850,98
777,06-10-2020,Men's Athletic Footwear,Southeast,Sports Direct,In-store,Florida,50,4000,80
778,07-10-2020,Women's Street Footwear,Southeast,Sports Direct,In-store,Florida,50,3725,75
779,08-10-2020,Women's Athletic Footwear,Southeast,Sports Direct,In-store,Florida,50,3875,78
780,09-10-2020,Men's Apparel,Southeast,Sports Direct,In-store,Florida,65,4875,75
781,10-10-2020,Women's Apparel,Southeast,Sports Direct,In-store,Florida,70,5950,85
782,24-05-2020,Men's Street Footwear,Southeast,Sports Direct,In-store,Florida,65,6988,108
783,24-05-2020,Men's Athletic Footwear,Southeast,Sports Direct,In-store,Florida,55,4813,88
784,24-05-2020,Women's Street Footwear,Southeast,Sports Direct,In-store,Florida,55,4538,83
785,24-05-2020,Women's Athletic Footwear,Southeast,Sports Direct,In-store,Florida,55,4263,78
786,24-05-2020,Men's Apparel,Southeast,Foot Locker,In-store,Florida,65,5038,78
787,24-05-2020,Women's Apparel,Southeast,Foot Locker,In-store,Florida,70,6125,88
788,17-10-2020,Men's Street Footwear,Southeast,Foot Locker,In-store,Florida,35,1575,45
789,18-10-2020,Men's Athletic Footwear,Southeast,Foot Locker,In-store,Florida,35,875,25
790,19-10-2020,Women's Street Footwear,Southeast,Foot Locker,In-store,Florida,25,625,25
791,20-10-2020,Women's Athletic Footwear,Southeast,Foot Locker,In-store,Florida,30,300,10
792,21-10-2020,Men's Apparel,Midwest,Foot Locker,In-store,Minnesota,45,675,15
793,22-10-2020,Women's Apparel,Midwest,Foot Locker,In-store,Minnesota,35,875,25
794,23-10-2020,Men's Street Footwear,Midwest,Foot Locker,In-store,Minnesota,35,1750,50
795,24-10-2020,Men's Athletic Footwear,Midwest,Foot Locker,In-store,Minnesota,35,525,15
796,25-10-2020,Women's Street Footwear,Midwest,Foot Locker,In-store,Minnesota,25,500,20
797,26-10-2020,Women's Athletic Footwear,Midwest,Foot Locker,In-store,Minnesota,30,225,8
798,27-10-2020,Men's Apparel,Midwest,Foot Locker,In-store,Minnesota,45,675,15
799,28-10-2020,Women's Apparel,Midwest,Foot Locker,In-store,Minnesota,35,788,23
800,29-10-2020,Men's Street Footwear,Midwest,Foot Locker,In-store,Minnesota,40,1780,45
801,30-10-2020,Men's Athletic Footwear,Midwest,Foot Locker,In-store,Minnesota,40,500,13
802,31-10-2020,Women's Street Footwear,Midwest,Foot Locker,In-store,Minnesota,30,525,18
803,01-11-2020,Women's Athletic Footwear,Midwest,Foot Locker,In-store,Minnesota,35,88,3
804,02-11-2020,Men's Apparel,Midwest,Foot Locker,In-store,Minnesota,50,375,8
805,03-11-2020,Women's Apparel,Midwest,Foot Locker,In-store,Minnesota,40,700,18
806,04-11-2020,Men's Street Footwear,Midwest,Foot Locker,In-store,Minnesota,40,1600,40
807,05-11-2020,Men's Athletic Footwear,Midwest,Foot Locker,In-store,Minnesota,40,400,10
808,06-11-2020,Women's Street Footwear,Midwest,Foot Locker,In-store,Minnesota,30,300,10
809,07-11-2020,Women's Athletic Footwear,Midwest,Foot Locker,In-store,Minnesota,35,88,3
810,08-11-2020,Men's Apparel,Midwest,Foot Locker,In-store,Minnesota,50,250,5
811,09-11-2020,Women's Apparel,Midwest,Foot Locker,In-store,Minnesota,40,700,18
812,10-11-2020,Men's Street Footwear,Midwest,Foot Locker,In-store,Minnesota,50,2225,45
813,11-11-2020,Men's Athletic Footwear,Midwest,Foot Locker,In-store,Minnesota,45,675,15
814,12-11-2020,Women's Street Footwear,Midwest,Foot Locker,In-store,Minnesota,40,500,13
815,13-11-2020,Women's Athletic Footwear,Midwest,Foot Locker,In-store,Minnesota,40,200,5
816,14-11-2020,Men's Apparel,Midwest,Foot Locker,In-store,Minnesota,55,413,8
817,15-11-2020,Women's Apparel,Midwest,Foot Locker,In-store,Minnesota,60,1050,18
818,16-11-2020,Men's Street Footwear,Midwest,Foot Locker,Outlet,Minnesota,45,1913,43
819,17-11-2020,Men's Athletic Footwear,Midwest,Foot Locker,Outlet,Minnesota,40,700,18
820,18-11-2020,Women's Street Footwear,Midwest,Foot Locker,Outlet,Minnesota,35,613,18
821,19-11-2020,Women's Athletic Footwear,Midwest,Foot Locker,Outlet,Minnesota,35,525,15
822,20-11-2020,Men's Apparel,Midwest,Foot Locker,Outlet,Minnesota,50,750,15
823,21-11-2020,Women's Apparel,Midwest,Foot Locker,Outlet,Minnesota,55,1788,33
824,22-11-2020,Men's Street Footwear,Midwest,Foot Locker,Outlet,Minnesota,50,2750,55
825,23-11-2020,Men's Athletic Footwear,Midwest,Foot Locker,Outlet,Minnesota,45,1350,30
826,24-11-2020,Women's Street Footwear,Midwest,Foot Locker,Outlet,Minnesota,40,900,23
827,25-11-2020,Women's Athletic Footwear,Midwest,Foot Locker,Outlet,Minnesota,40,700,18
828,26-11-2020,Men's Apparel,Midwest,Foot Locker,Outlet,Minnesota,50,1000,20
829,27-11-2020,Women's Apparel,Midwest,Foot Locker,Outlet,Minnesota,55,2063,38
830,28-11-2020,Men's Street Footwear,Midwest,Foot Locker,Outlet,Minnesota,50,2625,53
831,29-11-2020,Men's Athletic Footwear,Midwest,Foot Locker,Outlet,Minnesota,45,1350,30
832,30-11-2020,Women's Street Footwear,Midwest,Foot Locker,Outlet,Minnesota,40,900,23
833,01-12-2020,Women's Athletic Footwear,Midwest,Foot Locker,Outlet,Minnesota,35,613,18
834,02-12-2020,Men's Apparel,Midwest,Foot Locker,Outlet,Minnesota,45,675,15
835,03-12-2020,Women's Apparel,Midwest,Foot Locker,Outlet,Minnesota,50,1625,33
836,04-12-2020,Men's Street Footwear,Midwest,Foot Locker,Outlet,Minnesota,45,2025,45
837,05-12-2020,Men's Athletic Footwear,Midwest,Foot Locker,Outlet,Minnesota,40,1000,25
838,06-12-2020,Women's Street Footwear,Midwest,Foot Locker,Outlet,Minnesota,25,375,15
839,07-12-2020,Women's Athletic Footwear,Midwest,Foot Locker,Outlet,Minnesota,25,313,13
840,08-12-2020,Men's Apparel,Midwest,Foot Locker,Outlet,Minnesota,35,438,13
841,09-12-2020,Women's Apparel,Midwest,Foot Locker,Outlet,Minnesota,40,800,20
842,10-12-2020,Men's Street Footwear,Midwest,Foot Locker,Outlet,Minnesota,45,1688,38
843,11-12-2020,Men's Athletic Footwear,Midwest,Foot Locker,Outlet,Minnesota,35,700,20
844,12-12-2020,Women's Street Footwear,Midwest,Foot Locker,Outlet,Minnesota,35,350,10
845,13-12-2020,Women's Athletic Footwear,Midwest,Foot Locker,Outlet,Minnesota,35,263,8
846,14-12-2020,Men's Apparel,Midwest,Foot Locker,Outlet,Minnesota,45,338,8
847,15-12-2020,Women's Apparel,Midwest,Foot Locker,Outlet,Minnesota,50,1000,20
848,16-12-2020,Men's Street Footwear,Midwest,Foot Locker,Outlet,Minnesota,50,1750,35
849,17-12-2020,Men's Athletic Footwear,Midwest,Foot Locker,Outlet,Minnesota,40,800,20
850,18-12-2020,Women's Street Footwear,Midwest,Foot Locker,Outlet,Minnesota,40,580,15
851,19-12-2020,Women's Athletic Footwear,Midwest,Foot Locker,Outlet,Minnesota,40,600,15
852,20-12-2020,Men's Apparel,Midwest,Foot Locker,Outlet,Minnesota,55,688,13
853,21-12-2020,Women's Apparel,Midwest,Foot Locker,Outlet,Minnesota,60,1350,23
854,22-12-2020,Men's Street Footwear,Midwest,Foot Locker,Outlet,Minnesota,55,2613,48
855,23-12-2020,Men's Athletic Footwear,Midwest,Foot Locker,Outlet,Minnesota,45,1238,28
856,24-12-2020,Women's Street Footwear,Midwest,Foot Locker,Outlet,Minnesota,45,1013,23
857,25-12-2020,Women's Athletic Footwear,Midwest,Foot Locker,Outlet,Minnesota,45,788,18
858,26-12-2020,Men's Apparel,Midwest,Foot Locker,Outlet,Minnesota,55,963,18
859,27-12-2020,Women's Apparel,Midwest,Foot Locker,Outlet,Minnesota,60,1650,28
860,28-12-2020,Men's Street Footwear,Midwest,Kohl's,Outlet,Minnesota,35,1663,48
861,29-12-2020,Men's Athletic Footwear,Midwest,Kohl's,Outlet,Minnesota,45,2138,48
862,30-12-2020,Women's Street Footwear,Midwest,Kohl's,Outlet,Minnesota,45,2138,48
863,31-12-2020,Women's Athletic Footwear,Midwest,Kohl's,Outlet,Minnesota,45,1463,33
864,01-01-2021,Men's Apparel,Midwest,Kohl's,Outlet,Montana,50,1375,28
865,02-01-2021,Women's Apparel,Midwest,Kohl's,Outlet,Montana,45,2138,48
866,03-01-2021,Men's Street Footwear,Midwest,Kohl's,Outlet,Montana,35,1838,53
867,04-01-2021,Men's Athletic Footwear,Midwest,Kohl's,Outlet,Montana,45,1913,43
868,05-01-2021,Women's Street Footwear,Midwest,Kohl's,Outlet,Montana,45,2025,45
869,06-01-2021,Women's Athletic Footwear,Midwest,Kohl's,Outlet,Montana,45,1350,30
870,07-01-2021,Men's Apparel,Midwest,Kohl's,Outlet,Montana,50,1125,23
871,08-01-2021,Women's Apparel,Midwest,Kohl's,Outlet,Montana,45,1913,43
872,09-01-2021,Men's Street Footwear,Midwest,Kohl's,Outlet,Montana,35,2013,58
873,10-01-2021,Men's Athletic Footwear,Midwest,Kohl's,Outlet,Montana,45,1913,43
874,11-01-2021,Women's Street Footwear,Midwest,Kohl's,Outlet,Montana,45,1913,43
875,12-01-2021,Women's Athletic Footwear,Midwest,Kohl's,Outlet,Montana,45,1463,33
876,13-01-2021,Men's Apparel,Midwest,Kohl's,Outlet,Montana,50,1000,20
877,14-01-2021,Women's Apparel,Midwest,Kohl's,Outlet,Montana,45,1800,40
878,15-01-2021,Men's Street Footwear,Midwest,Kohl's,Outlet,Montana,45,2588,58
879,16-01-2021,Men's Athletic Footwear,Midwest,Kohl's,Outlet,Montana,45,1688,38
880,17-01-2021,Women's Street Footwear,Midwest,Kohl's,Outlet,Montana,45,1800,40
881,18-01-2021,Women's Athletic Footwear,Midwest,Kohl's,Outlet,Montana,40,1200,30
882,19-01-2021,Men's Apparel,Midwest,Kohl's,Outlet,Montana,45,900,20
883,20-01-2021,Women's Apparel,Midwest,Kohl's,Outlet,Montana,60,2250,38
884,21-01-2021,Men's Street Footwear,Midwest,Kohl's,Outlet,Montana,40,2300,58
885,22-01-2021,Men's Athletic Footwear,Midwest,Kohl's,Outlet,Montana,45,1913,43
886,23-01-2021,Women's Street Footwear,Midwest,Kohl's,Outlet,Montana,45,1913,43
887,24-01-2021,Women's Athletic Footwear,Midwest,Kohl's,Outlet,Montana,40,1300,33
888,25-01-2021,Men's Apparel,Midwest,Kohl's,Outlet,Montana,45,1013,23
889,26-01-2021,Women's Apparel,Midwest,Kohl's,Outlet,Montana,60,2400,40
890,27-01-2021,Men's Street Footwear,Midwest,Kohl's,Outlet,Montana,40,2700,68
891,28-01-2021,Men's Athletic Footwear,Midwest,Kohl's,Outlet,Montana,45,2363,53
892,29-01-2021,Women's Street Footwear,Midwest,Kohl's,Outlet,Montana,45,2475,55
893,30-01-2021,Women's Athletic Footwear,Midwest,Kohl's,Outlet,Montana,40,1700,43
894,31-01-2021,Men's Apparel,Midwest,Kohl's,Outlet,Montana,45,1350,30
895,01-02-2021,Women's Apparel,Midwest,Kohl's,Outlet,Montana,60,3600,60
896,02-02-2021,Men's Street Footwear,Midwest,Kohl's,Outlet,Montana,40,3000,75
897,03-02-2021,Men's Athletic Footwear,Midwest,Kohl's,Outlet,Montana,45,2700,60
898,04-02-2021,Women's Street Footwear,Midwest,Kohl's,Outlet,Montana,45,2475,55
899,05-02-2021,Women's Athletic Footwear,Midwest,Kohl's,Outlet,Montana,40,1800,45
900,06-02-2021,Men's Apparel,Midwest,Kohl's,Outlet,Montana,45,2138,48
901,07-02-2021,Women's Apparel,Midwest,Kohl's,Outlet,Montana,60,2850,48
902,08-02-2021,Men's Street Footwear,Midwest,Kohl's,Outlet,Montana,45,3038,68
903,09-02-2021,Men's Athletic Footwear,Midwest,Kohl's,Outlet,Montana,55,3438,63
904,10-02-2021,Women's Street Footwear,Midwest,Kohl's,Outlet,Montana,50,2500,50
905,11-02-2021,Women's Athletic Footwear,Midwest,Kohl's,Outlet,Montana,45,1913,43
906,12-02-2021,Men's Apparel,Midwest,Kohl's,Outlet,Montana,55,2338,43
907,13-02-2021,Women's Apparel,Midwest,Kohl's,Outlet,Montana,60,2400,40
908,14-02-2021,Men's Street Footwear,Midwest,Kohl's,Outlet,Montana,45,2700,60
909,15-02-2021,Men's Athletic Footwear,Midwest,Kohl's,Outlet,Montana,50,3000,60
910,16-02-2021,Women's Street Footwear,Midwest,Kohl's,Outlet,Montana,45,2025,45
911,17-02-2021,Women's Athletic Footwear,Midwest,Kohl's,Outlet,Montana,45,1800,40
912,18-02-2021,Men's Apparel,Midwest,Kohl's,Outlet,Montana,55,2200,40
913,19-02-2021,Women's Apparel,Midwest,Kohl's,Outlet,Montana,60,2700,45
914,20-02-2021,Men's Street Footwear,Midwest,Kohl's,Outlet,Montana,45,2475,55
915,21-02-2021,Men's Athletic Footwear,Midwest,Kohl's,Outlet,Montana,50,2750,55
916,22-02-2021,Women's Street Footwear,Midwest,Kohl's,Outlet,Montana,45,1800,40
917,23-02-2021,Women's Athletic Footwear,Midwest,Kohl's,Outlet,Montana,45,1688,38
918,24-02-2021,Men's Apparel,Midwest,Kohl's,Outlet,Montana,55,1925,35
919,25-02-2021,Women's Apparel,Midwest,Kohl's,Outlet,Montana,60,2400,40
920,26-02-2021,Men's Street Footwear,Midwest,Kohl's,Outlet,Montana,40,2300,58
921,27-02-2021,Men's Athletic Footwear,Midwest,Kohl's,Outlet,Montana,45,2588,58
922,28-02-2021,Women's Street Footwear,Midwest,Kohl's,Outlet,Montana,40,1700,43
923,01-03-2021,Women's Athletic Footwear,Midwest,Kohl's,Outlet,Montana,40,1700,43
924,02-03-2021,Men's Apparel,Midwest,Kohl's,Outlet,Montana,55,2063,38
925,03-03-2021,Women's Apparel,Midwest,Kohl's,Outlet,Montana,60,2850,48
926,04-03-2021,Men's Street Footwear,Midwest,Kohl's,Outlet,Montana,45,3038,68
927,05-03-2021,Men's Athletic Footwear,Midwest,Kohl's,Outlet,Montana,50,3375,68
928,06-03-2021,Women's Street Footwear,Midwest,Kohl's,Outlet,Montana,45,2138,48
929,07-03-2021,Women's Athletic Footwear,Midwest,Kohl's,Outlet,Montana,45,2138,48
930,08-03-2021,Men's Apparel,Midwest,Kohl's,Outlet,Montana,55,2200,40
931,09-03-2021,Women's Apparel,Midwest,Kohl's,Outlet,Montana,60,3000,50
932,10-03-2021,Men's Street Footwear,Midwest,Sports Direct,Outlet,Montana,20,1400,70
933,11-03-2021,Men's Athletic Footwear,Midwest,Sports Direct,Outlet,Montana,30,2100,70
934,12-03-2021,Women's Street Footwear,Midwest,Sports Direct,Outlet,Montana,30,1500,50
935,13-03-2021,Women's Athletic Footwear,Midwest,Sports Direct,Outlet,Montana,35,1750,50
936,14-03-2021,Men's Apparel,South,Sports Direct,Outlet,Tennessee,40,1400,35
937,15-03-2021,Women's Apparel,South,Sports Direct,Outlet,Tennessee,35,1750,50
938,16-03-2021,Men's Street Footwear,South,Sports Direct,Outlet,Tennessee,25,1625,65
939,17-03-2021,Men's Athletic Footwear,South,Sports Direct,Outlet,Tennessee,35,2188,63
940,18-03-2021,Women's Street Footwear,South,Sports Direct,Outlet,Tennessee,35,1575,45
941,19-03-2021,Women's Athletic Footwear,South,Sports Direct,Outlet,Tennessee,35,1400,40
942,20-03-2021,Men's Apparel,South,Sports Direct,Outlet,Tennessee,40,1100,28
943,21-03-2021,Women's Apparel,South,Sports Direct,Outlet,Tennessee,35,1663,48
944,22-03-2021,Men's Street Footwear,South,Sports Direct,Outlet,Tennessee,30,1950,65
945,23-03-2021,Men's Athletic Footwear,South,Sports Direct,Outlet,Tennessee,40,2600,65
946,24-03-2021,Women's Street Footwear,South,Sports Direct,Outlet,Tennessee,30,1425,48
947,25-03-2021,Women's Athletic Footwear,South,Sports Direct,Outlet,Tennessee,35,1313,38
948,26-03-2021,Men's Apparel,South,Sports Direct,Outlet,Tennessee,40,1100,28
949,27-03-2021,Women's Apparel,South,Sports Direct,Outlet,Tennessee,35,1488,43
950,28-03-2021,Men's Street Footwear,South,Sports Direct,Outlet,Tennessee,20,1350,68
951,29-03-2021,Men's Athletic Footwear,South,Sports Direct,Outlet,Tennessee,25,1688,68
952,30-03-2021,Women's Street Footwear,South,Sports Direct,Outlet,Tennessee,20,1000,50
953,31-03-2021,Women's Athletic Footwear,South,Sports Direct,Outlet,Tennessee,25,1000,40
954,01-04-2021,Men's Apparel,South,Sports Direct,Outlet,Tennessee,30,900,30
955,02-04-2021,Women's Apparel,South,Sports Direct,Outlet,Tennessee,25,1438,58
956,03-04-2021,Men's Street Footwear,South,Sports Direct,Outlet,Tennessee,15,1088,73
957,04-04-2021,Men's Athletic Footwear,South,Sports Direct,Outlet,Tennessee,25,1875,75
958,05-04-2021,Women's Street Footwear,South,Sports Direct,Outlet,Tennessee,20,1200,60
959,06-04-2021,Women's Athletic Footwear,South,Sports Direct,Outlet,Tennessee,30,1575,53
960,07-04-2021,Men's Apparel,South,Sports Direct,Outlet,Tennessee,45,1913,43
961,08-04-2021,Women's Apparel,South,Sports Direct,Outlet,Tennessee,40,3100,78
962,09-04-2021,Men's Street Footwear,South,Sports Direct,Outlet,Tennessee,40,3100,78
963,10-04-2021,Men's Athletic Footwear,South,Sports Direct,Outlet,Tennessee,45,3488,78
964,11-04-2021,Women's Street Footwear,South,Sports Direct,Outlet,Tennessee,40,2600,65
965,12-04-2021,Women's Athletic Footwear,South,Sports Direct,Outlet,Tennessee,40,2400,60
966,13-04-2021,Men's Apparel,South,Sports Direct,Outlet,Tennessee,45,2250,50
967,14-04-2021,Women's Apparel,South,Sports Direct,Outlet,Tennessee,50,4375,88
968,15-04-2021,Men's Street Footwear,South,Sports Direct,Outlet,Tennessee,40,3300,83
969,16-04-2021,Men's Athletic Footwear,South,Sports Direct,Outlet,Tennessee,45,3713,83
970,17-04-2021,Women's Street Footwear,South,Sports Direct,Outlet,Tennessee,40,3900,98
971,18-04-2021,Women's Athletic Footwear,South,Sports Direct,Outlet,Tennessee,40,2300,58
972,19-04-2021,Men's Apparel,South,Sports Direct,Outlet,Tennessee,45,2475,55
973,20-04-2021,Women's Apparel,South,Sports Direct,Outlet,Tennessee,55,4538,83
974,21-04-2021,Men's Street Footwear,South,Sports Direct,Outlet,Tennessee,45,3488,78
975,22-04-2021,Men's Athletic Footwear,South,Sports Direct,Outlet,Tennessee,55,4263,78
976,23-04-2021,Women's Street Footwear,South,Sports Direct,Outlet,Tennessee,50,4750,95
977,24-04-2021,Women's Athletic Footwear,South,Sports Direct,Outlet,Tennessee,45,2138,48
978,25-04-2021,Men's Apparel,South,Sports Direct,Outlet,Tennessee,50,2375,48
979,26-04-2021,Women's Apparel,South,Sports Direct,Outlet,Tennessee,55,3988,73
980,27-04-2021,Men's Street Footwear,South,Sports Direct,Outlet,Tennessee,50,3375,68
981,28-04-2021,Men's Athletic Footwear,South,Sports Direct,Outlet,Tennessee,50,3125,63
982,29-04-2021,Women's Street Footwear,South,Sports Direct,Outlet,Tennessee,55,3713,68
983,30-04-2021,Women's Athletic Footwear,South,Sports Direct,Outlet,Tennessee,55,2200,40
984,01-05-2021,Men's Apparel,South,Sports Direct,Outlet,Tennessee,50,2000,40
985,02-05-2021,Women's Apparel,South,Sports Direct,Outlet,Tennessee,45,2813,63
986,03-05-2021,Men's Street Footwear,South,Sports Direct,Outlet,Tennessee,35,2013,58
987,04-05-2021,Men's Athletic Footwear,South,Sports Direct,Outlet,Tennessee,35,2013,58
988,05-05-2021,Women's Street Footwear,South,Sports Direct,Outlet,Tennessee,40,2100,53
989,06-05-2021,Women's Athletic Footwear,South,Sports Direct,Outlet,Tennessee,40,1500,38
990,07-05-2021,Men's Apparel,South,Sports Direct,Outlet,Tennessee,35,1225,35
991,08-05-2021,Women's Apparel,South,Sports Direct,Outlet,Tennessee,45,2363,53
992,09-05-2021,Men's Street Footwear,South,Sports Direct,Outlet,Tennessee,30,2025,68
993,10-05-2021,Men's Athletic Footwear,South,Sports Direct,Outlet,Tennessee,30,2025,68
994,11-05-2021,Women's Street Footwear,South,Sports Direct,Outlet,Tennessee,55,3300,60
995,12-05-2021,Women's Athletic Footwear,South,Sports Direct,Outlet,Tennessee,55,2613,48
996,13-05-2021,Men's Apparel,South,Sports Direct,Outlet,Tennessee,55,2475,45
997,14-05-2021,Women's Apparel,South,Sports Direct,Outlet,Tennessee,65,4225,65
998,15-05-2021,Men's Street Footwear,South,Sports Direct,Outlet,Tennessee,55,4400,80
999,16-05-2021,Men's Athletic Footwear,South,Sports Direct,Outlet,Tennessee,55,4400,80
1000,18-05-2021,Men's Apparel,South,West Gear,In-store,Louisiana,40,900,23
1001,17-04-2021,Men's Apparel,South,West Gear,In-store,Louisiana,45,788,18
1002,17-02-2021,Men's Apparel,South,West Gear,In-store,Louisiana,50,875,18
1003,16-03-2021,Men's Apparel,South,West Gear,In-store,Louisiana,60,900,15
1004,18-05-2021,Men's Athletic Footwear,South,West Gear,In-store,Louisiana,50,2000,40
1005,17-04-2021,Men's Athletic Footwear,South,West Gear,In-store,Louisiana,55,1788,33
1006,16-03-2021,Men's Athletic Footwear,South,West Gear,In-store,Louisiana,55,2063,38
1007,16-03-2021,Men's Street Footwear,South,West Gear,In-store,Louisiana,45,2363,53
1008,18-05-2021,Men's Street Footwear,South,West Gear,In-store,Louisiana,45,2475,55
1009,17-04-2021,Men's Street Footwear,South,West Gear,In-store,Louisiana,50,2625,53
1010,16-03-2021,Women's Apparel,South,West Gear,In-store,Louisiana,45,1575,35
1011,17-02-2021,Women's Apparel,South,West Gear,In-store,Louisiana,45,1688,38
1012,17-04-2021,Women's Apparel,South,West Gear,In-store,Louisiana,60,2100,35
1013,17-04-2021,Women's Athletic Footwear,South,West Gear,In-store,Louisiana,40,1100,28
1014,17-02-2021,Women's Athletic Footwear,South,West Gear,In-store,Louisiana,45,1125,25
1015,18-05-2021,Women's Athletic Footwear,South,West Gear,In-store,Louisiana,45,1463,33
1016,16-03-2021,Women's Athletic Footwear,South,West Gear,In-store,Louisiana,55,1650,30
1017,18-05-2021,Women's Street Footwear,South,West Gear,In-store,Louisiana,50,2000,40
1018,17-04-2021,Women's Street Footwear,South,West Gear,In-store,Louisiana,55,2063,38
1019,16-03-2021,Women's Street Footwear,South,West Gear,In-store,Louisiana,60,2400,40
1020,25-05-2021,Men's Apparel,Southeast,Foot Locker,In-store,Virginia,45,788,18
1021,24-02-2021,Men's Apparel,Southeast,Foot Locker,In-store,Virginia,45,563,13
1022,24-04-2021,Men's Apparel,Southeast,Foot Locker,In-store,Virginia,50,625,13
1023,23-03-2021,Men's Apparel,Southeast,Foot Locker,In-store,Virginia,55,550,10
1024,24-10-2021,Men's Apparel,Southeast,Foot Locker,In-store,Virginia,55,1650,30
1025,25-09-2021,Men's Apparel,Southeast,Foot Locker,In-store,Virginia,60,1350,23
1026,24-08-2021,Men's Apparel,Southeast,Foot Locker,In-store,Virginia,70,2975,43
1027,24-11-2021,Men's Apparel,Southeast,Foot Locker,In-store,Virginia,75,3188,43
1028,24-06-2021,Men's Apparel,Southeast,Foot Locker,In-store,Virginia,90,3600,40
1029,23-07-2021,Men's Apparel,Southeast,Foot Locker,In-store,Virginia,90,5400,60
1030,23-03-2021,Men's Athletic Footwear,Southeast,Foot Locker,In-store,Virginia,50,1625,33
1031,24-11-2021,Men's Athletic Footwear,Southeast,Foot Locker,In-store,Virginia,50,3250,65
1032,25-05-2021,Men's Athletic Footwear,Southeast,Foot Locker,In-store,Virginia,55,1925,35
1033,25-09-2021,Men's Athletic Footwear,Southeast,Foot Locker,In-store,Virginia,55,2475,45
1034,24-10-2021,Men's Athletic Footwear,Southeast,Foot Locker,In-store,Virginia,55,2888,53
1035,24-04-2021,Men's Athletic Footwear,Southeast,Foot Locker,In-store,Virginia,60,1650,28
1036,24-06-2021,Men's Athletic Footwear,Southeast,Foot Locker,In-store,Virginia,65,4225,65
1037,23-12-2021,Men's Athletic Footwear,Southeast,Foot Locker,In-store,Virginia,75,5625,75
1038,24-08-2021,Men's Athletic Footwear,Southeast,Foot Locker,In-store,Virginia,80,6200,78
1039,23-07-2021,Men's Athletic Footwear,Southeast,Foot Locker,In-store,Virginia,90,6300,70
1040,24-10-2021,Men's Street Footwear,Southeast,Foot Locker,In-store,Virginia,40,1400,35
1041,23-03-2021,Men's Street Footwear,Southeast,Foot Locker,In-store,Virginia,40,1900,48
1042,24-11-2021,Men's Street Footwear,Southeast,Foot Locker,In-store,Virginia,45,2588,58
1043,25-05-2021,Men's Street Footwear,Southeast,Foot Locker,In-store,Virginia,50,2500,50
1044,25-09-2021,Men's Street Footwear,Southeast,Foot Locker,In-store,Virginia,50,2250,45
1045,24-06-2021,Men's Street Footwear,Southeast,Foot Locker,In-store,Virginia,55,4263,78
1046,24-04-2021,Men's Street Footwear,Southeast,Foot Locker,In-store,Virginia,55,2613,48
1047,23-12-2021,Men's Street Footwear,Southeast,Foot Locker,In-store,Virginia,65,4875,75
1048,23-07-2021,Men's Street Footwear,Southeast,Foot Locker,In-store,Virginia,85,7225,85
1049,24-08-2021,Men's Street Footwear,Southeast,Foot Locker,In-store,Virginia,90,7200,80
1050,24-02-2021,Women's Apparel,Southeast,Foot Locker,In-store,Virginia,40,1300,33
1051,25-09-2021,Women's Apparel,Southeast,Foot Locker,In-store,Virginia,45,1125,25
1052,23-03-2021,Women's Apparel,Southeast,Foot Locker,In-store,Virginia,50,1500,30
1053,25-05-2021,Women's Apparel,Southeast,Foot Locker,In-store,Virginia,60,3150,53
1054,24-10-2021,Women's Apparel,Southeast,Foot Locker,In-store,Virginia,60,2100,35
1055,24-04-2021,Women's Apparel,Southeast,Foot Locker,In-store,Virginia,65,1950,30
1056,24-08-2021,Women's Apparel,Southeast,Foot Locker,In-store,Virginia,75,1875,25
1057,24-11-2021,Women's Apparel,Southeast,Foot Locker,In-store,Virginia,80,4400,55
1058,23-07-2021,Women's Apparel,Southeast,Foot Locker,In-store,Virginia,105,6300,60
1059,24-06-2021,Women's Apparel,Southeast,Foot Locker,In-store,Virginia,105,7350,70
1060,24-02-2021,Women's Athletic Footwear,Southeast,Foot Locker,In-store,Virginia,40,800,20
1061,24-04-2021,Women's Athletic Footwear,Southeast,Foot Locker,In-store,Virginia,45,1013,23
1062,24-10-2021,Women's Athletic Footwear,Southeast,Foot Locker,In-store,Virginia,45,1463,33
1063,23-03-2021,Women's Athletic Footwear,Southeast,Foot Locker,In-store,Virginia,50,1250,25
1064,25-05-2021,Women's Athletic Footwear,Southeast,Foot Locker,In-store,Virginia,50,1375,28
1065,25-09-2021,Women's Athletic Footwear,Southeast,Foot Locker,In-store,Virginia,50,1000,20
1066,24-11-2021,Women's Athletic Footwear,Southeast,Foot Locker,In-store,Virginia,55,2475,45
1067,24-08-2021,Women's Athletic Footwear,Southeast,Foot Locker,In-store,Virginia,70,2975,43
1068,24-06-2021,Women's Athletic Footwear,Southeast,Foot Locker,In-store,Virginia,80,4200,53
1069,23-07-2021,Women's Athletic Footwear,Southeast,Foot Locker,In-store,Virginia,85,4675,55
1070,24-11-2021,Women's Street Footwear,Southeast,Foot Locker,In-store,Virginia,45,2138,48
1071,25-09-2021,Women's Street Footwear,Southeast,Foot Locker,In-store,Virginia,50,1250,25
1072,24-10-2021,Women's Street Footwear,Southeast,Foot Locker,In-store,Virginia,50,1750,35
1073,23-03-2021,Women's Street Footwear,Southeast,Foot Locker,In-store,Virginia,55,1925,35
1074,25-05-2021,Women's Street Footwear,Southeast,Foot Locker,In-store,Virginia,55,1925,35
1075,24-04-2021,Women's Street Footwear,Southeast,Foot Locker,In-store,Virginia,60,1950,33
1076,24-08-2021,Women's Street Footwear,Southeast,Foot Locker,In-store,Virginia,70,4550,65
1077,24-06-2021,Women's Street Footwear,Southeast,Foot Locker,In-store,Virginia,80,5200,65
1078,23-07-2021,Women's Street Footwear,Southeast,Foot Locker,In-store,Virginia,90,5850,65
1079,23-12-2021,Men's Apparel,Southeast,Sports Direct,In-store,Virginia,80,3800,48
1080,23-12-2021,Women's Apparel,Southeast,Sports Direct,In-store,Virginia,85,4888,58
1081,23-12-2021,Women's Athletic Footwear,Southeast,Sports Direct,In-store,Virginia,70,3850,55
1082,23-12-2021,Women's Street Footwear,Southeast,Sports Direct,In-store,Virginia,70,3850,55
1083,17-10-2021,Men's Apparel,Southeast,Walmart,In-store,Florida,65,2275,35
1084,18-09-2021,Men's Apparel,Southeast,Walmart,In-store,Florida,70,1925,28
1085,17-08-2021,Men's Apparel,Southeast,Walmart,In-store,Florida,80,3800,48
1086,17-11-2021,Men's Apparel,Southeast,Walmart,In-store,Florida,85,4038,48
1087,17-06-2021,Men's Apparel,Southeast,Walmart,In-store,Florida,95,4275,45
1088,16-07-2021,Men's Apparel,Southeast,Walmart,In-store,Florida,95,6175,65
1089,17-11-2021,Men's Athletic Footwear,Southeast,Walmart,In-store,Florida,60,4200,70
1090,18-09-2021,Men's Athletic Footwear,Southeast,Walmart,In-store,Florida,65,3250,50
1091,17-10-2021,Men's Athletic Footwear,Southeast,Walmart,In-store,Florida,65,3738,58
1092,17-06-2021,Men's Athletic Footwear,Southeast,Walmart,In-store,Florida,70,4900,70
1093,16-12-2021,Men's Athletic Footwear,Southeast,Walmart,In-store,Florida,85,6800,80
1094,17-08-2021,Men's Athletic Footwear,Southeast,Walmart,In-store,Florida,85,7013,83
1095,16-07-2021,Men's Athletic Footwear,Southeast,Walmart,In-store,Florida,95,7125,75
1096,17-10-2021,Men's Street Footwear,Southeast,Walmart,In-store,Florida,50,2000,40
1097,17-11-2021,Men's Street Footwear,Southeast,Walmart,In-store,Florida,55,3438,63
1098,18-09-2021,Men's Street Footwear,Southeast,Walmart,In-store,Florida,60,3000,50
1099,16-12-2021,Men's Street Footwear,Southeast,Walmart,In-store,Florida,75,6000,80
1100,16-07-2021,Men's Street Footwear,Southeast,Walmart,In-store,Florida,90,8100,90
1101,17-08-2021,Men's Street Footwear,Southeast,Walmart,In-store,Florida,95,8075,85
1102,18-09-2021,Women's Apparel,Southeast,Walmart,In-store,Florida,55,1650,30
1103,17-10-2021,Women's Apparel,Southeast,Walmart,In-store,Florida,70,2800,40
1104,17-08-2021,Women's Apparel,Southeast,Walmart,In-store,Florida,85,2550,30
1105,17-11-2021,Women's Apparel,Southeast,Walmart,In-store,Florida,90,5400,60
1106,16-07-2021,Women's Apparel,Southeast,Walmart,In-store,Florida,110,7150,65
1107,17-06-2021,Women's Apparel,Southeast,Walmart,In-store,Florida,110,8250,75
1108,17-10-2021,Women's Athletic Footwear,Southeast,Walmart,In-store,Florida,55,2063,38
1109,18-09-2021,Women's Athletic Footwear,Southeast,Walmart,In-store,Florida,60,1500,25
1110,17-11-2021,Women's Athletic Footwear,Southeast,Walmart,In-store,Florida,65,3250,50
1111,17-08-2021,Women's Athletic Footwear,Southeast,Walmart,In-store,Florida,80,3800,48
1112,17-06-2021,Women's Athletic Footwear,Southeast,Walmart,In-store,Florida,85,4888,58
1113,16-07-2021,Women's Athletic Footwear,Southeast,Walmart,In-store,Florida,90,5400,60
1114,17-11-2021,Women's Street Footwear,Southeast,Walmart,In-store,Florida,55,2888,53
1115,18-09-2021,Women's Street Footwear,Southeast,Walmart,In-store,Florida,60,1800,30
1116,17-10-2021,Women's Street Footwear,Southeast,Walmart,In-store,Florida,60,2400,40
1117,17-08-2021,Women's Street Footwear,Southeast,Walmart,In-store,Florida,80,5600,70
1118,17-06-2021,Women's Street Footwear,Southeast,Walmart,In-store,Florida,85,5950,70
1119,16-07-2021,Women's Street Footwear,Southeast,Walmart,In-store,Florida,95,6650,70
1120,16-12-2021,Men's Apparel,Southeast,West Gear,In-store,Florida,90,4725,53
1121,16-12-2021,Women's Apparel,Southeast,West Gear,In-store,Florida,95,5938,63
1122,16-12-2021,Women's Athletic Footwear,Southeast,West Gear,In-store,Florida,80,4800,60
1123,16-12-2021,Women's Street Footwear,Southeast,West Gear,In-store,Florida,80,4800,60
1124,24-01-2021,Men's Apparel,West,Foot Locker,In-store,Wyoming,45,675,15
1125,24-01-2021,Men's Athletic Footwear,West,Foot Locker,In-store,Wyoming,40,1400,35
1126,24-02-2021,Men's Athletic Footwear,West,Foot Locker,In-store,Wyoming,40,1400,35
1127,24-01-2021,Men's Street Footwear,West,Foot Locker,In-store,Wyoming,30,1050,35
1128,24-02-2021,Men's Street Footwear,West,Foot Locker,In-store,Wyoming,30,1350,45
1129,24-01-2021,Women's Apparel,West,Foot Locker,In-store,Wyoming,40,1600,40
1130,24-01-2021,Women's Athletic Footwear,West,Foot Locker,In-store,Wyoming,40,800,20
1131,24-01-2021,Women's Street Footwear,West,Foot Locker,In-store,Wyoming,40,1400,35
1132,24-02-2021,Women's Street Footwear,West,Foot Locker,In-store,Wyoming,40,1400,35
1133,25-05-2021,Men's Apparel,West,West Gear,In-store,Oregon,45,788,18
1134,24-02-2021,Men's Apparel,West,West Gear,In-store,Oregon,45,563,13
1135,24-04-2021,Men's Apparel,West,West Gear,In-store,Oregon,50,625,13
1136,23-03-2021,Men's Apparel,West,West Gear,In-store,Oregon,55,550,10
1137,24-10-2021,Men's Apparel,West,West Gear,In-store,Oregon,55,1650,30
1138,25-09-2021,Men's Apparel,West,West Gear,In-store,Oregon,60,1350,23
1139,24-08-2021,Men's Apparel,West,West Gear,In-store,Oregon,70,2975,43
1140,24-11-2021,Men's Apparel,West,West Gear,In-store,Oregon,75,3188,43
1141,23-12-2021,Men's Apparel,West,West Gear,In-store,Oregon,80,3800,48
1142,24-06-2021,Men's Apparel,West,West Gear,In-store,Oregon,90,3600,40
1143,23-07-2021,Men's Apparel,West,West Gear,In-store,Oregon,90,5400,60
1144,17-01-2021,Men's Apparel,West,West Gear,In-store,Oregon,50,1000,20
1145,24-01-2021,Men's Apparel,West,West Gear,In-store,Utah,45,675,15
1146,23-03-2021,Men's Athletic Footwear,West,West Gear,In-store,Oregon,50,1625,33
1147,24-11-2021,Men's Athletic Footwear,West,West Gear,In-store,Oregon,50,3250,65
1148,25-05-2021,Men's Athletic Footwear,West,West Gear,In-store,Oregon,55,1925,35
1149,25-09-2021,Men's Athletic Footwear,West,West Gear,In-store,Oregon,55,2475,45
1150,24-10-2021,Men's Athletic Footwear,West,West Gear,In-store,Oregon,55,2888,53
1151,24-04-2021,Men's Athletic Footwear,West,West Gear,In-store,Oregon,60,1650,28
1152,24-06-2021,Men's Athletic Footwear,West,West Gear,In-store,Oregon,65,4225,65
1153,23-12-2021,Men's Athletic Footwear,West,West Gear,In-store,Oregon,75,5625,75
1154,24-08-2021,Men's Athletic Footwear,West,West Gear,In-store,Oregon,80,6200,78
1155,23-07-2021,Men's Athletic Footwear,West,West Gear,In-store,Oregon,90,6300,70
1156,17-01-2021,Men's Athletic Footwear,West,West Gear,In-store,Oregon,45,1800,40
1157,17-02-2021,Men's Athletic Footwear,West,West Gear,In-store,Oregon,45,1800,40
1158,24-01-2021,Men's Athletic Footwear,West,West Gear,In-store,Utah,40,1400,35
1159,24-02-2021,Men's Athletic Footwear,West,West Gear,In-store,Utah,40,1400,35
1160,24-10-2021,Men's Street Footwear,West,West Gear,In-store,Oregon,40,1400,35
1161,23-03-2021,Men's Street Footwear,West,West Gear,In-store,Oregon,40,1900,48
1162,24-11-2021,Men's Street Footwear,West,West Gear,In-store,Oregon,45,2588,58
1163,25-05-2021,Men's Street Footwear,West,West Gear,In-store,Oregon,50,2500,50
1164,25-09-2021,Men's Street Footwear,West,West Gear,In-store,Oregon,50,2250,45
1165,24-06-2021,Men's Street Footwear,West,West Gear,In-store,Oregon,55,4263,78
1166,24-04-2021,Men's Street Footwear,West,West Gear,In-store,Oregon,55,2613,48
1167,23-12-2021,Men's Street Footwear,West,West Gear,In-store,Oregon,65,4875,75
1168,23-07-2021,Men's Street Footwear,West,West Gear,In-store,Oregon,85,7225,85
1169,24-08-2021,Men's Street Footwear,West,West Gear,In-store,Oregon,90,7200,80
1170,17-01-2021,Men's Street Footwear,West,West Gear,In-store,Oregon,35,1400,40
1171,17-02-2021,Men's Street Footwear,West,West Gear,In-store,Oregon,35,1750,50
1172,24-01-2021,Men's Street Footwear,West,West Gear,In-store,Utah,30,1050,35
1173,24-02-2021,Men's Street Footwear,West,West Gear,In-store,Utah,30,1350,45
1174,24-02-2021,Women's Apparel,West,West Gear,In-store,Oregon,40,1300,33
1175,25-09-2021,Women's Apparel,West,West Gear,In-store,Oregon,45,1125,25
1176,23-03-2021,Women's Apparel,West,West Gear,In-store,Oregon,50,1500,30
1177,25-05-2021,Women's Apparel,West,West Gear,In-store,Oregon,60,3150,53
1178,24-10-2021,Women's Apparel,West,West Gear,In-store,Oregon,60,2100,35
1179,24-04-2021,Women's Apparel,West,West Gear,In-store,Oregon,65,1950,30
1180,24-08-2021,Women's Apparel,West,West Gear,In-store,Oregon,75,1875,25
1181,24-11-2021,Women's Apparel,West,West Gear,In-store,Oregon,80,4400,55
1182,23-12-2021,Women's Apparel,West,West Gear,In-store,Oregon,85,4888,58
1183,23-07-2021,Women's Apparel,West,West Gear,In-store,Oregon,105,6300,60
1184,24-06-2021,Women's Apparel,West,West Gear,In-store,Oregon,105,7350,70
1185,17-01-2021,Women's Apparel,West,West Gear,In-store,Oregon,45,2025,45
1186,24-01-2021,Women's Apparel,West,West Gear,In-store,Utah,40,1600,40
1187,24-02-2021,Women's Athletic Footwear,West,West Gear,In-store,Oregon,40,800,20
1188,24-04-2021,Women's Athletic Footwear,West,West Gear,In-store,Oregon,45,1013,23
1189,24-10-2021,Women's Athletic Footwear,West,West Gear,In-store,Oregon,45,1463,33
1190,23-03-2021,Women's Athletic Footwear,West,West Gear,In-store,Oregon,50,1250,25
1191,25-05-2021,Women's Athletic Footwear,West,West Gear,In-store,Oregon,50,1375,28
1192,25-09-2021,Women's Athletic Footwear,West,West Gear,In-store,Oregon,50,1000,20
1193,24-11-2021,Women's Athletic Footwear,West,West Gear,In-store,Oregon,55,2475,45
1194,24-08-2021,Women's Athletic Footwear,West,West Gear,In-store,Oregon,70,2975,43
1195,23-12-2021,Women's Athletic Footwear,West,West Gear,In-store,Oregon,70,3850,55
1196,24-06-2021,Women's Athletic Footwear,West,West Gear,In-store,Oregon,80,4200,53
1197,23-07-2021,Women's Athletic Footwear,West,West Gear,In-store,Oregon,85,4675,55
1198,17-01-2021,Women's Athletic Footwear,West,West Gear,In-store,Oregon,45,1125,25
1199,24-01-2021,Women's Athletic Footwear,West,West Gear,In-store,Utah,40,800,20
1200,24-11-2021,Women's Street Footwear,West,West Gear,In-store,Oregon,45,2138,48
1201,25-09-2021,Women's Street Footwear,West,West Gear,In-store,Oregon,50,1250,25
1202,24-10-2021,Women's Street Footwear,West,West Gear,In-store,Oregon,50,1750,35
1203,23-03-2021,Women's Street Footwear,West,West Gear,In-store,Oregon,55,1925,35
1204,25-05-2021,Women's Street Footwear,West,West Gear,In-store,Oregon,55,1925,35
1205,24-04-2021,Women's Street Footwear,West,West Gear,In-store,Oregon,60,1950,33
1206,24-08-2021,Women's Street Footwear,West,West Gear,In-store,Oregon,70,4550,65
1207,23-12-2021,Women's Street Footwear,West,West Gear,In-store,Oregon,70,3850,55
1208,24-06-2021,Women's Street Footwear,West,West Gear,In-store,Oregon,80,5200,65
1209,23-07-2021,Women's Street Footwear,West,West Gear,In-store,Oregon,90,5850,65
1210,17-01-2021,Women's Street Footwear,West,West Gear,In-store,Oregon,45,1800,40
1211,17-02-2021,Women's Street Footwear,West,West Gear,In-store,Oregon,45,1800,40
1212,24-01-2021,Women's Street Footwear,West,West Gear,In-store,Utah,40,1400,35
1213,24-02-2021,Women's Street Footwear,West,West Gear,In-store,Utah,40,1400,35
1214,05-03-2021,Men's Apparel,Midwest,Foot Locker,In-store,Iowa,30,450,15
1215,07-09-2021,Men's Apparel,Midwest,Foot Locker,In-store,Iowa,35,525,15
1216,06-06-2021,Men's Apparel,Midwest,Foot Locker,In-store,Iowa,35,613,18
1217,06-02-2021,Men's Apparel,Midwest,Foot Locker,In-store,Iowa,40,600,15
1218,06-10-2021,Men's Apparel,Midwest,Foot Locker,In-store,Iowa,45,563,13
1219,07-05-2021,Men's Apparel,Midwest,Foot Locker,In-store,Iowa,45,675,15
1220,06-08-2021,Men's Apparel,Midwest,Foot Locker,In-store,Iowa,50,875,18
1221,05-07-2021,Men's Apparel,Midwest,Foot Locker,In-store,Iowa,50,1000,20
1222,06-04-2021,Men's Apparel,Midwest,Foot Locker,In-store,Iowa,60,750,13
1223,18-01-2021,Men's Apparel,Midwest,Foot Locker,In-store,Michigan,40,1300,33
1224,15-12-2021,Men's Apparel,Midwest,Foot Locker,In-store,Michigan,60,3300,55
1225,19-09-2021,Men's Apparel,Midwest,Foot Locker,In-store,Missouri,25,688,28
1226,18-10-2021,Men's Apparel,Midwest,Foot Locker,In-store,Missouri,35,788,23
1227,18-08-2021,Men's Apparel,Midwest,Foot Locker,In-store,Missouri,35,1050,30
1228,18-04-2021,Men's Apparel,Midwest,Foot Locker,In-store,Missouri,40,900,23
1229,18-02-2021,Men's Apparel,Midwest,Foot Locker,In-store,Missouri,40,1300,33
1230,18-06-2021,Men's Apparel,Midwest,Foot Locker,In-store,Missouri,40,1400,35
1231,17-07-2021,Men's Apparel,Midwest,Foot Locker,In-store,Missouri,40,1500,38
1232,19-05-2021,Men's Apparel,Midwest,Foot Locker,In-store,Missouri,45,1125,25
1233,18-11-2021,Men's Apparel,Midwest,Foot Locker,In-store,Missouri,45,1350,30
1234,17-03-2021,Men's Apparel,Midwest,Foot Locker,In-store,Missouri,45,1125,25
1235,09-11-2021,Men's Apparel,Midwest,Foot Locker,In-store,North Dakota,60,900,15
1236,08-12-2021,Men's Apparel,Midwest,Foot Locker,In-store,North Dakota,60,1200,20
1237,06-01-2021,Men's Apparel,Midwest,Foot Locker,In-store,North Dakota,40,600,15
1238,05-03-2021,Men's Athletic Footwear,Midwest,Foot Locker,In-store,Iowa,20,350,18
1239,06-04-2021,Men's Athletic Footwear,Midwest,Foot Locker,In-store,Iowa,20,350,18
1240,06-06-2021,Men's Athletic Footwear,Midwest,Foot Locker,In-store,Iowa,30,825,28
1241,07-09-2021,Men's Athletic Footwear,Midwest,Foot Locker,In-store,Iowa,30,825,28
1242,06-10-2021,Men's Athletic Footwear,Midwest,Foot Locker,In-store,Iowa,35,875,25
1243,07-05-2021,Men's Athletic Footwear,Midwest,Foot Locker,In-store,Iowa,40,900,23
1244,05-07-2021,Men's Athletic Footwear,Midwest,Foot Locker,In-store,Iowa,45,1350,30
1245,06-08-2021,Men's Athletic Footwear,Midwest,Foot Locker,In-store,Iowa,45,1350,30
1246,18-02-2021,Men's Athletic Footwear,Midwest,Foot Locker,In-store,Michigan,30,975,33
1247,18-01-2021,Men's Athletic Footwear,Midwest,Foot Locker,In-store,Michigan,30,1275,43
1248,18-10-2021,Men's Athletic Footwear,Midwest,Foot Locker,In-store,Missouri,25,875,35
1249,18-11-2021,Men's Athletic Footwear,Midwest,Foot Locker,In-store,Missouri,25,875,35
1250,18-04-2021,Men's Athletic Footwear,Midwest,Foot Locker,In-store,Missouri,30,825,28
1251,18-06-2021,Men's Athletic Footwear,Midwest,Foot Locker,In-store,Missouri,30,1050,35
1252,19-09-2021,Men's Athletic Footwear,Midwest,Foot Locker,In-store,Missouri,30,1200,40
1253,17-03-2021,Men's Athletic Footwear,Midwest,Foot Locker,In-store,Missouri,35,1050,30
1254,17-12-2021,Men's Athletic Footwear,Midwest,Foot Locker,In-store,Missouri,35,1575,45
1255,19-05-2021,Men's Athletic Footwear,Midwest,Foot Locker,In-store,Missouri,35,1138,33
1256,17-07-2021,Men's Athletic Footwear,Midwest,Foot Locker,In-store,Missouri,35,1750,50
1257,18-08-2021,Men's Athletic Footwear,Midwest,Foot Locker,In-store,Missouri,40,1900,48
1258,09-11-2021,Men's Athletic Footwear,Midwest,Foot Locker,In-store,North Dakota,40,1000,25
1259,08-12-2021,Men's Athletic Footwear,Midwest,Foot Locker,In-store,North Dakota,50,1500,30
1260,06-02-2021,Men's Athletic Footwear,Midwest,Foot Locker,In-store,North Dakota,30,450,15
1261,06-01-2021,Men's Athletic Footwear,Midwest,Foot Locker,In-store,North Dakota,30,750,25
1262,05-03-2021,Men's Street Footwear,Midwest,Foot Locker,In-store,Iowa,20,940,47
1263,06-04-2021,Men's Street Footwear,Midwest,Foot Locker,In-store,Iowa,20,950,48
1264,07-09-2021,Men's Street Footwear,Midwest,Foot Locker,In-store,Iowa,35,1663,48
1265,06-06-2021,Men's Street Footwear,Midwest,Foot Locker,In-store,Iowa,35,1838,53
1266,06-10-2021,Men's Street Footwear,Midwest,Foot Locker,In-store,Iowa,45,1800,40
1267,06-08-2021,Men's Street Footwear,Midwest,Foot Locker,In-store,Iowa,50,2625,53
1268,05-07-2021,Men's Street Footwear,Midwest,Foot Locker,In-store,Iowa,50,2750,55
1269,07-05-2021,Men's Street Footwear,Midwest,Foot Locker,In-store,Iowa,60,3120,52
1270,18-01-2021,Men's Street Footwear,Midwest,Foot Locker,In-store,Michigan,30,1875,63
1271,18-02-2021,Men's Street Footwear,Midwest,Foot Locker,In-store,Michigan,30,2025,68
1272,18-11-2021,Men's Street Footwear,Midwest,Foot Locker,In-store,Missouri,35,1750,50
1273,18-10-2021,Men's Street Footwear,Midwest,Foot Locker,In-store,Missouri,35,1838,53
1274,18-04-2021,Men's Street Footwear,Midwest,Foot Locker,In-store,Missouri,35,2013,58
1275,18-06-2021,Men's Street Footwear,Midwest,Foot Locker,In-store,Missouri,35,2100,60
1276,19-09-2021,Men's Street Footwear,Midwest,Foot Locker,In-store,Missouri,35,2100,60
1277,17-03-2021,Men's Street Footwear,Midwest,Foot Locker,In-store,Missouri,35,2170,62
1278,19-05-2021,Men's Street Footwear,Midwest,Foot Locker,In-store,Missouri,40,2480,62
1279,18-08-2021,Men's Street Footwear,Midwest,Foot Locker,In-store,Missouri,40,2800,70
1280,17-07-2021,Men's Street Footwear,Midwest,Foot Locker,In-store,Missouri,40,3000,75
1281,17-12-2021,Men's Street Footwear,Midwest,Foot Locker,In-store,Missouri,45,2925,65
1282,06-01-2021,Men's Street Footwear,Midwest,Foot Locker,In-store,North Dakota,30,1350,45
1283,06-02-2021,Men's Street Footwear,Midwest,Foot Locker,In-store,North Dakota,30,1500,50
1284,09-11-2021,Men's Street Footwear,Midwest,Foot Locker,In-store,North Dakota,50,2000,40
1285,08-12-2021,Men's Street Footwear,Midwest,Foot Locker,In-store,North Dakota,60,3000,50
1286,06-02-2021,Women's Apparel,Midwest,Foot Locker,In-store,Iowa,15,375,25
1287,05-03-2021,Women's Apparel,Midwest,Foot Locker,In-store,Iowa,20,500,25
1288,07-09-2021,Women's Apparel,Midwest,Foot Locker,In-store,Iowa,40,900,23
1289,07-05-2021,Women's Apparel,Midwest,Foot Locker,In-store,Iowa,50,1375,28
1290,06-04-2021,Women's Apparel,Midwest,Foot Locker,In-store,Iowa,50,1250,25
1291,06-06-2021,Women's Apparel,Midwest,Foot Locker,In-store,Iowa,55,1788,33
1292,06-08-2021,Women's Apparel,Midwest,Foot Locker,In-store,Iowa,55,1925,35
1293,05-07-2021,Women's Apparel,Midwest,Foot Locker,In-store,Iowa,55,2063,38
1294,18-01-2021,Women's Apparel,Midwest,Foot Locker,In-store,Michigan,30,1275,43
1295,15-12-2021,Women's Apparel,Midwest,Foot Locker,In-store,Michigan,65,4225,65
1296,18-02-2021,Women's Apparel,Midwest,Foot Locker,In-store,Missouri,30,1200,40
1297,18-04-2021,Women's Apparel,Midwest,Foot Locker,In-store,Missouri,30,1050,35
1298,19-09-2021,Women's Apparel,Midwest,Foot Locker,In-store,Missouri,30,1050,35
1299,17-03-2021,Women's Apparel,Midwest,Foot Locker,In-store,Missouri,35,1225,35
1300,18-10-2021,Women's Apparel,Midwest,Foot Locker,In-store,Missouri,40,1400,35
1301,18-08-2021,Women's Apparel,Midwest,Foot Locker,In-store,Missouri,40,1900,48
1302,18-06-2021,Women's Apparel,Midwest,Foot Locker,In-store,Missouri,45,2363,53
1303,17-07-2021,Women's Apparel,Midwest,Foot Locker,In-store,Missouri,45,2475,55
1304,18-11-2021,Women's Apparel,Midwest,Foot Locker,In-store,Missouri,50,2000,40
1305,19-05-2021,Women's Apparel,Midwest,Foot Locker,In-store,Missouri,50,1750,35
1306,06-01-2021,Women's Apparel,Midwest,Foot Locker,In-store,North Dakota,30,750,25
1307,09-10-2021,Women's Apparel,Midwest,Foot Locker,In-store,North Dakota,55,1375,25
1308,09-11-2021,Women's Apparel,Midwest,Foot Locker,In-store,North Dakota,65,1625,25
1309,08-12-2021,Women's Apparel,Midwest,Foot Locker,In-store,North Dakota,65,1950,30
1310,05-03-2021,Women's Athletic Footwear,Midwest,Foot Locker,In-store,Iowa,15,150,10
1311,06-04-2021,Women's Athletic Footwear,Midwest,Foot Locker,In-store,Iowa,15,150,10
1312,06-02-2021,Women's Athletic Footwear,Midwest,Foot Locker,In-store,Iowa,25,188,8
1313,07-09-2021,Women's Athletic Footwear,Midwest,Foot Locker,In-store,Iowa,25,375,15
1314,06-06-2021,Women's Athletic Footwear,Midwest,Foot Locker,In-store,Iowa,25,438,18
1315,07-05-2021,Women's Athletic Footwear,Midwest,Foot Locker,In-store,Iowa,35,438,13
1316,06-10-2021,Women's Athletic Footwear,Midwest,Foot Locker,In-store,Iowa,35,438,13
1317,05-07-2021,Women's Athletic Footwear,Midwest,Foot Locker,In-store,Iowa,40,700,18
1318,06-08-2021,Women's Athletic Footwear,Midwest,Foot Locker,In-store,Iowa,40,800,20
1319,15-12-2021,Women's Athletic Footwear,Midwest,Foot Locker,In-store,Michigan,50,2750,55
1320,18-01-2021,Women's Athletic Footwear,Midwest,Foot Locker,In-store,Michigan,25,688,28
1321,19-09-2021,Women's Athletic Footwear,Midwest,Foot Locker,In-store,Missouri,15,413,28
1322,18-04-2021,Women's Athletic Footwear,Midwest,Foot Locker,In-store,Missouri,25,500,20
1323,18-10-2021,Women's Athletic Footwear,Midwest,Foot Locker,In-store,Missouri,25,563,23
1324,18-02-2021,Women's Athletic Footwear,Midwest,Foot Locker,In-store,Missouri,25,625,25
1325,18-08-2021,Women's Athletic Footwear,Midwest,Foot Locker,In-store,Missouri,25,813,33
1326,18-11-2021,Women's Athletic Footwear,Midwest,Foot Locker,In-store,Missouri,25,813,33
1327,18-06-2021,Women's Athletic Footwear,Midwest,Foot Locker,In-store,Missouri,25,875,35
1328,17-03-2021,Women's Athletic Footwear,Midwest,Foot Locker,In-store,Missouri,30,600,20
1329,19-05-2021,Women's Athletic Footwear,Midwest,Foot Locker,In-store,Missouri,30,675,23
1330,17-07-2021,Women's Athletic Footwear,Midwest,Foot Locker,In-store,Missouri,30,1125,38
1331,06-01-2021,Women's Athletic Footwear,Midwest,Foot Locker,In-store,North Dakota,25,250,10
1332,09-11-2021,Women's Athletic Footwear,Midwest,Foot Locker,In-store,North Dakota,40,700,18
1333,08-12-2021,Women's Athletic Footwear,Midwest,Foot Locker,In-store,North Dakota,50,1000,20
1334,06-04-2021,Women's Street Footwear,Midwest,Foot Locker,In-store,Iowa,10,175,18
1335,05-03-2021,Women's Street Footwear,Midwest,Foot Locker,In-store,Iowa,10,225,23
1336,07-09-2021,Women's Street Footwear,Midwest,Foot Locker,In-store,Iowa,25,438,18
1337,06-06-2021,Women's Street Footwear,Midwest,Foot Locker,In-store,Iowa,25,500,20
1338,06-10-2021,Women's Street Footwear,Midwest,Foot Locker,In-store,Iowa,35,525,15
1339,07-05-2021,Women's Street Footwear,Midwest,Foot Locker,In-store,Iowa,35,700,20
1340,05-07-2021,Women's Street Footwear,Midwest,Foot Locker,In-store,Iowa,40,900,23
1341,06-08-2021,Women's Street Footwear,Midwest,Foot Locker,In-store,Iowa,40,900,23
1342,15-12-2021,Women's Street Footwear,Midwest,Foot Locker,In-store,Michigan,50,3000,60
1343,18-02-2021,Women's Street Footwear,Midwest,Foot Locker,In-store,Michigan,20,750,38
1344,18-01-2021,Women's Street Footwear,Midwest,Foot Locker,In-store,Michigan,20,850,43
1345,19-09-2021,Women's Street Footwear,Midwest,Foot Locker,In-store,Missouri,15,450,30
1346,18-04-2021,Women's Street Footwear,Midwest,Foot Locker,In-store,Missouri,20,550,28
1347,18-10-2021,Women's Street Footwear,Midwest,Foot Locker,In-store,Missouri,25,625,25
1348,18-11-2021,Women's Street Footwear,Midwest,Foot Locker,In-store,Missouri,25,738,30
1349,17-03-2021,Women's Street Footwear,Midwest,Foot Locker,In-store,Missouri,25,875,35
1350,18-06-2021,Women's Street Footwear,Midwest,Foot Locker,In-store,Missouri,25,938,38
1351,19-05-2021,Women's Street Footwear,Midwest,Foot Locker,In-store,Missouri,30,900,30
1352,17-07-2021,Women's Street Footwear,Midwest,Foot Locker,In-store,Missouri,30,1275,43
1353,18-08-2021,Women's Street Footwear,Midwest,Foot Locker,In-store,Missouri,35,1400,40
1354,06-02-2021,Women's Street Footwear,Midwest,Foot Locker,In-store,North Dakota,20,400,20
1355,06-01-2021,Women's Street Footwear,Midwest,Foot Locker,In-store,North Dakota,20,500,25
1356,09-11-2021,Women's Street Footwear,Midwest,Foot Locker,In-store,North Dakota,40,780,20
1357,08-12-2021,Women's Street Footwear,Midwest,Foot Locker,In-store,North Dakota,50,1250,25
1358,15-03-2021,Men's Apparel,Midwest,Sports Direct,In-store,Michigan,45,1688,38
1359,17-02-2021,Men's Apparel,Midwest,Sports Direct,In-store,Michigan,45,2025,45
1360,15-09-2021,Men's Apparel,Midwest,Sports Direct,In-store,Michigan,45,2138,48
1361,16-08-2021,Men's Apparel,Midwest,Sports Direct,In-store,Michigan,45,2250,50
1362,16-04-2021,Men's Apparel,Midwest,Sports Direct,In-store,Michigan,50,2000,40
1363,17-10-2021,Men's Apparel,Midwest,Sports Direct,In-store,Michigan,50,2000,40
1364,15-05-2021,Men's Apparel,Midwest,Sports Direct,In-store,Michigan,55,2613,48
1365,16-11-2021,Men's Apparel,Midwest,Sports Direct,In-store,Michigan,60,2700,45
1366,17-06-2021,Men's Apparel,Midwest,Sports Direct,In-store,Michigan,60,3150,53
1367,15-07-2021,Men's Apparel,Midwest,Sports Direct,In-store,Michigan,60,3300,55
1368,10-09-2021,Men's Apparel,Midwest,Sports Direct,In-store,North Dakota,40,600,15
1369,09-06-2021,Men's Apparel,Midwest,Sports Direct,In-store,North Dakota,40,700,18
1370,10-05-2021,Men's Apparel,Midwest,Sports Direct,In-store,North Dakota,50,625,13
1371,09-10-2021,Men's Apparel,Midwest,Sports Direct,In-store,North Dakota,50,625,13
1372,09-08-2021,Men's Apparel,Midwest,Sports Direct,In-store,North Dakota,50,875,18
1373,08-07-2021,Men's Apparel,Midwest,Sports Direct,In-store,North Dakota,50,1000,20
1374,09-04-2021,Men's Apparel,Midwest,Sports Direct,In-store,North Dakota,60,600,10
1375,15-03-2021,Men's Athletic Footwear,Midwest,Sports Direct,In-store,Michigan,35,1575,45
1376,16-04-2021,Men's Athletic Footwear,Midwest,Sports Direct,In-store,Michigan,40,1700,43
1377,17-10-2021,Men's Athletic Footwear,Midwest,Sports Direct,In-store,Michigan,40,2300,58
1378,15-09-2021,Men's Athletic Footwear,Midwest,Sports Direct,In-store,Michigan,40,2400,60
1379,16-11-2021,Men's Athletic Footwear,Midwest,Sports Direct,In-store,Michigan,45,2250,50
1380,15-05-2021,Men's Athletic Footwear,Midwest,Sports Direct,In-store,Michigan,50,2500,50
1381,17-06-2021,Men's Athletic Footwear,Midwest,Sports Direct,In-store,Michigan,50,2875,58
1382,15-12-2021,Men's Athletic Footwear,Midwest,Sports Direct,In-store,Michigan,50,3250,65
1383,15-07-2021,Men's Athletic Footwear,Midwest,Sports Direct,In-store,Michigan,55,3575,65
1384,16-08-2021,Men's Athletic Footwear,Midwest,Sports Direct,In-store,Michigan,55,3575,65
1385,09-06-2021,Men's Athletic Footwear,Midwest,Sports Direct,In-store,North Dakota,35,875,25
1386,10-09-2021,Men's Athletic Footwear,Midwest,Sports Direct,In-store,North Dakota,35,963,28
1387,09-10-2021,Men's Athletic Footwear,Midwest,Sports Direct,In-store,North Dakota,40,1000,25
1388,10-05-2021,Men's Athletic Footwear,Midwest,Sports Direct,In-store,North Dakota,45,900,20
1389,08-07-2021,Men's Athletic Footwear,Midwest,Sports Direct,In-store,North Dakota,45,1350,30
1390,09-08-2021,Men's Athletic Footwear,Midwest,Sports Direct,In-store,North Dakota,45,1350,30
1391,16-04-2021,Men's Street Footwear,Midwest,Sports Direct,In-store,Michigan,35,2538,73
1392,15-03-2021,Men's Street Footwear,Midwest,Sports Direct,In-store,Michigan,35,2695,77
1393,15-09-2021,Men's Street Footwear,Midwest,Sports Direct,In-store,Michigan,45,3600,80
1394,15-05-2021,Men's Street Footwear,Midwest,Sports Direct,In-store,Michigan,50,3975,80
1395,16-11-2021,Men's Street Footwear,Midwest,Sports Direct,In-store,Michigan,50,3375,68
1396,17-10-2021,Men's Street Footwear,Midwest,Sports Direct,In-store,Michigan,50,3750,75
1397,17-06-2021,Men's Street Footwear,Midwest,Sports Direct,In-store,Michigan,55,4538,83
1398,15-12-2021,Men's Street Footwear,Midwest,Sports Direct,In-store,Michigan,60,5100,85
1399,16-08-2021,Men's Street Footwear,Midwest,Sports Direct,In-store,Michigan,60,5250,88
1400,15-07-2021,Men's Street Footwear,Midwest,Sports Direct,In-store,Michigan,60,5400,90
1401,10-09-2021,Men's Street Footwear,Midwest,Sports Direct,In-store,North Dakota,40,1900,48
1402,09-06-2021,Men's Street Footwear,Midwest,Sports Direct,In-store,North Dakota,40,2000,50
1403,09-10-2021,Men's Street Footwear,Midwest,Sports Direct,In-store,North Dakota,50,2000,40
1404,09-08-2021,Men's Street Footwear,Midwest,Sports Direct,In-store,North Dakota,50,2625,53
1405,08-07-2021,Men's Street Footwear,Midwest,Sports Direct,In-store,North Dakota,50,2750,55
1406,10-05-2021,Men's Street Footwear,Midwest,Sports Direct,In-store,North Dakota,60,2970,50
1407,15-03-2021,Women's Apparel,Midwest,Sports Direct,In-store,Michigan,35,1663,48
1408,17-02-2021,Women's Apparel,Midwest,Sports Direct,In-store,Michigan,35,1925,55
1409,16-04-2021,Women's Apparel,Midwest,Sports Direct,In-store,Michigan,40,2100,53
1410,15-09-2021,Women's Apparel,Midwest,Sports Direct,In-store,Michigan,50,2875,58
1411,16-08-2021,Women's Apparel,Midwest,Sports Direct,In-store,Michigan,50,3375,68
1412,17-10-2021,Women's Apparel,Midwest,Sports Direct,In-store,Michigan,55,2888,53
1413,15-05-2021,Women's Apparel,Midwest,Sports Direct,In-store,Michigan,60,3450,58
1414,16-11-2021,Women's Apparel,Midwest,Sports Direct,In-store,Michigan,65,4063,63
1415,17-06-2021,Women's Apparel,Midwest,Sports Direct,In-store,Michigan,65,4388,68
1416,15-07-2021,Women's Apparel,Midwest,Sports Direct,In-store,Michigan,65,4713,73
1417,10-09-2021,Women's Apparel,Midwest,Sports Direct,In-store,North Dakota,45,1013,23
1418,09-04-2021,Women's Apparel,Midwest,Sports Direct,In-store,North Dakota,50,1125,23
1419,10-05-2021,Women's Apparel,Midwest,Sports Direct,In-store,North Dakota,55,1375,25
1420,09-06-2021,Women's Apparel,Midwest,Sports Direct,In-store,North Dakota,55,1788,33
1421,09-08-2021,Women's Apparel,Midwest,Sports Direct,In-store,North Dakota,55,1925,35
1422,08-07-2021,Women's Apparel,Midwest,Sports Direct,In-store,North Dakota,55,2063,38
1423,15-03-2021,Women's Athletic Footwear,Midwest,Sports Direct,In-store,Michigan,30,975,33
1424,17-02-2021,Women's Athletic Footwear,Midwest,Sports Direct,In-store,Michigan,30,1125,38
1425,16-04-2021,Women's Athletic Footwear,Midwest,Sports Direct,In-store,Michigan,35,1313,38
1426,15-09-2021,Women's Athletic Footwear,Midwest,Sports Direct,In-store,Michigan,35,1663,48
1427,16-08-2021,Women's Athletic Footwear,Midwest,Sports Direct,In-store,Michigan,35,1838,53
1428,17-10-2021,Women's Athletic Footwear,Midwest,Sports Direct,In-store,Michigan,40,1600,40
1429,15-05-2021,Women's Athletic Footwear,Midwest,Sports Direct,In-store,Michigan,45,2025,45
1430,17-06-2021,Women's Athletic Footwear,Midwest,Sports Direct,In-store,Michigan,45,2363,53
1431,16-11-2021,Women's Athletic Footwear,Midwest,Sports Direct,In-store,Michigan,45,2138,48
1432,15-07-2021,Women's Athletic Footwear,Midwest,Sports Direct,In-store,Michigan,50,2625,53
1433,10-09-2021,Women's Athletic Footwear,Midwest,Sports Direct,In-store,North Dakota,30,450,15
1434,09-06-2021,Women's Athletic Footwear,Midwest,Sports Direct,In-store,North Dakota,30,525,18
1435,10-05-2021,Women's Athletic Footwear,Midwest,Sports Direct,In-store,North Dakota,40,400,10
1436,09-10-2021,Women's Athletic Footwear,Midwest,Sports Direct,In-store,North Dakota,40,500,13
1437,08-07-2021,Women's Athletic Footwear,Midwest,Sports Direct,In-store,North Dakota,40,700,18
1438,09-08-2021,Women's Athletic Footwear,Midwest,Sports Direct,In-store,North Dakota,40,800,20
1439,15-03-2021,Women's Street Footwear,Midwest,Sports Direct,In-store,Michigan,25,1188,48
1440,16-04-2021,Women's Street Footwear,Midwest,Sports Direct,In-store,Michigan,30,1350,45
1441,15-09-2021,Women's Street Footwear,Midwest,Sports Direct,In-store,Michigan,35,1750,50
1442,17-10-2021,Women's Street Footwear,Midwest,Sports Direct,In-store,Michigan,40,1700,43
1443,15-05-2021,Women's Street Footwear,Midwest,Sports Direct,In-store,Michigan,45,2138,48
1444,17-06-2021,Women's Street Footwear,Midwest,Sports Direct,In-store,Michigan,45,2475,55
1445,16-08-2021,Women's Street Footwear,Midwest,Sports Direct,In-store,Michigan,45,2588,58
1446,16-11-2021,Women's Street Footwear,Midwest,Sports Direct,In-store,Michigan,45,2003,45
1447,15-07-2021,Women's Street Footwear,Midwest,Sports Direct,In-store,Michigan,50,2875,58
1448,10-09-2021,Women's Street Footwear,Midwest,Sports Direct,In-store,North Dakota,30,525,18
1449,09-06-2021,Women's Street Footwear,Midwest,Sports Direct,In-store,North Dakota,30,600,20
1450,09-10-2021,Women's Street Footwear,Midwest,Sports Direct,In-store,North Dakota,40,600,15
1451,10-05-2021,Women's Street Footwear,Midwest,Sports Direct,In-store,North Dakota,40,700,18
1452,08-07-2021,Women's Street Footwear,Midwest,Sports Direct,In-store,North Dakota,40,900,23
1453,09-08-2021,Women's Street Footwear,Midwest,Sports Direct,In-store,North Dakota,40,900,23
1454,11-09-2021,Men's Apparel,Midwest,West Gear,In-store,Indiana,35,525,15
1455,09-03-2021,Men's Apparel,Midwest,West Gear,In-store,Indiana,35,613,18
1456,10-06-2021,Men's Apparel,Midwest,West Gear,In-store,Indiana,40,700,18
1457,10-10-2021,Men's Apparel,Midwest,West Gear,In-store,Indiana,45,675,15
1458,10-02-2021,Men's Apparel,Midwest,West Gear,In-store,Indiana,45,900,20
1459,11-05-2021,Men's Apparel,Midwest,West Gear,In-store,Indiana,45,900,20
1460,10-08-2021,Men's Apparel,Midwest,West Gear,In-store,Indiana,50,875,18
1461,09-07-2021,Men's Apparel,Midwest,West Gear,In-store,Indiana,55,1100,20
1462,10-11-2021,Men's Apparel,Midwest,West Gear,In-store,Indiana,60,1500,25
1463,09-12-2021,Men's Apparel,Midwest,West Gear,In-store,Indiana,60,1800,30
1464,10-04-2021,Men's Apparel,Midwest,West Gear,In-store,Indiana,65,975,15
1465,17-01-2021,Men's Apparel,Midwest,West Gear,In-store,Indiana,45,900,20
1466,03-01-2021,Men's Apparel,Midwest,West Gear,In-store,Iowa,40,600,15
1467,06-11-2021,Men's Apparel,Midwest,West Gear,In-store,Iowa,60,1050,18
1468,05-12-2021,Men's Apparel,Midwest,West Gear,In-store,Iowa,60,1350,23
1469,11-01-2021,Men's Apparel,Midwest,West Gear,In-store,Missouri,35,1313,38
1470,17-12-2021,Men's Apparel,Midwest,West Gear,In-store,Missouri,45,1575,35
1471,10-01-2021,Men's Apparel,Midwest,West Gear,In-store,Wisconsin,45,900,20
1472,02-03-2021,Men's Apparel,Midwest,West Gear,In-store,Wisconsin,30,375,13
1473,04-09-2021,Men's Apparel,Midwest,West Gear,In-store,Wisconsin,35,438,13
1474,03-06-2021,Men's Apparel,Midwest,West Gear,In-store,Wisconsin,35,613,18
1475,03-02-2021,Men's Apparel,Midwest,West Gear,In-store,Wisconsin,40,600,15
1476,03-10-2021,Men's Apparel,Midwest,West Gear,In-store,Wisconsin,45,563,13
1477,04-05-2021,Men's Apparel,Midwest,West Gear,In-store,Wisconsin,45,788,18
1478,03-08-2021,Men's Apparel,Midwest,West Gear,In-store,Wisconsin,50,875,18
1479,02-07-2021,Men's Apparel,Midwest,West Gear,In-store,Wisconsin,50,1000,20
1480,03-04-2021,Men's Apparel,Midwest,West Gear,In-store,Wisconsin,60,600,10
1481,03-11-2021,Men's Apparel,Midwest,West Gear,In-store,Wisconsin,60,1200,20
1482,02-12-2021,Men's Apparel,Midwest,West Gear,In-store,Wisconsin,60,1500,25
1483,10-04-2021,Men's Athletic Footwear,Midwest,West Gear,In-store,Indiana,25,500,20
1484,09-03-2021,Men's Athletic Footwear,Midwest,West Gear,In-store,Indiana,25,563,23
1485,11-09-2021,Men's Athletic Footwear,Midwest,West Gear,In-store,Indiana,30,825,28
1486,10-10-2021,Men's Athletic Footwear,Midwest,West Gear,In-store,Indiana,35,875,25
1487,17-01-2021,Men's Athletic Footwear,Midwest,West Gear,In-store,Indiana,35,1050,30
1488,10-11-2021,Men's Athletic Footwear,Midwest,West Gear,In-store,Indiana,35,1138,33
1489,10-06-2021,Men's Athletic Footwear,Midwest,West Gear,In-store,Indiana,35,1138,33
1490,17-02-2021,Men's Athletic Footwear,Midwest,West Gear,In-store,Indiana,40,800,20
1491,11-05-2021,Men's Athletic Footwear,Midwest,West Gear,In-store,Indiana,40,1000,25
1492,10-08-2021,Men's Athletic Footwear,Midwest,West Gear,In-store,Indiana,45,1350,30
1493,09-12-2021,Men's Athletic Footwear,Midwest,West Gear,In-store,Indiana,50,2000,40
1494,09-07-2021,Men's Athletic Footwear,Midwest,West Gear,In-store,Indiana,50,1500,30
1495,03-02-2021,Men's Athletic Footwear,Midwest,West Gear,In-store,Iowa,30,450,15
1496,03-01-2021,Men's Athletic Footwear,Midwest,West Gear,In-store,Iowa,30,750,25
1497,06-11-2021,Men's Athletic Footwear,Midwest,West Gear,In-store,Iowa,35,963,28
1498,05-12-2021,Men's Athletic Footwear,Midwest,West Gear,In-store,Iowa,50,1625,33
1499,11-02-2021,Men's Athletic Footwear,Midwest,West Gear,In-store,Missouri,25,938,38
1500,11-01-2021,Men's Athletic Footwear,Midwest,West Gear,In-store,Missouri,25,1188,48
1501,03-04-2021,Men's Athletic Footwear,Midwest,West Gear,In-store,Wisconsin,20,300,15
1502,02-03-2021,Men's Athletic Footwear,Midwest,West Gear,In-store,Wisconsin,20,350,18
1503,04-09-2021,Men's Athletic Footwear,Midwest,West Gear,In-store,Wisconsin,30,750,25
1504,03-06-2021,Men's Athletic Footwear,Midwest,West Gear,In-store,Wisconsin,30,900,30
1505,03-10-2021,Men's Athletic Footwear,Midwest,West Gear,In-store,Wisconsin,35,788,23
1506,03-11-2021,Men's Athletic Footwear,Midwest,West Gear,In-store,Wisconsin,35,1050,30
1507,04-05-2021,Men's Athletic Footwear,Midwest,West Gear,In-store,Wisconsin,40,800,20
1508,02-07-2021,Men's Athletic Footwear,Midwest,West Gear,In-store,Wisconsin,45,1350,30
1509,03-08-2021,Men's Athletic Footwear,Midwest,West Gear,In-store,Wisconsin,45,1350,30
1510,02-12-2021,Men's Athletic Footwear,Midwest,West Gear,In-store,Wisconsin,50,1750,35
1511,10-02-2021,Men's Athletic Footwear,Midwest,West Gear,In-store,Wisconsin,35,700,20
1512,10-01-2021,Men's Athletic Footwear,Midwest,West Gear,In-store,Wisconsin,35,1050,30
1513,10-04-2021,Men's Street Footwear,Midwest,West Gear,In-store,Indiana,25,1250,50
1514,09-03-2021,Men's Street Footwear,Midwest,West Gear,In-store,Indiana,25,1300,52
1515,11-09-2021,Men's Street Footwear,Midwest,West Gear,In-store,Indiana,35,1663,48
1516,17-01-2021,Men's Street Footwear,Midwest,West Gear,In-store,Indiana,35,1750,50
1517,17-02-2021,Men's Street Footwear,Midwest,West Gear,In-store,Indiana,35,1925,55
1518,10-06-2021,Men's Street Footwear,Midwest,West Gear,In-store,Indiana,40,2300,58
1519,10-10-2021,Men's Street Footwear,Midwest,West Gear,In-store,Indiana,45,1800,40
1520,10-11-2021,Men's Street Footwear,Midwest,West Gear,In-store,Indiana,45,1913,43
1521,10-08-2021,Men's Street Footwear,Midwest,West Gear,In-store,Indiana,50,2625,53
1522,09-07-2021,Men's Street Footwear,Midwest,West Gear,In-store,Indiana,55,3025,55
1523,11-05-2021,Men's Street Footwear,Midwest,West Gear,In-store,Indiana,60,3270,55
1524,09-12-2021,Men's Street Footwear,Midwest,West Gear,In-store,Indiana,60,3600,60
1525,03-01-2021,Men's Street Footwear,Midwest,West Gear,In-store,Iowa,30,1350,45
1526,03-02-2021,Men's Street Footwear,Midwest,West Gear,In-store,Iowa,30,1500,50
1527,06-11-2021,Men's Street Footwear,Midwest,West Gear,In-store,Iowa,45,1800,40
1528,05-12-2021,Men's Street Footwear,Midwest,West Gear,In-store,Iowa,60,3150,53
1529,11-01-2021,Men's Street Footwear,Midwest,West Gear,In-store,Missouri,25,1688,68
1530,11-02-2021,Men's Street Footwear,Midwest,West Gear,In-store,Missouri,25,1813,73
1531,03-04-2021,Men's Street Footwear,Midwest,West Gear,In-store,Wisconsin,20,900,45
1532,02-03-2021,Men's Street Footwear,Midwest,West Gear,In-store,Wisconsin,20,940,47
1533,04-09-2021,Men's Street Footwear,Midwest,West Gear,In-store,Wisconsin,35,1663,48
1534,03-06-2021,Men's Street Footwear,Midwest,West Gear,In-store,Wisconsin,35,1925,55
1535,03-10-2021,Men's Street Footwear,Midwest,West Gear,In-store,Wisconsin,45,1688,38
1536,03-11-2021,Men's Street Footwear,Midwest,West Gear,In-store,Wisconsin,45,1800,40
1537,03-08-2021,Men's Street Footwear,Midwest,West Gear,In-store,Wisconsin,50,2625,53
1538,02-07-2021,Men's Street Footwear,Midwest,West Gear,In-store,Wisconsin,50,2750,55
1539,04-05-2021,Men's Street Footwear,Midwest,West Gear,In-store,Wisconsin,60,2970,50
1540,02-12-2021,Men's Street Footwear,Midwest,West Gear,In-store,Wisconsin,60,3300,55
1541,10-01-2021,Men's Street Footwear,Midwest,West Gear,In-store,Wisconsin,35,1750,50
1542,10-02-2021,Men's Street Footwear,Midwest,West Gear,In-store,Wisconsin,35,1925,55
1543,10-02-2021,Women's Apparel,Midwest,West Gear,In-store,Indiana,20,600,30
1544,09-03-2021,Women's Apparel,Midwest,West Gear,In-store,Indiana,25,688,28
1545,17-01-2021,Women's Apparel,Midwest,West Gear,In-store,Indiana,35,1050,30
1546,11-09-2021,Women's Apparel,Midwest,West Gear,In-store,Indiana,40,900,23
1547,10-10-2021,Women's Apparel,Midwest,West Gear,In-store,Indiana,50,1375,28
1548,10-04-2021,Women's Apparel,Midwest,West Gear,In-store,Indiana,50,1375,28
1549,11-05-2021,Women's Apparel,Midwest,West Gear,In-store,Indiana,55,1788,33
1550,10-08-2021,Women's Apparel,Midwest,West Gear,In-store,Indiana,55,1925,35
1551,10-06-2021,Women's Apparel,Midwest,West Gear,In-store,Indiana,60,1950,33
1552,09-07-2021,Women's Apparel,Midwest,West Gear,In-store,Indiana,60,2250,38
1553,10-11-2021,Women's Apparel,Midwest,West Gear,In-store,Indiana,65,2275,35
1554,09-12-2021,Women's Apparel,Midwest,West Gear,In-store,Indiana,65,2600,40
1555,03-01-2021,Women's Apparel,Midwest,West Gear,In-store,Iowa,30,750,25
1556,06-10-2021,Women's Apparel,Midwest,West Gear,In-store,Iowa,50,1250,25
1557,06-11-2021,Women's Apparel,Midwest,West Gear,In-store,Iowa,65,1788,28
1558,05-12-2021,Women's Apparel,Midwest,West Gear,In-store,Iowa,65,2113,33
1559,11-01-2021,Women's Apparel,Midwest,West Gear,In-store,Missouri,25,1188,48
1560,17-12-2021,Women's Apparel,Midwest,West Gear,In-store,Missouri,50,2250,45
1561,03-02-2021,Women's Apparel,Midwest,West Gear,In-store,Wisconsin,15,375,25
1562,02-03-2021,Women's Apparel,Midwest,West Gear,In-store,Wisconsin,20,450,23
1563,10-01-2021,Women's Apparel,Midwest,West Gear,In-store,Wisconsin,35,1050,30
1564,04-09-2021,Women's Apparel,Midwest,West Gear,In-store,Wisconsin,40,800,20
1565,03-10-2021,Women's Apparel,Midwest,West Gear,In-store,Wisconsin,50,1250,25
1566,04-05-2021,Women's Apparel,Midwest,West Gear,In-store,Wisconsin,50,1500,30
1567,03-04-2021,Women's Apparel,Midwest,West Gear,In-store,Wisconsin,50,1125,23
1568,03-06-2021,Women's Apparel,Midwest,West Gear,In-store,Wisconsin,55,1788,33
1569,03-08-2021,Women's Apparel,Midwest,West Gear,In-store,Wisconsin,55,1925,35
1570,02-07-2021,Women's Apparel,Midwest,West Gear,In-store,Wisconsin,55,2063,38
1571,03-11-2021,Women's Apparel,Midwest,West Gear,In-store,Wisconsin,65,1950,30
1572,02-12-2021,Women's Apparel,Midwest,West Gear,In-store,Wisconsin,65,2275,35
1573,09-03-2021,Women's Athletic Footwear,Midwest,West Gear,In-store,Indiana,20,250,13
1574,10-04-2021,Women's Athletic Footwear,Midwest,West Gear,In-store,Indiana,20,250,13
1575,11-09-2021,Women's Athletic Footwear,Midwest,West Gear,In-store,Indiana,25,375,15
1576,10-02-2021,Women's Athletic Footwear,Midwest,West Gear,In-store,Indiana,30,375,13
1577,10-06-2021,Women's Athletic Footwear,Midwest,West Gear,In-store,Indiana,30,525,18
1578,10-10-2021,Women's Athletic Footwear,Midwest,West Gear,In-store,Indiana,35,525,15
1579,11-05-2021,Women's Athletic Footwear,Midwest,West Gear,In-store,Indiana,35,613,18
1580,10-11-2021,Women's Athletic Footwear,Midwest,West Gear,In-store,Indiana,35,963,28
1581,10-08-2021,Women's Athletic Footwear,Midwest,West Gear,In-store,Indiana,40,800,20
1582,09-07-2021,Women's Athletic Footwear,Midwest,West Gear,In-store,Indiana,45,788,18
1583,09-12-2021,Women's Athletic Footwear,Midwest,West Gear,In-store,Indiana,50,1500,30
1584,17-01-2021,Women's Athletic Footwear,Midwest,West Gear,In-store,Indiana,30,450,15
1585,03-01-2021,Women's Athletic Footwear,Midwest,West Gear,In-store,Iowa,25,250,10
1586,06-11-2021,Women's Athletic Footwear,Midwest,West Gear,In-store,Iowa,35,700,20
1587,05-12-2021,Women's Athletic Footwear,Midwest,West Gear,In-store,Iowa,50,1125,23
1588,11-01-2021,Women's Athletic Footwear,Midwest,West Gear,In-store,Missouri,20,650,33
1589,17-12-2021,Women's Athletic Footwear,Midwest,West Gear,In-store,Missouri,35,1225,35
1590,02-03-2021,Women's Athletic Footwear,Midwest,West Gear,In-store,Wisconsin,15,113,8
1591,03-04-2021,Women's Athletic Footwear,Midwest,West Gear,In-store,Wisconsin,15,113,8
1592,03-02-2021,Women's Athletic Footwear,Midwest,West Gear,In-store,Wisconsin,25,188,8
1593,04-09-2021,Women's Athletic Footwear,Midwest,West Gear,In-store,Wisconsin,25,313,13
1594,03-06-2021,Women's Athletic Footwear,Midwest,West Gear,In-store,Wisconsin,25,438,18
1595,03-10-2021,Women's Athletic Footwear,Midwest,West Gear,In-store,Wisconsin,35,438,13
1596,04-05-2021,Women's Athletic Footwear,Midwest,West Gear,In-store,Wisconsin,35,525,15
1597,03-11-2021,Women's Athletic Footwear,Midwest,West Gear,In-store,Wisconsin,35,788,23
1598,02-07-2021,Women's Athletic Footwear,Midwest,West Gear,In-store,Wisconsin,40,700,18
1599,03-08-2021,Women's Athletic Footwear,Midwest,West Gear,In-store,Wisconsin,40,800,20
1600,02-12-2021,Women's Athletic Footwear,Midwest,West Gear,In-store,Wisconsin,50,1250,25
1601,10-01-2021,Women's Athletic Footwear,Midwest,West Gear,In-store,Wisconsin,30,450,15
1602,10-04-2021,Women's Street Footwear,Midwest,West Gear,In-store,Indiana,15,300,20
1603,09-03-2021,Women's Street Footwear,Midwest,West Gear,In-store,Indiana,15,413,28
1604,11-09-2021,Women's Street Footwear,Midwest,West Gear,In-store,Indiana,25,438,18
1605,10-06-2021,Women's Street Footwear,Midwest,West Gear,In-store,Indiana,30,600,20
1606,10-10-2021,Women's Street Footwear,Midwest,West Gear,In-store,Indiana,35,525,15
1607,11-05-2021,Women's Street Footwear,Midwest,West Gear,In-store,Indiana,35,788,23
1608,10-11-2021,Women's Street Footwear,Midwest,West Gear,In-store,Indiana,35,945,27
1609,10-08-2021,Women's Street Footwear,Midwest,West Gear,In-store,Indiana,40,900,23
1610,09-07-2021,Women's Street Footwear,Midwest,West Gear,In-store,Indiana,45,1013,23
1611,09-12-2021,Women's Street Footwear,Midwest,West Gear,In-store,Indiana,50,1750,35
1612,17-01-2021,Women's Street Footwear,Midwest,West Gear,In-store,Indiana,25,750,30
1613,17-02-2021,Women's Street Footwear,Midwest,West Gear,In-store,Indiana,30,900,30
1614,03-02-2021,Women's Street Footwear,Midwest,West Gear,In-store,Iowa,20,400,20
1615,03-01-2021,Women's Street Footwear,Midwest,West Gear,In-store,Iowa,20,500,25
1616,06-11-2021,Women's Street Footwear,Midwest,West Gear,In-store,Iowa,35,770,22
1617,05-12-2021,Women's Street Footwear,Midwest,West Gear,In-store,Iowa,50,1375,28
1618,11-02-2021,Women's Street Footwear,Midwest,West Gear,In-store,Missouri,15,638,43
1619,11-01-2021,Women's Street Footwear,Midwest,West Gear,In-store,Missouri,15,713,48
1620,17-12-2021,Women's Street Footwear,Midwest,West Gear,In-store,Missouri,35,1400,40
1621,03-04-2021,Women's Street Footwear,Midwest,West Gear,In-store,Wisconsin,10,150,15
1622,02-03-2021,Women's Street Footwear,Midwest,West Gear,In-store,Wisconsin,10,225,23
1623,04-09-2021,Women's Street Footwear,Midwest,West Gear,In-store,Wisconsin,25,375,15
1624,03-06-2021,Women's Street Footwear,Midwest,West Gear,In-store,Wisconsin,25,500,20
1625,03-10-2021,Women's Street Footwear,Midwest,West Gear,In-store,Wisconsin,35,438,13
1626,04-05-2021,Women's Street Footwear,Midwest,West Gear,In-store,Wisconsin,35,613,18
1627,03-11-2021,Women's Street Footwear,Midwest,West Gear,In-store,Wisconsin,35,858,25
1628,02-07-2021,Women's Street Footwear,Midwest,West Gear,In-store,Wisconsin,40,900,23
1629,03-08-2021,Women's Street Footwear,Midwest,West Gear,In-store,Wisconsin,40,900,23
1630,02-12-2021,Women's Street Footwear,Midwest,West Gear,In-store,Wisconsin,50,1500,30
1631,10-02-2021,Women's Street Footwear,Midwest,West Gear,In-store,Wisconsin,25,625,25
1632,10-01-2021,Women's Street Footwear,Midwest,West Gear,In-store,Wisconsin,25,750,30
1633,14-11-2021,Men's Apparel,Northeast,Amazon,In-store,Massachusetts,65,1625,25
1634,13-12-2021,Men's Apparel,Northeast,Amazon,In-store,Massachusetts,65,1950,30
1635,14-01-2021,Men's Apparel,Northeast,Amazon,In-store,Massachusetts,55,1238,23
1636,18-04-2021,Men's Apparel,Northeast,Amazon,In-store,New Hampshire,60,1050,18
1637,17-03-2021,Men's Apparel,Northeast,Amazon,In-store,New Hampshire,60,1200,20
1638,19-02-2021,Men's Apparel,Northeast,Amazon,In-store,New Hampshire,60,1650,28
1639,17-05-2021,Men's Apparel,Northeast,Amazon,In-store,New Hampshire,65,1950,30
1640,19-06-2021,Men's Apparel,Northeast,Amazon,In-store,New Hampshire,65,2113,33
1641,21-01-2021,Men's Apparel,Northeast,Amazon,In-store,Vermont,60,1350,23
1642,11-04-2021,Men's Apparel,Northeast,Amazon,In-store,Vermont,55,825,15
1643,10-03-2021,Men's Apparel,Northeast,Amazon,In-store,Vermont,55,963,18
1644,12-02-2021,Men's Apparel,Northeast,Amazon,In-store,Vermont,55,1238,23
1645,10-09-2021,Men's Apparel,Northeast,Amazon,In-store,Vermont,60,1200,20
1646,11-08-2021,Men's Apparel,Northeast,Amazon,In-store,Vermont,60,1350,23
1647,10-05-2021,Men's Apparel,Northeast,Amazon,In-store,Vermont,60,1650,28
1648,12-06-2021,Men's Apparel,Northeast,Amazon,In-store,Vermont,60,1800,30
1649,10-07-2021,Men's Apparel,Northeast,Amazon,In-store,Vermont,60,1950,33
1650,12-10-2021,Men's Apparel,Northeast,Amazon,In-store,Vermont,70,1225,18
1651,11-11-2021,Men's Apparel,Northeast,Amazon,In-store,Vermont,70,1925,28
1652,10-12-2021,Men's Apparel,Northeast,Amazon,In-store,Vermont,70,2275,33
1653,14-11-2021,Men's Athletic Footwear,Northeast,Amazon,In-store,Massachusetts,55,1650,30
1654,13-12-2021,Men's Athletic Footwear,Northeast,Amazon,In-store,Massachusetts,55,2063,38
1655,12-02-2021,Men's Athletic Footwear,Northeast,Amazon,In-store,Massachusetts,45,1013,23
1656,14-01-2021,Men's Athletic Footwear,Northeast,Amazon,In-store,Massachusetts,45,1463,33
1657,18-04-2021,Men's Athletic Footwear,Northeast,Amazon,In-store,New Hampshire,50,1250,25
1658,17-03-2021,Men's Athletic Footwear,Northeast,Amazon,In-store,New Hampshire,50,1375,28
1659,17-05-2021,Men's Athletic Footwear,Northeast,Amazon,In-store,New Hampshire,60,1800,30
1660,19-06-2021,Men's Athletic Footwear,Northeast,Amazon,In-store,New Hampshire,60,2550,43
1661,19-02-2021,Men's Athletic Footwear,Northeast,Amazon,In-store,Vermont,50,1250,25
1662,21-01-2021,Men's Athletic Footwear,Northeast,Amazon,In-store,Vermont,50,1625,33
1663,11-04-2021,Men's Athletic Footwear,Northeast,Amazon,In-store,Vermont,45,1013,23
1664,10-03-2021,Men's Athletic Footwear,Northeast,Amazon,In-store,Vermont,45,1125,25
1665,10-05-2021,Men's Athletic Footwear,Northeast,Amazon,In-store,Vermont,55,1513,28
1666,10-09-2021,Men's Athletic Footwear,Northeast,Amazon,In-store,Vermont,55,1788,33
1667,12-06-2021,Men's Athletic Footwear,Northeast,Amazon,In-store,Vermont,55,2200,40
1668,10-07-2021,Men's Athletic Footwear,Northeast,Amazon,In-store,Vermont,55,2338,43
1669,11-08-2021,Men's Athletic Footwear,Northeast,Amazon,In-store,Vermont,55,2338,43
1670,12-10-2021,Men's Athletic Footwear,Northeast,Amazon,In-store,Vermont,60,1800,30
1671,10-12-2021,Men's Athletic Footwear,Northeast,Amazon,In-store,Vermont,60,2400,40
1672,14-11-2021,Men's Street Footwear,Northeast,Amazon,In-store,Massachusetts,65,2438,38
1673,13-12-2021,Men's Street Footwear,Northeast,Amazon,In-store,Massachusetts,65,3738,58
1674,14-01-2021,Men's Street Footwear,Northeast,Amazon,In-store,Massachusetts,45,2363,53
1675,12-02-2021,Men's Street Footwear,Northeast,Amazon,In-store,Massachusetts,45,2588,58
1676,18-04-2021,Men's Street Footwear,Northeast,Amazon,In-store,New Hampshire,50,2750,55
1677,17-03-2021,Men's Street Footwear,Northeast,Amazon,In-store,New Hampshire,50,2850,57
1678,17-05-2021,Men's Street Footwear,Northeast,Amazon,In-store,New Hampshire,65,3868,60
1679,19-06-2021,Men's Street Footwear,Northeast,Amazon,In-store,New Hampshire,65,4388,68
1680,17-07-2021,Men's Street Footwear,Northeast,Amazon,In-store,New Hampshire,65,4550,70
1681,21-01-2021,Men's Street Footwear,Northeast,Amazon,In-store,Vermont,50,2625,53
1682,19-02-2021,Men's Street Footwear,Northeast,Amazon,In-store,Vermont,50,3000,60
1683,11-04-2021,Men's Street Footwear,Northeast,Amazon,In-store,Vermont,45,2363,53
1684,10-03-2021,Men's Street Footwear,Northeast,Amazon,In-store,Vermont,45,2453,55
1685,10-09-2021,Men's Street Footwear,Northeast,Amazon,In-store,Vermont,60,3150,53
1686,10-05-2021,Men's Street Footwear,Northeast,Amazon,In-store,Vermont,60,3420,57
1687,12-06-2021,Men's Street Footwear,Northeast,Amazon,In-store,Vermont,60,3900,65
1688,11-08-2021,Men's Street Footwear,Northeast,Amazon,In-store,Vermont,60,3900,65
1689,10-07-2021,Men's Street Footwear,Northeast,Amazon,In-store,Vermont,60,4050,68
1690,12-10-2021,Men's Street Footwear,Northeast,Amazon,In-store,Vermont,65,3088,48
1691,10-12-2021,Men's Street Footwear,Northeast,Amazon,In-store,Vermont,70,4200,60
1692,15-10-2021,Women's Apparel,Northeast,Amazon,In-store,Massachusetts,70,1575,23
1693,14-11-2021,Women's Apparel,Northeast,Amazon,In-store,Massachusetts,70,2450,35
1694,13-12-2021,Women's Apparel,Northeast,Amazon,In-store,Massachusetts,70,2800,40
1695,14-01-2021,Women's Apparel,Northeast,Amazon,In-store,Massachusetts,45,1463,33
1696,17-03-2021,Women's Apparel,Northeast,Amazon,In-store,New Hampshire,50,1500,30
1697,18-04-2021,Women's Apparel,Northeast,Amazon,In-store,New Hampshire,50,1625,33
1698,19-02-2021,Women's Apparel,Northeast,Amazon,In-store,New Hampshire,50,1875,38
1699,17-05-2021,Women's Apparel,Northeast,Amazon,In-store,New Hampshire,70,2975,43
1700,19-06-2021,Women's Apparel,Northeast,Amazon,In-store,New Hampshire,70,3325,48
1701,21-01-2021,Women's Apparel,Northeast,Amazon,In-store,Vermont,50,1625,33
1702,10-03-2021,Women's Apparel,Northeast,Amazon,In-store,Vermont,45,1238,28
1703,11-04-2021,Women's Apparel,Northeast,Amazon,In-store,Vermont,45,1350,30
1704,12-02-2021,Women's Apparel,Northeast,Amazon,In-store,Vermont,45,1463,33
1705,10-09-2021,Women's Apparel,Northeast,Amazon,In-store,Vermont,65,1950,30
1706,10-05-2021,Women's Apparel,Northeast,Amazon,In-store,Vermont,65,2600,40
1707,11-08-2021,Women's Apparel,Northeast,Amazon,In-store,Vermont,65,2600,40
1708,12-06-2021,Women's Apparel,Northeast,Amazon,In-store,Vermont,65,2925,45
1709,10-07-2021,Women's Apparel,Northeast,Amazon,In-store,Vermont,65,3250,50
1710,11-11-2021,Women's Apparel,Northeast,Amazon,In-store,Vermont,75,2813,38
1711,10-12-2021,Women's Apparel,Northeast,Amazon,In-store,Vermont,75,3188,43
1712,14-11-2021,Women's Athletic Footwear,Northeast,Amazon,In-store,Massachusetts,55,1513,28
1713,13-12-2021,Women's Athletic Footwear,Northeast,Amazon,In-store,Massachusetts,55,1650,30
1714,14-01-2021,Women's Athletic Footwear,Northeast,Amazon,In-store,Massachusetts,40,700,18
1715,17-03-2021,Women's Athletic Footwear,Northeast,Amazon,In-store,New Hampshire,45,675,15
1716,18-04-2021,Women's Athletic Footwear,Northeast,Amazon,In-store,New Hampshire,45,788,18
1717,19-02-2021,Women's Athletic Footwear,Northeast,Amazon,In-store,New Hampshire,45,900,20
1718,17-05-2021,Women's Athletic Footwear,Northeast,Amazon,In-store,New Hampshire,55,1513,28
1719,19-06-2021,Women's Athletic Footwear,Northeast,Amazon,In-store,New Hampshire,55,1788,33
1720,21-01-2021,Women's Athletic Footwear,Northeast,Amazon,In-store,Vermont,45,788,18
1721,10-03-2021,Women's Athletic Footwear,Northeast,Amazon,In-store,Vermont,40,500,13
1722,12-02-2021,Women's Athletic Footwear,Northeast,Amazon,In-store,Vermont,40,600,15
1723,11-04-2021,Women's Athletic Footwear,Northeast,Amazon,In-store,Vermont,40,600,15
1724,10-09-2021,Women's Athletic Footwear,Northeast,Amazon,In-store,Vermont,50,1000,20
1725,10-05-2021,Women's Athletic Footwear,Northeast,Amazon,In-store,Vermont,50,1250,25
1726,11-08-2021,Women's Athletic Footwear,Northeast,Amazon,In-store,Vermont,50,1250,25
1727,12-06-2021,Women's Athletic Footwear,Northeast,Amazon,In-store,Vermont,50,1500,30
1728,10-07-2021,Women's Athletic Footwear,Northeast,Amazon,In-store,Vermont,50,1500,30
1729,12-10-2021,Women's Athletic Footwear,Northeast,Amazon,In-store,Vermont,60,1050,18
1730,11-11-2021,Women's Athletic Footwear,Northeast,Amazon,In-store,Vermont,60,1800,30
1731,10-12-2021,Women's Athletic Footwear,Northeast,Amazon,In-store,Vermont,60,1950,33
1732,14-11-2021,Women's Street Footwear,Northeast,Amazon,In-store,Massachusetts,55,1623,30
1733,13-12-2021,Women's Street Footwear,Northeast,Amazon,In-store,Massachusetts,55,1925,35
1734,12-02-2021,Women's Street Footwear,Northeast,Amazon,In-store,Massachusetts,35,963,28
1735,14-01-2021,Women's Street Footwear,Northeast,Amazon,In-store,Massachusetts,35,1138,33
1736,18-04-2021,Women's Street Footwear,Northeast,Amazon,In-store,New Hampshire,40,1000,25
1737,17-03-2021,Women's Street Footwear,Northeast,Amazon,In-store,New Hampshire,40,1200,30
1738,17-05-2021,Women's Street Footwear,Northeast,Amazon,In-store,New Hampshire,55,1788,33
1739,19-06-2021,Women's Street Footwear,Northeast,Amazon,In-store,New Hampshire,55,1925,35
1740,19-02-2021,Women's Street Footwear,Northeast,Amazon,In-store,Vermont,40,1200,30
1741,21-01-2021,Women's Street Footwear,Northeast,Amazon,In-store,Vermont,40,1300,33
1742,11-04-2021,Women's Street Footwear,Northeast,Amazon,In-store,Vermont,35,788,23
1743,10-03-2021,Women's Street Footwear,Northeast,Amazon,In-store,Vermont,35,963,28
1744,10-09-2021,Women's Street Footwear,Northeast,Amazon,In-store,Vermont,50,1125,23
1745,10-05-2021,Women's Street Footwear,Northeast,Amazon,In-store,Vermont,50,1500,30
1746,12-06-2021,Women's Street Footwear,Northeast,Amazon,In-store,Vermont,50,1625,33
1747,10-07-2021,Women's Street Footwear,Northeast,Amazon,In-store,Vermont,50,1750,35
1748,11-08-2021,Women's Street Footwear,Northeast,Amazon,In-store,Vermont,50,1750,35
1749,12-10-2021,Women's Street Footwear,Northeast,Amazon,In-store,Vermont,60,1200,20
1750,10-12-2021,Women's Street Footwear,Northeast,Amazon,In-store,Vermont,60,2250,38
1751,10-01-2021,Men's Apparel,Northeast,Foot Locker,In-store,Connecticut,45,563,13
1752,04-11-2021,Men's Apparel,Northeast,Foot Locker,In-store,Connecticut,65,1625,25
1753,03-12-2021,Men's Apparel,Northeast,Foot Locker,In-store,Connecticut,65,1950,30
1754,14-04-2021,Men's Apparel,Northeast,Foot Locker,In-store,Delaware,50,750,15
1755,13-03-2021,Men's Apparel,Northeast,Foot Locker,In-store,Delaware,50,875,18
1756,15-02-2021,Men's Apparel,Northeast,Foot Locker,In-store,Delaware,50,1125,23
1757,13-09-2021,Men's Apparel,Northeast,Foot Locker,In-store,Delaware,55,1100,20
1758,14-08-2021,Men's Apparel,Northeast,Foot Locker,In-store,Delaware,55,1238,23
1759,13-05-2021,Men's Apparel,Northeast,Foot Locker,In-store,Delaware,55,1513,28
1760,15-06-2021,Men's Apparel,Northeast,Foot Locker,In-store,Delaware,55,1650,30
1761,13-07-2021,Men's Apparel,Northeast,Foot Locker,In-store,Delaware,55,1788,33
1762,15-10-2021,Men's Apparel,Northeast,Foot Locker,In-store,Delaware,65,1138,18
1763,22-06-2021,Men's Apparel,Northeast,Foot Locker,In-store,Maryland,50,750,15
1764,17-01-2021,Men's Apparel,Northeast,Foot Locker,In-store,Maryland,50,1125,23
1765,22-10-2021,Men's Apparel,Northeast,Foot Locker,In-store,Maryland,60,450,8
1766,21-11-2021,Men's Apparel,Northeast,Foot Locker,In-store,Maryland,60,750,13
1767,20-12-2021,Men's Apparel,Northeast,Foot Locker,In-store,Maryland,60,1050,18
1768,07-04-2021,Men's Apparel,Northeast,Foot Locker,In-store,Rhode Island,45,225,5
1769,06-03-2021,Men's Apparel,Northeast,Foot Locker,In-store,Rhode Island,45,338,8
1770,08-02-2021,Men's Apparel,Northeast,Foot Locker,In-store,Rhode Island,45,563,13
1771,06-09-2021,Men's Apparel,Northeast,Foot Locker,In-store,Rhode Island,50,500,10
1772,07-08-2021,Men's Apparel,Northeast,Foot Locker,In-store,Rhode Island,50,625,13
1773,06-05-2021,Men's Apparel,Northeast,Foot Locker,In-store,Rhode Island,50,875,18
1774,08-06-2021,Men's Apparel,Northeast,Foot Locker,In-store,Rhode Island,50,1000,20
1775,06-07-2021,Men's Apparel,Northeast,Foot Locker,In-store,Rhode Island,50,1125,23
1776,08-10-2021,Men's Apparel,Northeast,Foot Locker,In-store,Rhode Island,60,450,8
1777,24-01-2021,Men's Apparel,Northeast,Foot Locker,In-store,West Virginia,45,563,13
1778,17-11-2021,Men's Apparel,Northeast,Foot Locker,In-store,West Virginia,65,1950,30
1779,16-12-2021,Men's Apparel,Northeast,Foot Locker,In-store,West Virginia,65,2275,35
1780,08-02-2021,Men's Athletic Footwear,Northeast,Foot Locker,In-store,Connecticut,35,438,13
1781,10-01-2021,Men's Athletic Footwear,Northeast,Foot Locker,In-store,Connecticut,35,788,23
1782,04-11-2021,Men's Athletic Footwear,Northeast,Foot Locker,In-store,Connecticut,55,1650,30
1783,03-12-2021,Men's Athletic Footwear,Northeast,Foot Locker,In-store,Connecticut,55,2063,38
1784,14-04-2021,Men's Athletic Footwear,Northeast,Foot Locker,In-store,Delaware,40,900,23
1785,13-03-2021,Men's Athletic Footwear,Northeast,Foot Locker,In-store,Delaware,40,1000,25
1786,13-05-2021,Men's Athletic Footwear,Northeast,Foot Locker,In-store,Delaware,50,1375,28
1787,13-09-2021,Men's Athletic Footwear,Northeast,Foot Locker,In-store,Delaware,50,1625,33
1788,15-06-2021,Men's Athletic Footwear,Northeast,Foot Locker,In-store,Delaware,50,2000,40
1789,13-07-2021,Men's Athletic Footwear,Northeast,Foot Locker,In-store,Delaware,50,2125,43
1790,14-08-2021,Men's Athletic Footwear,Northeast,Foot Locker,In-store,Delaware,50,2125,43
1791,15-10-2021,Men's Athletic Footwear,Northeast,Foot Locker,In-store,Delaware,55,1650,30
1792,15-02-2021,Men's Athletic Footwear,Northeast,Foot Locker,In-store,Maryland,40,900,23
1793,17-01-2021,Men's Athletic Footwear,Northeast,Foot Locker,In-store,Maryland,40,1300,33
1794,21-11-2021,Men's Athletic Footwear,Northeast,Foot Locker,In-store,Maryland,50,875,18
1795,20-12-2021,Men's Athletic Footwear,Northeast,Foot Locker,In-store,Maryland,50,1250,25
1796,07-04-2021,Men's Athletic Footwear,Northeast,Foot Locker,In-store,Rhode Island,35,438,13
1797,06-03-2021,Men's Athletic Footwear,Northeast,Foot Locker,In-store,Rhode Island,35,525,15
1798,06-05-2021,Men's Athletic Footwear,Northeast,Foot Locker,In-store,Rhode Island,45,788,18
1799,06-09-2021,Men's Athletic Footwear,Northeast,Foot Locker,In-store,Rhode Island,45,1013,23
1800,08-06-2021,Men's Athletic Footwear,Northeast,Foot Locker,In-store,Rhode Island,45,1350,30
1801,06-07-2021,Men's Athletic Footwear,Northeast,Foot Locker,In-store,Rhode Island,45,1463,33
1802,07-08-2021,Men's Athletic Footwear,Northeast,Foot Locker,In-store,Rhode Island,45,1463,33
1803,08-10-2021,Men's Athletic Footwear,Northeast,Foot Locker,In-store,Rhode Island,50,1000,20
1804,24-01-2021,Men's Athletic Footwear,Northeast,Foot Locker,In-store,West Virginia,35,788,23
1805,17-11-2021,Men's Athletic Footwear,Northeast,Foot Locker,In-store,West Virginia,35,1225,35
1806,16-12-2021,Men's Athletic Footwear,Northeast,Foot Locker,In-store,West Virginia,55,2475,45
1807,10-01-2021,Men's Street Footwear,Northeast,Foot Locker,In-store,Connecticut,35,1488,43
1808,08-02-2021,Men's Street Footwear,Northeast,Foot Locker,In-store,Connecticut,35,1663,48
1809,04-11-2021,Men's Street Footwear,Northeast,Foot Locker,In-store,Connecticut,65,2763,43
1810,03-12-2021,Men's Street Footwear,Northeast,Foot Locker,In-store,Connecticut,65,3738,58
1811,14-04-2021,Men's Street Footwear,Northeast,Foot Locker,In-store,Delaware,40,2100,53
1812,13-03-2021,Men's Street Footwear,Northeast,Foot Locker,In-store,Delaware,40,2180,55
1813,13-09-2021,Men's Street Footwear,Northeast,Foot Locker,In-store,Delaware,55,2888,53
1814,13-05-2021,Men's Street Footwear,Northeast,Foot Locker,In-store,Delaware,55,3135,57
1815,15-06-2021,Men's Street Footwear,Northeast,Foot Locker,In-store,Delaware,55,3575,65
1816,14-08-2021,Men's Street Footwear,Northeast,Foot Locker,In-store,Delaware,55,3575,65
1817,13-07-2021,Men's Street Footwear,Northeast,Foot Locker,In-store,Delaware,55,3713,68
1818,15-10-2021,Men's Street Footwear,Northeast,Foot Locker,In-store,Delaware,60,2850,48
1819,17-01-2021,Men's Street Footwear,Northeast,Foot Locker,In-store,Maryland,40,2100,53
1820,15-02-2021,Men's Street Footwear,Northeast,Foot Locker,In-store,Maryland,40,2300,58
1821,20-07-2021,Men's Street Footwear,Northeast,Foot Locker,In-store,Maryland,50,2625,53
1822,21-11-2021,Men's Street Footwear,Northeast,Foot Locker,In-store,Maryland,60,2100,35
1823,20-12-2021,Men's Street Footwear,Northeast,Foot Locker,In-store,Maryland,60,2700,45
1824,07-04-2021,Men's Street Footwear,Northeast,Foot Locker,In-store,Rhode Island,35,1488,43
1825,06-03-2021,Men's Street Footwear,Northeast,Foot Locker,In-store,Rhode Island,35,1558,45
1826,06-09-2021,Men's Street Footwear,Northeast,Foot Locker,In-store,Rhode Island,50,2125,43
1827,06-05-2021,Men's Street Footwear,Northeast,Foot Locker,In-store,Rhode Island,50,2350,47
1828,08-06-2021,Men's Street Footwear,Northeast,Foot Locker,In-store,Rhode Island,50,2750,55
1829,07-08-2021,Men's Street Footwear,Northeast,Foot Locker,In-store,Rhode Island,50,2750,55
1830,06-07-2021,Men's Street Footwear,Northeast,Foot Locker,In-store,Rhode Island,50,2875,58
1831,08-10-2021,Men's Street Footwear,Northeast,Foot Locker,In-store,Rhode Island,55,2063,38
1832,24-01-2021,Men's Street Footwear,Northeast,Foot Locker,In-store,West Virginia,35,1488,43
1833,22-02-2021,Men's Street Footwear,Northeast,Foot Locker,In-store,West Virginia,35,1663,48
1834,17-11-2021,Men's Street Footwear,Northeast,Foot Locker,In-store,West Virginia,45,2025,45
1835,16-12-2021,Men's Street Footwear,Northeast,Foot Locker,In-store,West Virginia,65,4225,65
1836,05-10-2021,Women's Apparel,Northeast,Foot Locker,In-store,Connecticut,70,1925,28
1837,04-11-2021,Women's Apparel,Northeast,Foot Locker,In-store,Connecticut,70,2450,35
1838,03-12-2021,Women's Apparel,Northeast,Foot Locker,In-store,Connecticut,70,2800,40
1839,10-01-2021,Women's Apparel,Northeast,Foot Locker,In-store,Connecticut,35,788,23
1840,13-03-2021,Women's Apparel,Northeast,Foot Locker,In-store,Delaware,40,1100,28
1841,14-04-2021,Women's Apparel,Northeast,Foot Locker,In-store,Delaware,40,1200,30
1842,15-02-2021,Women's Apparel,Northeast,Foot Locker,In-store,Delaware,40,1300,33
1843,13-09-2021,Women's Apparel,Northeast,Foot Locker,In-store,Delaware,60,1800,30
1844,13-05-2021,Women's Apparel,Northeast,Foot Locker,In-store,Delaware,60,2400,40
1845,14-08-2021,Women's Apparel,Northeast,Foot Locker,In-store,Delaware,60,2400,40
1846,15-06-2021,Women's Apparel,Northeast,Foot Locker,In-store,Delaware,60,2700,45
1847,13-07-2021,Women's Apparel,Northeast,Foot Locker,In-store,Delaware,60,3000,50
1848,22-06-2021,Women's Apparel,Northeast,Foot Locker,In-store,Maryland,55,1650,30
1849,22-10-2021,Women's Apparel,Northeast,Foot Locker,In-store,Maryland,65,1300,20
1850,21-11-2021,Women's Apparel,Northeast,Foot Locker,In-store,Maryland,65,1463,23
1851,20-12-2021,Women's Apparel,Northeast,Foot Locker,In-store,Maryland,65,1788,28
1852,17-01-2021,Women's Apparel,Northeast,Foot Locker,In-store,Maryland,40,1300,33
1853,06-03-2021,Women's Apparel,Northeast,Foot Locker,In-store,Rhode Island,35,613,18
1854,07-04-2021,Women's Apparel,Northeast,Foot Locker,In-store,Rhode Island,35,700,20
1855,08-02-2021,Women's Apparel,Northeast,Foot Locker,In-store,Rhode Island,35,788,23
1856,06-09-2021,Women's Apparel,Northeast,Foot Locker,In-store,Rhode Island,55,1100,20
1857,06-05-2021,Women's Apparel,Northeast,Foot Locker,In-store,Rhode Island,55,1650,30
1858,07-08-2021,Women's Apparel,Northeast,Foot Locker,In-store,Rhode Island,55,1650,30
1859,08-06-2021,Women's Apparel,Northeast,Foot Locker,In-store,Rhode Island,55,1925,35
1860,06-07-2021,Women's Apparel,Northeast,Foot Locker,In-store,Rhode Island,55,2200,40
1861,24-01-2021,Women's Apparel,Northeast,Foot Locker,In-store,West Virginia,35,788,23
1862,17-10-2021,Women's Apparel,Northeast,Foot Locker,In-store,West Virginia,50,1500,30
1863,17-11-2021,Women's Apparel,Northeast,Foot Locker,In-store,West Virginia,70,2800,40
1864,16-12-2021,Women's Apparel,Northeast,Foot Locker,In-store,West Virginia,70,3150,45
1865,04-11-2021,Women's Athletic Footwear,Northeast,Foot Locker,In-store,Connecticut,55,1513,28
1866,03-12-2021,Women's Athletic Footwear,Northeast,Foot Locker,In-store,Connecticut,55,1650,30
1867,10-01-2021,Women's Athletic Footwear,Northeast,Foot Locker,In-store,Connecticut,30,225,8
1868,13-03-2021,Women's Athletic Footwear,Northeast,Foot Locker,In-store,Delaware,35,438,13
1869,15-02-2021,Women's Athletic Footwear,Northeast,Foot Locker,In-store,Delaware,35,525,15
1870,14-04-2021,Women's Athletic Footwear,Northeast,Foot Locker,In-store,Delaware,35,525,15
1871,13-09-2021,Women's Athletic Footwear,Northeast,Foot Locker,In-store,Delaware,45,900,20
1872,13-05-2021,Women's Athletic Footwear,Northeast,Foot Locker,In-store,Delaware,45,1125,25
1873,14-08-2021,Women's Athletic Footwear,Northeast,Foot Locker,In-store,Delaware,45,1125,25
1874,15-06-2021,Women's Athletic Footwear,Northeast,Foot Locker,In-store,Delaware,45,1350,30
1875,13-07-2021,Women's Athletic Footwear,Northeast,Foot Locker,In-store,Delaware,45,1350,30
1876,15-10-2021,Women's Athletic Footwear,Northeast,Foot Locker,In-store,Delaware,55,963,18
1877,22-06-2021,Women's Athletic Footwear,Northeast,Foot Locker,In-store,Maryland,40,600,15
1878,22-10-2021,Women's Athletic Footwear,Northeast,Foot Locker,In-store,Maryland,50,375,8
1879,21-11-2021,Women's Athletic Footwear,Northeast,Foot Locker,In-store,Maryland,50,750,15
1880,20-12-2021,Women's Athletic Footwear,Northeast,Foot Locker,In-store,Maryland,50,875,18
1881,17-01-2021,Women's Athletic Footwear,Northeast,Foot Locker,In-store,Maryland,35,613,18
1882,06-03-2021,Women's Athletic Footwear,Northeast,Foot Locker,In-store,Rhode Island,30,75,3
1883,08-02-2021,Women's Athletic Footwear,Northeast,Foot Locker,In-store,Rhode Island,30,150,5
1884,07-04-2021,Women's Athletic Footwear,Northeast,Foot Locker,In-store,Rhode Island,30,150,5
1885,06-09-2021,Women's Athletic Footwear,Northeast,Foot Locker,In-store,Rhode Island,40,400,10
1886,06-05-2021,Women's Athletic Footwear,Northeast,Foot Locker,In-store,Rhode Island,40,600,15
1887,07-08-2021,Women's Athletic Footwear,Northeast,Foot Locker,In-store,Rhode Island,40,600,15
1888,08-06-2021,Women's Athletic Footwear,Northeast,Foot Locker,In-store,Rhode Island,40,800,20
1889,06-07-2021,Women's Athletic Footwear,Northeast,Foot Locker,In-store,Rhode Island,40,800,20
1890,08-10-2021,Women's Athletic Footwear,Northeast,Foot Locker,In-store,Rhode Island,50,375,8
1891,24-01-2021,Women's Athletic Footwear,Northeast,Foot Locker,In-store,West Virginia,30,225,8
1892,17-11-2021,Women's Athletic Footwear,Northeast,Foot Locker,In-store,West Virginia,40,1300,33
1893,16-12-2021,Women's Athletic Footwear,Northeast,Foot Locker,In-store,West Virginia,55,1925,35
1894,04-11-2021,Women's Street Footwear,Northeast,Foot Locker,In-store,Connecticut,55,1623,30
1895,03-12-2021,Women's Street Footwear,Northeast,Foot Locker,In-store,Connecticut,55,1925,35
1896,08-02-2021,Women's Street Footwear,Northeast,Foot Locker,In-store,Connecticut,25,438,18
1897,10-01-2021,Women's Street Footwear,Northeast,Foot Locker,In-store,Connecticut,25,563,23
1898,14-04-2021,Women's Street Footwear,Northeast,Foot Locker,In-store,Delaware,30,675,23
1899,13-03-2021,Women's Street Footwear,Northeast,Foot Locker,In-store,Delaware,30,825,28
1900,13-09-2021,Women's Street Footwear,Northeast,Foot Locker,In-store,Delaware,45,1013,23
1901,13-05-2021,Women's Street Footwear,Northeast,Foot Locker,In-store,Delaware,45,1350,30
1902,15-06-2021,Women's Street Footwear,Northeast,Foot Locker,In-store,Delaware,45,1463,33
1903,13-07-2021,Women's Street Footwear,Northeast,Foot Locker,In-store,Delaware,45,1575,35
1904,14-08-2021,Women's Street Footwear,Northeast,Foot Locker,In-store,Delaware,45,1575,35
1905,15-10-2021,Women's Street Footwear,Northeast,Foot Locker,In-store,Delaware,55,1100,20
1906,22-06-2021,Women's Street Footwear,Northeast,Foot Locker,In-store,Maryland,40,700,18
1907,21-11-2021,Women's Street Footwear,Northeast,Foot Locker,In-store,Maryland,50,850,17
1908,20-12-2021,Women's Street Footwear,Northeast,Foot Locker,In-store,Maryland,50,1125,23
1909,15-02-2021,Women's Street Footwear,Northeast,Foot Locker,In-store,Maryland,30,825,28
1910,17-01-2021,Women's Street Footwear,Northeast,Foot Locker,In-store,Maryland,30,975,33
1911,07-04-2021,Women's Street Footwear,Northeast,Foot Locker,In-store,Rhode Island,25,313,13
1912,06-03-2021,Women's Street Footwear,Northeast,Foot Locker,In-store,Rhode Island,25,438,18
1913,06-09-2021,Women's Street Footwear,Northeast,Foot Locker,In-store,Rhode Island,40,500,13
1914,06-05-2021,Women's Street Footwear,Northeast,Foot Locker,In-store,Rhode Island,40,800,20
1915,08-06-2021,Women's Street Footwear,Northeast,Foot Locker,In-store,Rhode Island,40,900,23
1916,06-07-2021,Women's Street Footwear,Northeast,Foot Locker,In-store,Rhode Island,40,1000,25
1917,07-08-2021,Women's Street Footwear,Northeast,Foot Locker,In-store,Rhode Island,40,1000,25
1918,08-10-2021,Women's Street Footwear,Northeast,Foot Locker,In-store,Rhode Island,50,500,10
1919,24-01-2021,Women's Street Footwear,Northeast,Foot Locker,In-store,West Virginia,25,563,23
1920,17-11-2021,Women's Street Footwear,Northeast,Foot Locker,In-store,West Virginia,35,1033,30
1921,10-01-2021,Men's Apparel,Northeast,Kohl's,In-store,Delaware,45,788,18
1922,14-11-2021,Men's Apparel,Northeast,Kohl's,In-store,Delaware,65,1788,28
1923,13-12-2021,Men's Apparel,Northeast,Kohl's,In-store,Delaware,65,2113,33
1924,07-04-2021,Men's Apparel,Northeast,Kohl's,In-store,New Jersey,45,450,10
1925,06-03-2021,Men's Apparel,Northeast,Kohl's,In-store,New Jersey,45,563,13
1926,08-02-2021,Men's Apparel,Northeast,Kohl's,In-store,New Jersey,45,788,18
1927,06-09-2021,Men's Apparel,Northeast,Kohl's,In-store,New Jersey,50,750,15
1928,07-08-2021,Men's Apparel,Northeast,Kohl's,In-store,New Jersey,50,875,18
1929,06-05-2021,Men's Apparel,Northeast,Kohl's,In-store,New Jersey,50,1125,23
1930,08-06-2021,Men's Apparel,Northeast,Kohl's,In-store,New Jersey,50,1250,25
1931,06-07-2021,Men's Apparel,Northeast,Kohl's,In-store,New Jersey,50,1375,28
1932,08-10-2021,Men's Apparel,Northeast,Kohl's,In-store,New Jersey,60,750,13
1933,14-01-2021,Men's Apparel,Northeast,Kohl's,In-store,New York,50,2500,50
1934,08-12-2021,Men's Apparel,Northeast,Kohl's,In-store,New York,65,3738,58
1935,08-02-2021,Men's Athletic Footwear,Northeast,Kohl's,In-store,Delaware,35,613,18
1936,10-01-2021,Men's Athletic Footwear,Northeast,Kohl's,In-store,Delaware,35,963,28
1937,14-11-2021,Men's Athletic Footwear,Northeast,Kohl's,In-store,Delaware,55,1788,33
1938,13-12-2021,Men's Athletic Footwear,Northeast,Kohl's,In-store,Delaware,55,2200,40
1939,07-04-2021,Men's Athletic Footwear,Northeast,Kohl's,In-store,New Jersey,35,613,18
1940,06-03-2021,Men's Athletic Footwear,Northeast,Kohl's,In-store,New Jersey,35,700,20
1941,06-05-2021,Men's Athletic Footwear,Northeast,Kohl's,In-store,New Jersey,45,1013,23
1942,06-09-2021,Men's Athletic Footwear,Northeast,Kohl's,In-store,New Jersey,45,1238,28
1943,08-06-2021,Men's Athletic Footwear,Northeast,Kohl's,In-store,New Jersey,45,1575,35
1944,06-07-2021,Men's Athletic Footwear,Northeast,Kohl's,In-store,New Jersey,45,1688,38
1945,07-08-2021,Men's Athletic Footwear,Northeast,Kohl's,In-store,New Jersey,45,1688,38
1946,08-10-2021,Men's Athletic Footwear,Northeast,Kohl's,In-store,New Jersey,50,1250,25
1947,12-02-2021,Men's Athletic Footwear,Northeast,Kohl's,In-store,New York,40,2000,50
1948,14-01-2021,Men's Athletic Footwear,Northeast,Kohl's,In-store,New York,40,2400,60
1949,10-01-2021,Men's Street Footwear,Northeast,Kohl's,In-store,Delaware,35,1663,48
1950,08-02-2021,Men's Street Footwear,Northeast,Kohl's,In-store,Delaware,35,1838,53
1951,14-11-2021,Men's Street Footwear,Northeast,Kohl's,In-store,Delaware,65,2925,45
1952,13-12-2021,Men's Street Footwear,Northeast,Kohl's,In-store,Delaware,65,3900,60
1953,07-04-2021,Men's Street Footwear,Northeast,Kohl's,In-store,New Jersey,35,1663,48
1954,06-03-2021,Men's Street Footwear,Northeast,Kohl's,In-store,New Jersey,35,1733,50
1955,06-09-2021,Men's Street Footwear,Northeast,Kohl's,In-store,New Jersey,50,2375,48
1956,06-05-2021,Men's Street Footwear,Northeast,Kohl's,In-store,New Jersey,50,2600,52
1957,08-06-2021,Men's Street Footwear,Northeast,Kohl's,In-store,New Jersey,50,3000,60
1958,07-08-2021,Men's Street Footwear,Northeast,Kohl's,In-store,New Jersey,50,3000,60
1959,06-07-2021,Men's Street Footwear,Northeast,Kohl's,In-store,New Jersey,50,3125,63
1960,08-10-2021,Men's Street Footwear,Northeast,Kohl's,In-store,New Jersey,55,2338,43
1961,14-01-2021,Men's Street Footwear,Northeast,Kohl's,In-store,New York,40,3200,80
1962,12-02-2021,Men's Street Footwear,Northeast,Kohl's,In-store,New York,40,3400,85
1963,10-01-2021,Women's Apparel,Northeast,Kohl's,In-store,Delaware,35,963,28
1964,15-10-2021,Women's Apparel,Northeast,Kohl's,In-store,Delaware,70,2100,30
1965,14-11-2021,Women's Apparel,Northeast,Kohl's,In-store,Delaware,70,2625,38
1966,13-12-2021,Women's Apparel,Northeast,Kohl's,In-store,Delaware,70,2975,43
1967,06-03-2021,Women's Apparel,Northeast,Kohl's,In-store,New Jersey,35,788,23
1968,07-04-2021,Women's Apparel,Northeast,Kohl's,In-store,New Jersey,35,875,25
1969,08-02-2021,Women's Apparel,Northeast,Kohl's,In-store,New Jersey,35,963,28
1970,06-09-2021,Women's Apparel,Northeast,Kohl's,In-store,New Jersey,55,1375,25
1971,06-05-2021,Women's Apparel,Northeast,Kohl's,In-store,New Jersey,55,1925,35
1972,07-08-2021,Women's Apparel,Northeast,Kohl's,In-store,New Jersey,55,1925,35
1973,08-06-2021,Women's Apparel,Northeast,Kohl's,In-store,New Jersey,55,2200,40
1974,06-07-2021,Women's Apparel,Northeast,Kohl's,In-store,New Jersey,55,2475,45
1975,14-01-2021,Women's Apparel,Northeast,Kohl's,In-store,New York,40,2400,60
1976,08-12-2021,Women's Apparel,Northeast,Kohl's,In-store,New York,70,4725,68
1977,10-01-2021,Women's Athletic Footwear,Northeast,Kohl's,In-store,Delaware,30,375,13
1978,14-11-2021,Women's Athletic Footwear,Northeast,Kohl's,In-store,Delaware,55,1650,30
1979,13-12-2021,Women's Athletic Footwear,Northeast,Kohl's,In-store,Delaware,55,1788,33
1980,06-03-2021,Women's Athletic Footwear,Northeast,Kohl's,In-store,New Jersey,30,225,8
1981,08-02-2021,Women's Athletic Footwear,Northeast,Kohl's,In-store,New Jersey,30,300,10
1982,07-04-2021,Women's Athletic Footwear,Northeast,Kohl's,In-store,New Jersey,30,300,10
1983,06-09-2021,Women's Athletic Footwear,Northeast,Kohl's,In-store,New Jersey,40,600,15
1984,06-05-2021,Women's Athletic Footwear,Northeast,Kohl's,In-store,New Jersey,40,800,20
1985,07-08-2021,Women's Athletic Footwear,Northeast,Kohl's,In-store,New Jersey,40,800,20
1986,08-06-2021,Women's Athletic Footwear,Northeast,Kohl's,In-store,New Jersey,40,1000,25
1987,06-07-2021,Women's Athletic Footwear,Northeast,Kohl's,In-store,New Jersey,40,1000,25
1988,08-10-2021,Women's Athletic Footwear,Northeast,Kohl's,In-store,New Jersey,50,625,13
1989,08-12-2021,Women's Athletic Footwear,Northeast,Kohl's,In-store,New York,55,3163,58
1990,14-01-2021,Women's Athletic Footwear,Northeast,Kohl's,In-store,New York,35,1575,45
1991,08-02-2021,Women's Street Footwear,Northeast,Kohl's,In-store,Delaware,25,563,23
1992,10-01-2021,Women's Street Footwear,Northeast,Kohl's,In-store,Delaware,25,688,28
1993,14-11-2021,Women's Street Footwear,Northeast,Kohl's,In-store,Delaware,55,1760,32
1994,13-12-2021,Women's Street Footwear,Northeast,Kohl's,In-store,Delaware,55,2063,38
1995,07-04-2021,Women's Street Footwear,Northeast,Kohl's,In-store,New Jersey,25,438,18
1996,06-03-2021,Women's Street Footwear,Northeast,Kohl's,In-store,New Jersey,25,563,23
1997,06-09-2021,Women's Street Footwear,Northeast,Kohl's,In-store,New Jersey,40,700,18
1998,06-05-2021,Women's Street Footwear,Northeast,Kohl's,In-store,New Jersey,40,1000,25
1999,08-06-2021,Women's Street Footwear,Northeast,Kohl's,In-store,New Jersey,40,1100,28
2000,06-07-2021,Women's Street Footwear,Northeast,Kohl's,In-store,New Jersey,40,1200,30
2001,07-08-2021,Women's Street Footwear,Northeast,Kohl's,In-store,New Jersey,40,1200,30
2002,08-10-2021,Women's Street Footwear,Northeast,Kohl's,In-store,New Jersey,50,750,15
2003,08-12-2021,Women's Street Footwear,Northeast,Kohl's,In-store,New York,55,3438,63
2004,12-02-2021,Women's Street Footwear,Northeast,Kohl's,In-store,New York,30,1650,55
2005,14-01-2021,Women's Street Footwear,Northeast,Kohl's,In-store,New York,30,1800,60
2006,04-04-2021,Men's Apparel,Northeast,Sports Direct,In-store,Connecticut,50,625,13
2007,03-03-2021,Men's Apparel,Northeast,Sports Direct,In-store,Connecticut,50,750,15
2008,05-02-2021,Men's Apparel,Northeast,Sports Direct,In-store,Connecticut,50,1000,20
2009,03-09-2021,Men's Apparel,Northeast,Sports Direct,In-store,Connecticut,55,963,18
2010,04-08-2021,Men's Apparel,Northeast,Sports Direct,In-store,Connecticut,55,1100,20
2011,03-05-2021,Men's Apparel,Northeast,Sports Direct,In-store,Connecticut,55,1375,25
2012,05-06-2021,Men's Apparel,Northeast,Sports Direct,In-store,Connecticut,55,1513,28
2013,03-07-2021,Men's Apparel,Northeast,Sports Direct,In-store,Connecticut,55,1650,30
2014,05-10-2021,Men's Apparel,Northeast,Sports Direct,In-store,Connecticut,65,975,15
2015,20-09-2021,Men's Apparel,Northeast,Sports Direct,In-store,Maryland,50,500,10
2016,21-08-2021,Men's Apparel,Northeast,Sports Direct,In-store,Maryland,50,625,13
2017,20-07-2021,Men's Apparel,Northeast,Sports Direct,In-store,Maryland,50,875,18
2018,13-03-2021,Men's Apparel,Northeast,Sports Direct,In-store,Massachusetts,50,500,10
2019,14-04-2021,Men's Apparel,Northeast,Sports Direct,In-store,Massachusetts,50,625,13
2020,15-02-2021,Men's Apparel,Northeast,Sports Direct,In-store,Massachusetts,50,750,15
2021,13-09-2021,Men's Apparel,Northeast,Sports Direct,In-store,Massachusetts,55,688,13
2022,14-08-2021,Men's Apparel,Northeast,Sports Direct,In-store,Massachusetts,55,825,15
2023,13-05-2021,Men's Apparel,Northeast,Sports Direct,In-store,Massachusetts,55,1100,20
2024,15-06-2021,Men's Apparel,Northeast,Sports Direct,In-store,Massachusetts,55,1238,23
2025,13-07-2021,Men's Apparel,Northeast,Sports Direct,In-store,Massachusetts,55,1375,25
2026,15-10-2021,Men's Apparel,Northeast,Sports Direct,In-store,Massachusetts,65,650,10
2027,07-01-2021,Men's Apparel,Northeast,Sports Direct,In-store,New Jersey,50,1000,20
2028,07-11-2021,Men's Apparel,Northeast,Sports Direct,In-store,New Jersey,60,1350,23
2029,06-12-2021,Men's Apparel,Northeast,Sports Direct,In-store,New Jersey,60,1650,28
2030,17-01-2021,Men's Apparel,Northeast,Sports Direct,In-store,Rhode Island,50,750,15
2031,07-11-2021,Men's Apparel,Northeast,Sports Direct,In-store,Rhode Island,60,1050,18
2032,06-12-2021,Men's Apparel,Northeast,Sports Direct,In-store,Rhode Island,60,1350,23
2033,04-04-2021,Men's Athletic Footwear,Northeast,Sports Direct,In-store,Connecticut,40,800,20
2034,03-03-2021,Men's Athletic Footwear,Northeast,Sports Direct,In-store,Connecticut,40,900,23
2035,03-05-2021,Men's Athletic Footwear,Northeast,Sports Direct,In-store,Connecticut,50,1250,25
2036,03-09-2021,Men's Athletic Footwear,Northeast,Sports Direct,In-store,Connecticut,50,1500,30
2037,05-06-2021,Men's Athletic Footwear,Northeast,Sports Direct,In-store,Connecticut,50,1875,38
2038,03-07-2021,Men's Athletic Footwear,Northeast,Sports Direct,In-store,Connecticut,50,2000,40
2039,04-08-2021,Men's Athletic Footwear,Northeast,Sports Direct,In-store,Connecticut,50,2000,40
2040,05-10-2021,Men's Athletic Footwear,Northeast,Sports Direct,In-store,Connecticut,55,1513,28
2041,20-09-2021,Men's Athletic Footwear,Northeast,Sports Direct,In-store,Maryland,45,1013,23
2042,20-07-2021,Men's Athletic Footwear,Northeast,Sports Direct,In-store,Maryland,45,1238,28
2043,21-08-2021,Men's Athletic Footwear,Northeast,Sports Direct,In-store,Maryland,45,1238,28
2044,22-10-2021,Men's Athletic Footwear,Northeast,Sports Direct,In-store,Maryland,50,1000,20
2045,14-04-2021,Men's Athletic Footwear,Northeast,Sports Direct,In-store,Massachusetts,40,600,15
2046,13-03-2021,Men's Athletic Footwear,Northeast,Sports Direct,In-store,Massachusetts,40,700,18
2047,13-05-2021,Men's Athletic Footwear,Northeast,Sports Direct,In-store,Massachusetts,50,1000,20
2048,13-09-2021,Men's Athletic Footwear,Northeast,Sports Direct,In-store,Massachusetts,50,1250,25
2049,15-06-2021,Men's Athletic Footwear,Northeast,Sports Direct,In-store,Massachusetts,50,1625,33
2050,13-07-2021,Men's Athletic Footwear,Northeast,Sports Direct,In-store,Massachusetts,50,1750,35
2051,14-08-2021,Men's Athletic Footwear,Northeast,Sports Direct,In-store,Massachusetts,50,1750,35
2052,15-10-2021,Men's Athletic Footwear,Northeast,Sports Direct,In-store,Massachusetts,55,1238,23
2053,07-11-2021,Men's Athletic Footwear,Northeast,Sports Direct,In-store,New Jersey,50,1375,28
2054,06-12-2021,Men's Athletic Footwear,Northeast,Sports Direct,In-store,New Jersey,50,1750,35
2055,05-02-2021,Men's Athletic Footwear,Northeast,Sports Direct,In-store,New Jersey,40,800,20
2056,07-01-2021,Men's Athletic Footwear,Northeast,Sports Direct,In-store,New Jersey,40,1200,30
2057,15-02-2021,Men's Athletic Footwear,Northeast,Sports Direct,In-store,Rhode Island,40,600,15
2058,17-01-2021,Men's Athletic Footwear,Northeast,Sports Direct,In-store,Rhode Island,40,1000,25
2059,07-11-2021,Men's Athletic Footwear,Northeast,Sports Direct,In-store,Rhode Island,50,1125,23
2060,06-12-2021,Men's Athletic Footwear,Northeast,Sports Direct,In-store,Rhode Island,50,1500,30
2061,04-04-2021,Men's Street Footwear,Northeast,Sports Direct,In-store,Connecticut,40,2000,50
2062,03-03-2021,Men's Street Footwear,Northeast,Sports Direct,In-store,Connecticut,40,2080,52
2063,03-09-2021,Men's Street Footwear,Northeast,Sports Direct,In-store,Connecticut,55,2750,50
2064,03-05-2021,Men's Street Footwear,Northeast,Sports Direct,In-store,Connecticut,55,2998,55
2065,05-06-2021,Men's Street Footwear,Northeast,Sports Direct,In-store,Connecticut,55,3438,63
2066,04-08-2021,Men's Street Footwear,Northeast,Sports Direct,In-store,Connecticut,55,3438,63
2067,03-07-2021,Men's Street Footwear,Northeast,Sports Direct,In-store,Connecticut,55,3575,65
2068,05-10-2021,Men's Street Footwear,Northeast,Sports Direct,In-store,Connecticut,60,2700,45
2069,20-09-2021,Men's Street Footwear,Northeast,Sports Direct,In-store,Maryland,50,2125,43
2070,21-08-2021,Men's Street Footwear,Northeast,Sports Direct,In-store,Maryland,50,2500,50
2071,22-10-2021,Men's Street Footwear,Northeast,Sports Direct,In-store,Maryland,55,2063,38
2072,14-04-2021,Men's Street Footwear,Northeast,Sports Direct,In-store,Massachusetts,40,1800,45
2073,13-03-2021,Men's Street Footwear,Northeast,Sports Direct,In-store,Massachusetts,40,1880,47
2074,13-09-2021,Men's Street Footwear,Northeast,Sports Direct,In-store,Massachusetts,55,2475,45
2075,13-05-2021,Men's Street Footwear,Northeast,Sports Direct,In-store,Massachusetts,55,2723,50
2076,15-06-2021,Men's Street Footwear,Northeast,Sports Direct,In-store,Massachusetts,55,3163,58
2077,14-08-2021,Men's Street Footwear,Northeast,Sports Direct,In-store,Massachusetts,55,3163,58
2078,13-07-2021,Men's Street Footwear,Northeast,Sports Direct,In-store,Massachusetts,55,3300,60
2079,15-10-2021,Men's Street Footwear,Northeast,Sports Direct,In-store,Massachusetts,60,2400,40
2080,07-11-2021,Men's Street Footwear,Northeast,Sports Direct,In-store,New Jersey,60,2400,40
2081,06-12-2021,Men's Street Footwear,Northeast,Sports Direct,In-store,New Jersey,60,3300,55
2082,07-01-2021,Men's Street Footwear,Northeast,Sports Direct,In-store,New Jersey,40,2000,50
2083,05-02-2021,Men's Street Footwear,Northeast,Sports Direct,In-store,New Jersey,40,2200,55
2084,17-01-2021,Men's Street Footwear,Northeast,Sports Direct,In-store,Rhode Island,40,1800,45
2085,15-02-2021,Men's Street Footwear,Northeast,Sports Direct,In-store,Rhode Island,40,2000,50
2086,07-11-2021,Men's Street Footwear,Northeast,Sports Direct,In-store,Rhode Island,60,2100,35
2087,06-12-2021,Men's Street Footwear,Northeast,Sports Direct,In-store,Rhode Island,60,3000,50
2088,03-03-2021,Women's Apparel,Northeast,Sports Direct,In-store,Connecticut,40,1000,25
2089,04-04-2021,Women's Apparel,Northeast,Sports Direct,In-store,Connecticut,40,1100,28
2090,05-02-2021,Women's Apparel,Northeast,Sports Direct,In-store,Connecticut,40,1200,30
2091,03-09-2021,Women's Apparel,Northeast,Sports Direct,In-store,Connecticut,60,1650,28
2092,03-05-2021,Women's Apparel,Northeast,Sports Direct,In-store,Connecticut,60,2250,38
2093,04-08-2021,Women's Apparel,Northeast,Sports Direct,In-store,Connecticut,60,2250,38
2094,05-06-2021,Women's Apparel,Northeast,Sports Direct,In-store,Connecticut,60,2550,43
2095,03-07-2021,Women's Apparel,Northeast,Sports Direct,In-store,Connecticut,60,2850,48
2096,20-09-2021,Women's Apparel,Northeast,Sports Direct,In-store,Maryland,55,1100,20
2097,21-08-2021,Women's Apparel,Northeast,Sports Direct,In-store,Maryland,55,1650,30
2098,20-07-2021,Women's Apparel,Northeast,Sports Direct,In-store,Maryland,55,1925,35
2099,13-03-2021,Women's Apparel,Northeast,Sports Direct,In-store,Massachusetts,40,800,20
2100,15-02-2021,Women's Apparel,Northeast,Sports Direct,In-store,Massachusetts,40,1000,25
2101,14-04-2021,Women's Apparel,Northeast,Sports Direct,In-store,Massachusetts,40,1100,28
2102,13-09-2021,Women's Apparel,Northeast,Sports Direct,In-store,Massachusetts,60,1350,23
2103,13-05-2021,Women's Apparel,Northeast,Sports Direct,In-store,Massachusetts,60,1950,33
2104,14-08-2021,Women's Apparel,Northeast,Sports Direct,In-store,Massachusetts,60,1950,33
2105,15-06-2021,Women's Apparel,Northeast,Sports Direct,In-store,Massachusetts,60,2250,38
2106,13-07-2021,Women's Apparel,Northeast,Sports Direct,In-store,Massachusetts,60,2550,43
2107,07-01-2021,Women's Apparel,Northeast,Sports Direct,In-store,New Jersey,40,1200,30
2108,08-10-2021,Women's Apparel,Northeast,Sports Direct,In-store,New Jersey,65,1625,25
2109,07-11-2021,Women's Apparel,Northeast,Sports Direct,In-store,New Jersey,65,2113,33
2110,06-12-2021,Women's Apparel,Northeast,Sports Direct,In-store,New Jersey,65,2438,38
2111,17-01-2021,Women's Apparel,Northeast,Sports Direct,In-store,Rhode Island,40,1000,25
2112,08-10-2021,Women's Apparel,Northeast,Sports Direct,In-store,Rhode Island,65,1300,20
2113,07-11-2021,Women's Apparel,Northeast,Sports Direct,In-store,Rhode Island,65,1788,28
2114,06-12-2021,Women's Apparel,Northeast,Sports Direct,In-store,Rhode Island,65,2113,33
2115,03-03-2021,Women's Athletic Footwear,Northeast,Sports Direct,In-store,Connecticut,35,350,10
2116,05-02-2021,Women's Athletic Footwear,Northeast,Sports Direct,In-store,Connecticut,35,438,13
2117,04-04-2021,Women's Athletic Footwear,Northeast,Sports Direct,In-store,Connecticut,35,438,13
2118,03-09-2021,Women's Athletic Footwear,Northeast,Sports Direct,In-store,Connecticut,45,788,18
2119,03-05-2021,Women's Athletic Footwear,Northeast,Sports Direct,In-store,Connecticut,45,1013,23
2120,04-08-2021,Women's Athletic Footwear,Northeast,Sports Direct,In-store,Connecticut,45,1013,23
2121,05-06-2021,Women's Athletic Footwear,Northeast,Sports Direct,In-store,Connecticut,45,1238,28
2122,03-07-2021,Women's Athletic Footwear,Northeast,Sports Direct,In-store,Connecticut,45,1238,28
2123,05-10-2021,Women's Athletic Footwear,Northeast,Sports Direct,In-store,Connecticut,55,825,15
2124,20-09-2021,Women's Athletic Footwear,Northeast,Sports Direct,In-store,Maryland,40,400,10
2125,20-07-2021,Women's Athletic Footwear,Northeast,Sports Direct,In-store,Maryland,40,600,15
2126,21-08-2021,Women's Athletic Footwear,Northeast,Sports Direct,In-store,Maryland,40,600,15
2127,14-04-2021,Women's Athletic Footwear,Northeast,Sports Direct,In-store,Massachusetts,35,438,13
2128,15-02-2021,Women's Athletic Footwear,Northeast,Sports Direct,In-store,Massachusetts,35,875,25
2129,13-03-2021,Women's Athletic Footwear,Northeast,Sports Direct,In-store,Massachusetts,35,1050,30
2130,13-09-2021,Women's Athletic Footwear,Northeast,Sports Direct,In-store,Massachusetts,45,563,13
2131,13-05-2021,Women's Athletic Footwear,Northeast,Sports Direct,In-store,Massachusetts,45,788,18
2132,14-08-2021,Women's Athletic Footwear,Northeast,Sports Direct,In-store,Massachusetts,45,788,18
2133,15-06-2021,Women's Athletic Footwear,Northeast,Sports Direct,In-store,Massachusetts,45,1013,23
2134,13-07-2021,Women's Athletic Footwear,Northeast,Sports Direct,In-store,Massachusetts,45,1013,23
2135,15-10-2021,Women's Athletic Footwear,Northeast,Sports Direct,In-store,Massachusetts,55,550,10
2136,07-01-2021,Women's Athletic Footwear,Northeast,Sports Direct,In-store,New Jersey,35,525,15
2137,07-11-2021,Women's Athletic Footwear,Northeast,Sports Direct,In-store,New Jersey,50,1250,25
2138,06-12-2021,Women's Athletic Footwear,Northeast,Sports Direct,In-store,New Jersey,50,1375,28
2139,17-01-2021,Women's Athletic Footwear,Northeast,Sports Direct,In-store,Rhode Island,35,350,10
2140,07-11-2021,Women's Athletic Footwear,Northeast,Sports Direct,In-store,Rhode Island,50,1000,20
2141,06-12-2021,Women's Athletic Footwear,Northeast,Sports Direct,In-store,Rhode Island,50,1125,23
2142,04-04-2021,Women's Street Footwear,Northeast,Sports Direct,In-store,Connecticut,30,600,20
2143,03-03-2021,Women's Street Footwear,Northeast,Sports Direct,In-store,Connecticut,30,750,25
2144,03-09-2021,Women's Street Footwear,Northeast,Sports Direct,In-store,Connecticut,45,900,20
2145,03-05-2021,Women's Street Footwear,Northeast,Sports Direct,In-store,Connecticut,45,1238,28
2146,05-06-2021,Women's Street Footwear,Northeast,Sports Direct,In-store,Connecticut,45,1350,30
2147,03-07-2021,Women's Street Footwear,Northeast,Sports Direct,In-store,Connecticut,45,1463,33
2148,04-08-2021,Women's Street Footwear,Northeast,Sports Direct,In-store,Connecticut,45,1463,33
2149,05-10-2021,Women's Street Footwear,Northeast,Sports Direct,In-store,Connecticut,55,963,18
2150,20-09-2021,Women's Street Footwear,Northeast,Sports Direct,In-store,Maryland,40,500,13
2151,20-07-2021,Women's Street Footwear,Northeast,Sports Direct,In-store,Maryland,40,800,20
2152,21-08-2021,Women's Street Footwear,Northeast,Sports Direct,In-store,Maryland,40,800,20
2153,22-10-2021,Women's Street Footwear,Northeast,Sports Direct,In-store,Maryland,50,500,10
2154,14-04-2021,Women's Street Footwear,Northeast,Sports Direct,In-store,Massachusetts,30,450,15
2155,13-03-2021,Women's Street Footwear,Northeast,Sports Direct,In-store,Massachusetts,30,600,20
2156,13-09-2021,Women's Street Footwear,Northeast,Sports Direct,In-store,Massachusetts,45,675,15
2157,13-05-2021,Women's Street Footwear,Northeast,Sports Direct,In-store,Massachusetts,45,1013,23
2158,15-06-2021,Women's Street Footwear,Northeast,Sports Direct,In-store,Massachusetts,45,1125,25
2159,13-07-2021,Women's Street Footwear,Northeast,Sports Direct,In-store,Massachusetts,45,1238,28
2160,14-08-2021,Women's Street Footwear,Northeast,Sports Direct,In-store,Massachusetts,45,1238,28
2161,15-10-2021,Women's Street Footwear,Northeast,Sports Direct,In-store,Massachusetts,55,688,13
2162,05-02-2021,Women's Street Footwear,Northeast,Sports Direct,In-store,New Jersey,30,750,25
2163,07-01-2021,Women's Street Footwear,Northeast,Sports Direct,In-store,New Jersey,30,900,30
2164,07-11-2021,Women's Street Footwear,Northeast,Sports Direct,In-store,New Jersey,50,1350,27
2165,06-12-2021,Women's Street Footwear,Northeast,Sports Direct,In-store,New Jersey,50,1625,33
2166,15-02-2021,Women's Street Footwear,Northeast,Sports Direct,In-store,Rhode Island,30,600,20
2167,17-01-2021,Women's Street Footwear,Northeast,Sports Direct,In-store,Rhode Island,30,750,25
2168,07-11-2021,Women's Street Footwear,Northeast,Sports Direct,In-store,Rhode Island,50,1100,22
2169,06-12-2021,Women's Street Footwear,Northeast,Sports Direct,In-store,Rhode Island,50,1375,28
2170,21-04-2021,Men's Apparel,Northeast,West Gear,In-store,Maryland,45,225,5
2171,20-03-2021,Men's Apparel,Northeast,West Gear,In-store,Maryland,45,338,8
2172,22-02-2021,Men's Apparel,Northeast,West Gear,In-store,Maryland,45,563,13
2173,20-05-2021,Men's Apparel,Northeast,West Gear,In-store,Maryland,50,625,13
2174,08-03-2021,Men's Apparel,Northeast,West Gear,In-store,New York,55,2613,48
2175,09-04-2021,Men's Apparel,Northeast,West Gear,In-store,New York,55,2613,48
2176,08-09-2021,Men's Apparel,Northeast,West Gear,In-store,New York,55,2888,53
2177,10-02-2021,Men's Apparel,Northeast,West Gear,In-store,New York,55,3025,55
2178,09-08-2021,Men's Apparel,Northeast,West Gear,In-store,New York,55,3025,55
2179,08-05-2021,Men's Apparel,Northeast,West Gear,In-store,New York,60,3150,53
2180,10-10-2021,Men's Apparel,Northeast,West Gear,In-store,New York,60,3000,50
2181,09-11-2021,Men's Apparel,Northeast,West Gear,In-store,New York,65,3575,55
2182,10-06-2021,Men's Apparel,Northeast,West Gear,In-store,New York,65,3738,58
2183,08-07-2021,Men's Apparel,Northeast,West Gear,In-store,New York,65,3900,60
2184,18-09-2021,Men's Apparel,Northeast,West Gear,In-store,West Virginia,35,788,23
2185,16-03-2021,Men's Apparel,Northeast,West Gear,In-store,West Virginia,40,900,23
2186,17-10-2021,Men's Apparel,Northeast,West Gear,In-store,West Virginia,45,788,18
2187,18-05-2021,Men's Apparel,Northeast,West Gear,In-store,West Virginia,45,1013,23
2188,17-06-2021,Men's Apparel,Northeast,West Gear,In-store,West Virginia,45,1238,28
2189,17-02-2021,Men's Apparel,Northeast,West Gear,In-store,West Virginia,50,1250,25
2190,17-08-2021,Men's Apparel,Northeast,West Gear,In-store,West Virginia,50,1250,25
2191,16-07-2021,Men's Apparel,Northeast,West Gear,In-store,West Virginia,60,1800,30
2192,17-04-2021,Men's Apparel,Northeast,West Gear,In-store,West Virginia,65,1300,20
2193,21-04-2021,Men's Athletic Footwear,Northeast,West Gear,In-store,Maryland,35,438,13
2194,20-03-2021,Men's Athletic Footwear,Northeast,West Gear,In-store,Maryland,35,525,15
2195,20-05-2021,Men's Athletic Footwear,Northeast,West Gear,In-store,Maryland,45,788,18
2196,22-06-2021,Men's Athletic Footwear,Northeast,West Gear,In-store,Maryland,45,1125,25
2197,09-04-2021,Men's Athletic Footwear,Northeast,West Gear,In-store,New York,45,2363,53
2198,08-03-2021,Men's Athletic Footwear,Northeast,West Gear,In-store,New York,45,2475,55
2199,09-11-2021,Men's Athletic Footwear,Northeast,West Gear,In-store,New York,50,3000,60
2200,10-10-2021,Men's Athletic Footwear,Northeast,West Gear,In-store,New York,50,3125,63
2201,08-09-2021,Men's Athletic Footwear,Northeast,West Gear,In-store,New York,50,3250,65
2202,08-05-2021,Men's Athletic Footwear,Northeast,West Gear,In-store,New York,55,3163,58
2203,10-06-2021,Men's Athletic Footwear,Northeast,West Gear,In-store,New York,55,3438,63
2204,08-12-2021,Men's Athletic Footwear,Northeast,West Gear,In-store,New York,55,3713,68
2205,08-07-2021,Men's Athletic Footwear,Northeast,West Gear,In-store,New York,60,4200,70
2206,09-08-2021,Men's Athletic Footwear,Northeast,West Gear,In-store,New York,60,4200,70
2207,11-11-2021,Men's Athletic Footwear,Northeast,West Gear,In-store,Vermont,60,1950,33
2208,22-02-2021,Men's Athletic Footwear,Northeast,West Gear,In-store,West Virginia,35,438,13
2209,17-04-2021,Men's Athletic Footwear,Northeast,West Gear,In-store,West Virginia,30,750,25
2210,16-03-2021,Men's Athletic Footwear,Northeast,West Gear,In-store,West Virginia,30,825,28
2211,18-09-2021,Men's Athletic Footwear,Northeast,West Gear,In-store,West Virginia,30,1050,35
2212,17-10-2021,Men's Athletic Footwear,Northeast,West Gear,In-store,West Virginia,35,963,28
2213,18-05-2021,Men's Athletic Footwear,Northeast,West Gear,In-store,West Virginia,40,1200,30
2214,17-06-2021,Men's Athletic Footwear,Northeast,West Gear,In-store,West Virginia,40,1700,43
2215,17-08-2021,Men's Athletic Footwear,Northeast,West Gear,In-store,West Virginia,45,1350,30
2216,16-07-2021,Men's Athletic Footwear,Northeast,West Gear,In-store,West Virginia,55,2200,40
2217,21-04-2021,Men's Street Footwear,Northeast,West Gear,In-store,Maryland,35,1488,43
2218,20-03-2021,Men's Street Footwear,Northeast,West Gear,In-store,Maryland,35,1558,45
2219,20-05-2021,Men's Street Footwear,Northeast,West Gear,In-store,Maryland,50,2350,47
2220,22-06-2021,Men's Street Footwear,Northeast,West Gear,In-store,Maryland,50,2500,50
2221,09-04-2021,Men's Street Footwear,Northeast,West Gear,In-store,New York,45,3713,83
2222,08-03-2021,Men's Street Footwear,Northeast,West Gear,In-store,New York,45,3915,87
2223,08-09-2021,Men's Street Footwear,Northeast,West Gear,In-store,New York,55,4675,85
2224,08-05-2021,Men's Street Footwear,Northeast,West Gear,In-store,New York,55,4785,87
2225,10-06-2021,Men's Street Footwear,Northeast,West Gear,In-store,New York,60,5250,88
2226,09-11-2021,Men's Street Footwear,Northeast,West Gear,In-store,New York,60,4650,78
2227,10-10-2021,Men's Street Footwear,Northeast,West Gear,In-store,New York,60,4800,80
2228,08-12-2021,Men's Street Footwear,Northeast,West Gear,In-store,New York,65,5688,88
2229,09-08-2021,Men's Street Footwear,Northeast,West Gear,In-store,New York,65,6013,93
2230,08-07-2021,Men's Street Footwear,Northeast,West Gear,In-store,New York,65,6175,95
2231,11-11-2021,Men's Street Footwear,Northeast,West Gear,In-store,Vermont,70,3150,45
2232,17-04-2021,Men's Street Footwear,Northeast,West Gear,In-store,West Virginia,30,1650,55
2233,16-03-2021,Men's Street Footwear,Northeast,West Gear,In-store,West Virginia,30,1710,57
2234,18-09-2021,Men's Street Footwear,Northeast,West Gear,In-store,West Virginia,35,1925,55
2235,17-10-2021,Men's Street Footwear,Northeast,West Gear,In-store,West Virginia,45,1913,43
2236,17-06-2021,Men's Street Footwear,Northeast,West Gear,In-store,West Virginia,45,2700,60
2237,17-08-2021,Men's Street Footwear,Northeast,West Gear,In-store,West Virginia,50,2625,53
2238,18-05-2021,Men's Street Footwear,Northeast,West Gear,In-store,West Virginia,60,3570,60
2239,16-07-2021,Men's Street Footwear,Northeast,West Gear,In-store,West Virginia,60,3900,65
2240,20-03-2021,Women's Apparel,Northeast,West Gear,In-store,Maryland,35,613,18
2241,21-04-2021,Women's Apparel,Northeast,West Gear,In-store,Maryland,35,700,20
2242,22-02-2021,Women's Apparel,Northeast,West Gear,In-store,Maryland,35,788,23
2243,20-05-2021,Women's Apparel,Northeast,West Gear,In-store,Maryland,55,1375,25
2244,08-03-2021,Women's Apparel,Northeast,West Gear,In-store,New York,45,2588,58
2245,09-04-2021,Women's Apparel,Northeast,West Gear,In-store,New York,45,2700,60
2246,10-02-2021,Women's Apparel,Northeast,West Gear,In-store,New York,45,2925,65
2247,08-09-2021,Women's Apparel,Northeast,West Gear,In-store,New York,60,3750,63
2248,09-08-2021,Women's Apparel,Northeast,West Gear,In-store,New York,60,4350,73
2249,08-05-2021,Women's Apparel,Northeast,West Gear,In-store,New York,65,4063,63
2250,10-10-2021,Women's Apparel,Northeast,West Gear,In-store,New York,65,4063,63
2251,09-11-2021,Women's Apparel,Northeast,West Gear,In-store,New York,70,4550,65
2252,10-06-2021,Women's Apparel,Northeast,West Gear,In-store,New York,70,5075,73
2253,08-07-2021,Women's Apparel,Northeast,West Gear,In-store,New York,70,5425,78
2254,12-10-2021,Women's Apparel,Northeast,West Gear,In-store,Vermont,75,2250,30
2255,17-02-2021,Women's Apparel,Northeast,West Gear,In-store,West Virginia,25,875,35
2256,16-03-2021,Women's Apparel,Northeast,West Gear,In-store,West Virginia,30,975,33
2257,18-09-2021,Women's Apparel,Northeast,West Gear,In-store,West Virginia,40,1200,30
2258,17-04-2021,Women's Apparel,Northeast,West Gear,In-store,West Virginia,50,1625,33
2259,18-05-2021,Women's Apparel,Northeast,West Gear,In-store,West Virginia,55,1925,35
2260,17-08-2021,Women's Apparel,Northeast,West Gear,In-store,West Virginia,55,2338,43
2261,17-06-2021,Women's Apparel,Northeast,West Gear,In-store,West Virginia,65,2763,43
2262,16-07-2021,Women's Apparel,Northeast,West Gear,In-store,West Virginia,65,3088,48
2263,20-03-2021,Women's Athletic Footwear,Northeast,West Gear,In-store,Maryland,30,75,3
2264,22-02-2021,Women's Athletic Footwear,Northeast,West Gear,In-store,Maryland,30,150,5
2265,21-04-2021,Women's Athletic Footwear,Northeast,West Gear,In-store,Maryland,30,150,5
2266,20-05-2021,Women's Athletic Footwear,Northeast,West Gear,In-store,Maryland,40,400,10
2267,08-03-2021,Women's Athletic Footwear,Northeast,West Gear,In-store,New York,40,1700,43
2268,09-04-2021,Women's Athletic Footwear,Northeast,West Gear,In-store,New York,40,1800,45
2269,10-02-2021,Women's Athletic Footwear,Northeast,West Gear,In-store,New York,40,1900,48
2270,08-09-2021,Women's Athletic Footwear,Northeast,West Gear,In-store,New York,45,2363,53
2271,09-08-2021,Women's Athletic Footwear,Northeast,West Gear,In-store,New York,45,2588,58
2272,08-05-2021,Women's Athletic Footwear,Northeast,West Gear,In-store,New York,50,2500,50
2273,10-06-2021,Women's Athletic Footwear,Northeast,West Gear,In-store,New York,50,2875,58
2274,10-10-2021,Women's Athletic Footwear,Northeast,West Gear,In-store,New York,50,2500,50
2275,09-11-2021,Women's Athletic Footwear,Northeast,West Gear,In-store,New York,50,2875,58
2276,08-07-2021,Women's Athletic Footwear,Northeast,West Gear,In-store,New York,55,3163,58
2277,16-03-2021,Women's Athletic Footwear,Northeast,West Gear,In-store,West Virginia,25,438,18
2278,17-04-2021,Women's Athletic Footwear,Northeast,West Gear,In-store,West Virginia,25,438,18
2279,18-09-2021,Women's Athletic Footwear,Northeast,West Gear,In-store,West Virginia,25,563,23
2280,17-02-2021,Women's Athletic Footwear,Northeast,West Gear,In-store,West Virginia,35,613,18
2281,17-10-2021,Women's Athletic Footwear,Northeast,West Gear,In-store,West Virginia,35,613,18
2282,18-05-2021,Women's Athletic Footwear,Northeast,West Gear,In-store,West Virginia,35,700,20
2283,17-06-2021,Women's Athletic Footwear,Northeast,West Gear,In-store,West Virginia,35,963,28
2284,17-08-2021,Women's Athletic Footwear,Northeast,West Gear,In-store,West Virginia,40,1100,28
2285,16-07-2021,Women's Athletic Footwear,Northeast,West Gear,In-store,West Virginia,50,1375,28
2286,21-04-2021,Women's Street Footwear,Northeast,West Gear,In-store,Maryland,25,313,13
2287,20-03-2021,Women's Street Footwear,Northeast,West Gear,In-store,Maryland,25,438,18
2288,20-05-2021,Women's Street Footwear,Northeast,West Gear,In-store,Maryland,40,600,15
2289,09-04-2021,Women's Street Footwear,Northeast,West Gear,In-store,New York,35,1838,53
2290,08-03-2021,Women's Street Footwear,Northeast,West Gear,In-store,New York,35,2013,58
2291,08-09-2021,Women's Street Footwear,Northeast,West Gear,In-store,New York,45,2475,55
2292,08-05-2021,Women's Street Footwear,Northeast,West Gear,In-store,New York,50,2750,55
2293,10-06-2021,Women's Street Footwear,Northeast,West Gear,In-store,New York,50,3000,60
2294,10-10-2021,Women's Street Footwear,Northeast,West Gear,In-store,New York,50,2625,53
2295,09-11-2021,Women's Street Footwear,Northeast,West Gear,In-store,New York,50,2725,55
2296,08-07-2021,Women's Street Footwear,Northeast,West Gear,In-store,New York,55,3438,63
2297,09-08-2021,Women's Street Footwear,Northeast,West Gear,In-store,New York,55,3438,63
2298,11-11-2021,Women's Street Footwear,Northeast,West Gear,In-store,Vermont,60,1920,32
2299,22-02-2021,Women's Street Footwear,Northeast,West Gear,In-store,West Virginia,25,438,18
2300,17-04-2021,Women's Street Footwear,Northeast,West Gear,In-store,West Virginia,20,500,25
2301,16-03-2021,Women's Street Footwear,Northeast,West Gear,In-store,West Virginia,20,650,33
2302,18-09-2021,Women's Street Footwear,Northeast,West Gear,In-store,West Virginia,25,625,25
2303,17-10-2021,Women's Street Footwear,Northeast,West Gear,In-store,West Virginia,35,613,18
2304,18-05-2021,Women's Street Footwear,Northeast,West Gear,In-store,West Virginia,35,963,28
2305,17-06-2021,Women's Street Footwear,Northeast,West Gear,In-store,West Virginia,35,1050,30
2306,17-08-2021,Women's Street Footwear,Northeast,West Gear,In-store,West Virginia,40,1200,30
2307,16-07-2021,Women's Street Footwear,Northeast,West Gear,In-store,West Virginia,50,1625,33
2308,16-12-2021,Women's Street Footwear,Northeast,West Gear,In-store,West Virginia,55,2200,40
2309,19-01-2021,Men's Apparel,Southeast,Sports Direct,In-store,Virginia,45,2025,45
2310,17-02-2021,Men's Athletic Footwear,Southeast,Sports Direct,In-store,Virginia,35,1575,45
2311,19-01-2021,Men's Athletic Footwear,Southeast,Sports Direct,In-store,Virginia,35,1925,55
2312,19-01-2021,Men's Street Footwear,Southeast,Sports Direct,In-store,Virginia,35,2625,75
2313,17-02-2021,Men's Street Footwear,Southeast,Sports Direct,In-store,Virginia,35,2800,80
2314,19-01-2021,Women's Apparel,Southeast,Sports Direct,In-store,Virginia,35,1925,55
2315,19-01-2021,Women's Athletic Footwear,Southeast,Sports Direct,In-store,Virginia,30,1200,40
2316,17-02-2021,Women's Street Footwear,Southeast,Sports Direct,In-store,Virginia,25,1250,50
2317,19-01-2021,Women's Street Footwear,Southeast,Sports Direct,In-store,Virginia,25,1375,55
2318,12-01-2021,Men's Apparel,Southeast,West Gear,In-store,Florida,55,3025,55
2319,10-02-2021,Men's Athletic Footwear,Southeast,West Gear,In-store,Florida,45,2475,55
2320,12-01-2021,Men's Athletic Footwear,Southeast,West Gear,In-store,Florida,45,2925,65
2321,12-01-2021,Men's Street Footwear,Southeast,West Gear,In-store,Florida,45,3825,85
2322,10-02-2021,Men's Street Footwear,Southeast,West Gear,In-store,Florida,45,4050,90
2323,12-01-2021,Women's Apparel,Southeast,West Gear,In-store,Florida,45,2925,65
2324,12-01-2021,Women's Athletic Footwear,Southeast,West Gear,In-store,Florida,40,2000,50
2325,10-02-2021,Women's Street Footwear,Southeast,West Gear,In-store,Florida,35,2100,60
2326,12-01-2021,Women's Street Footwear,Southeast,West Gear,In-store,Florida,35,2275,65
2327,10-12-2021,Men's Apparel,West,Foot Locker,In-store,Wyoming,55,2750,50
2328,10-12-2021,Women's Apparel,West,Foot Locker,In-store,Wyoming,60,3600,60
2329,10-12-2021,Women's Athletic Footwear,West,Foot Locker,In-store,Wyoming,45,2250,50
2330,10-12-2021,Women's Street Footwear,West,Foot Locker,In-store,Wyoming,45,2475,55
2331,11-04-2021,Men's Apparel,West,Kohl's,In-store,Wyoming,50,2125,43
2332,10-03-2021,Men's Apparel,West,Kohl's,In-store,Wyoming,50,2250,45
2333,10-05-2021,Men's Apparel,West,Kohl's,In-store,Wyoming,50,2375,48
2334,12-02-2021,Men's Apparel,West,Kohl's,In-store,Wyoming,50,2500,50
2335,12-06-2021,Men's Apparel,West,Kohl's,In-store,Wyoming,50,2500,50
2336,11-08-2021,Men's Apparel,West,Kohl's,In-store,Wyoming,50,2500,50
2337,10-09-2021,Men's Apparel,West,Kohl's,In-store,Wyoming,50,2500,50
2338,10-07-2021,Men's Apparel,West,Kohl's,In-store,Wyoming,50,2625,53
2339,12-10-2021,Men's Apparel,West,Kohl's,In-store,Wyoming,55,2613,48
2340,11-11-2021,Men's Apparel,West,Kohl's,In-store,Wyoming,55,2613,48
2341,11-04-2021,Men's Athletic Footwear,West,Kohl's,In-store,Wyoming,40,2000,50
2342,10-03-2021,Men's Athletic Footwear,West,Kohl's,In-store,Wyoming,40,2100,53
2343,10-05-2021,Men's Athletic Footwear,West,Kohl's,In-store,Wyoming,45,2363,53
2344,11-11-2021,Men's Athletic Footwear,West,Kohl's,In-store,Wyoming,45,2588,58
2345,12-06-2021,Men's Athletic Footwear,West,Kohl's,In-store,Wyoming,45,2700,60
2346,10-09-2021,Men's Athletic Footwear,West,Kohl's,In-store,Wyoming,45,2700,60
2347,12-10-2021,Men's Athletic Footwear,West,Kohl's,In-store,Wyoming,45,2700,60
2348,10-12-2021,Men's Athletic Footwear,West,Kohl's,In-store,Wyoming,45,2700,60
2349,10-07-2021,Men's Athletic Footwear,West,Kohl's,In-store,Wyoming,45,2813,63
2350,11-08-2021,Men's Athletic Footwear,West,Kohl's,In-store,Wyoming,45,2813,63
2351,11-04-2021,Men's Street Footwear,West,Kohl's,In-store,Wyoming,40,3200,80
2352,10-03-2021,Men's Street Footwear,West,Kohl's,In-store,Wyoming,40,3280,82
2353,10-09-2021,Men's Street Footwear,West,Kohl's,In-store,Wyoming,50,4000,80
2354,10-05-2021,Men's Street Footwear,West,Kohl's,In-store,Wyoming,50,4100,82
2355,12-06-2021,Men's Street Footwear,West,Kohl's,In-store,Wyoming,50,4250,85
2356,11-08-2021,Men's Street Footwear,West,Kohl's,In-store,Wyoming,50,4250,85
2357,10-07-2021,Men's Street Footwear,West,Kohl's,In-store,Wyoming,50,4375,88
2358,11-11-2021,Men's Street Footwear,West,Kohl's,In-store,Wyoming,55,4125,75
2359,12-10-2021,Men's Street Footwear,West,Kohl's,In-store,Wyoming,55,4263,78
2360,10-12-2021,Men's Street Footwear,West,Kohl's,In-store,Wyoming,55,4400,80
2361,10-03-2021,Women's Apparel,West,Kohl's,In-store,Wyoming,40,2200,55
2362,11-04-2021,Women's Apparel,West,Kohl's,In-store,Wyoming,40,2200,55
2363,12-02-2021,Women's Apparel,West,Kohl's,In-store,Wyoming,40,2400,60
2364,10-05-2021,Women's Apparel,West,Kohl's,In-store,Wyoming,55,3300,60
2365,10-09-2021,Women's Apparel,West,Kohl's,In-store,Wyoming,55,3300,60
2366,12-06-2021,Women's Apparel,West,Kohl's,In-store,Wyoming,55,3575,65
2367,11-08-2021,Women's Apparel,West,Kohl's,In-store,Wyoming,55,3713,68
2368,10-07-2021,Women's Apparel,West,Kohl's,In-store,Wyoming,55,3850,70
2369,11-11-2021,Women's Apparel,West,Kohl's,In-store,Wyoming,60,3450,58
2370,12-10-2021,Women's Apparel,West,Kohl's,In-store,Wyoming,60,3600,60
2371,10-03-2021,Women's Athletic Footwear,West,Kohl's,In-store,Wyoming,35,1400,40
2372,12-02-2021,Women's Athletic Footwear,West,Kohl's,In-store,Wyoming,35,1488,43
2373,11-04-2021,Women's Athletic Footwear,West,Kohl's,In-store,Wyoming,35,1488,43
2374,10-05-2021,Women's Athletic Footwear,West,Kohl's,In-store,Wyoming,40,1800,45
2375,12-06-2021,Women's Athletic Footwear,West,Kohl's,In-store,Wyoming,40,2000,50
2376,10-07-2021,Women's Athletic Footwear,West,Kohl's,In-store,Wyoming,40,2000,50
2377,10-09-2021,Women's Athletic Footwear,West,Kohl's,In-store,Wyoming,40,2000,50
2378,11-08-2021,Women's Athletic Footwear,West,Kohl's,In-store,Wyoming,40,2100,53
2379,12-10-2021,Women's Athletic Footwear,West,Kohl's,In-store,Wyoming,45,2138,48
2380,11-11-2021,Women's Athletic Footwear,West,Kohl's,In-store,Wyoming,45,2250,50
2381,11-04-2021,Women's Street Footwear,West,Kohl's,In-store,Wyoming,30,1500,50
2382,10-03-2021,Women's Street Footwear,West,Kohl's,In-store,Wyoming,30,1650,55
2383,10-05-2021,Women's Street Footwear,West,Kohl's,In-store,Wyoming,40,2000,50
2384,12-06-2021,Women's Street Footwear,West,Kohl's,In-store,Wyoming,40,2100,53
2385,10-09-2021,Women's Street Footwear,West,Kohl's,In-store,Wyoming,40,2100,53
2386,10-07-2021,Women's Street Footwear,West,Kohl's,In-store,Wyoming,40,2200,55
2387,11-08-2021,Women's Street Footwear,West,Kohl's,In-store,Wyoming,40,2200,55
2388,12-10-2021,Women's Street Footwear,West,Kohl's,In-store,Wyoming,45,2250,50
2389,11-11-2021,Women's Street Footwear,West,Kohl's,In-store,Wyoming,45,2340,52
2390,12-09-2021,Men's Apparel,West,West Gear,In-store,Utah,20,650,33
2391,11-10-2021,Men's Apparel,West,West Gear,In-store,Utah,30,825,28
2392,11-08-2021,Men's Apparel,West,West Gear,In-store,Utah,30,1050,35
2393,11-04-2021,Men's Apparel,West,West Gear,In-store,Utah,35,963,28
2394,11-02-2021,Men's Apparel,West,West Gear,In-store,Utah,35,1313,38
2395,11-06-2021,Men's Apparel,West,West Gear,In-store,Utah,35,1400,40
2396,10-07-2021,Men's Apparel,West,West Gear,In-store,Utah,35,1488,43
2397,10-03-2021,Men's Apparel,West,West Gear,In-store,Utah,40,1200,30
2398,12-05-2021,Men's Apparel,West,West Gear,In-store,Utah,40,1200,30
2399,11-11-2021,Men's Apparel,West,West Gear,In-store,Utah,40,1400,35
2400,10-12-2021,Men's Apparel,West,West Gear,In-store,Utah,40,1600,40
2401,11-10-2021,Men's Athletic Footwear,West,West Gear,In-store,Utah,20,800,40
2402,11-11-2021,Men's Athletic Footwear,West,West Gear,In-store,Utah,20,800,40
2403,11-04-2021,Men's Athletic Footwear,West,West Gear,In-store,Utah,25,813,33
2404,11-06-2021,Men's Athletic Footwear,West,West Gear,In-store,Utah,25,1000,40
2405,12-09-2021,Men's Athletic Footwear,West,West Gear,In-store,Utah,25,1125,45
2406,10-03-2021,Men's Athletic Footwear,West,West Gear,In-store,Utah,30,1050,35
2407,10-12-2021,Men's Athletic Footwear,West,West Gear,In-store,Utah,30,1500,50
2408,12-05-2021,Men's Athletic Footwear,West,West Gear,In-store,Utah,30,1125,38
2409,10-07-2021,Men's Athletic Footwear,West,West Gear,In-store,Utah,30,1650,55
2410,11-08-2021,Men's Athletic Footwear,West,West Gear,In-store,Utah,35,1838,53
2411,11-10-2021,Men's Street Footwear,West,West Gear,In-store,Utah,30,1725,58
2412,11-11-2021,Men's Street Footwear,West,West Gear,In-store,Utah,30,1650,55
2413,11-04-2021,Men's Street Footwear,West,West Gear,In-store,Utah,30,1875,63
2414,11-06-2021,Men's Street Footwear,West,West Gear,In-store,Utah,30,1950,65
2415,12-09-2021,Men's Street Footwear,West,West Gear,In-store,Utah,30,1950,65
2416,10-03-2021,Men's Street Footwear,West,West Gear,In-store,Utah,30,2010,67
2417,12-05-2021,Men's Street Footwear,West,West Gear,In-store,Utah,35,2345,67
2418,11-08-2021,Men's Street Footwear,West,West Gear,In-store,Utah,35,2625,75
2419,10-07-2021,Men's Street Footwear,West,West Gear,In-store,Utah,35,2800,80
2420,10-12-2021,Men's Street Footwear,West,West Gear,In-store,Utah,40,2800,70
2421,11-02-2021,Women's Apparel,West,West Gear,In-store,Utah,25,1125,45
2422,11-04-2021,Women's Apparel,West,West Gear,In-store,Utah,25,1000,40
2423,12-09-2021,Women's Apparel,West,West Gear,In-store,Utah,25,1000,40
2424,10-03-2021,Women's Apparel,West,West Gear,In-store,Utah,30,1200,40
2425,11-10-2021,Women's Apparel,West,West Gear,In-store,Utah,35,1400,40
2426,11-08-2021,Women's Apparel,West,West Gear,In-store,Utah,35,1838,53
2427,11-06-2021,Women's Apparel,West,West Gear,In-store,Utah,40,2300,58
2428,10-07-2021,Women's Apparel,West,West Gear,In-store,Utah,40,2400,60
2429,11-11-2021,Women's Apparel,West,West Gear,In-store,Utah,45,2025,45
2430,10-12-2021,Women's Apparel,West,West Gear,In-store,Utah,45,2250,50
2431,12-05-2021,Women's Apparel,West,West Gear,In-store,Utah,45,1800,40
2432,12-09-2021,Women's Athletic Footwear,West,West Gear,In-store,Utah,10,325,33
2433,11-04-2021,Women's Athletic Footwear,West,West Gear,In-store,Utah,20,500,25
2434,11-10-2021,Women's Athletic Footwear,West,West Gear,In-store,Utah,20,550,28
2435,11-02-2021,Women's Athletic Footwear,West,West Gear,In-store,Utah,20,600,30
2436,11-08-2021,Women's Athletic Footwear,West,West Gear,In-store,Utah,20,750,38
2437,11-11-2021,Women's Athletic Footwear,West,West Gear,In-store,Utah,20,750,38
2438,11-06-2021,Women's Athletic Footwear,West,West Gear,In-store,Utah,20,800,40
2439,10-03-2021,Women's Athletic Footwear,West,West Gear,In-store,Utah,25,625,25
2440,12-05-2021,Women's Athletic Footwear,West,West Gear,In-store,Utah,25,688,28
2441,10-07-2021,Women's Athletic Footwear,West,West Gear,In-store,Utah,25,1063,43
2442,10-12-2021,Women's Athletic Footwear,West,West Gear,In-store,Utah,30,1200,40
2443,12-09-2021,Women's Street Footwear,West,West Gear,In-store,Utah,10,350,35
2444,11-04-2021,Women's Street Footwear,West,West Gear,In-store,Utah,15,488,33
2445,11-10-2021,Women's Street Footwear,West,West Gear,In-store,Utah,20,600,30
2446,11-11-2021,Women's Street Footwear,West,West Gear,In-store,Utah,20,690,35
2447,10-03-2021,Women's Street Footwear,West,West Gear,In-store,Utah,20,800,40
2448,11-06-2021,Women's Street Footwear,West,West Gear,In-store,Utah,20,850,43
2449,12-05-2021,Women's Street Footwear,West,West Gear,In-store,Utah,25,875,35
2450,10-07-2021,Women's Street Footwear,West,West Gear,In-store,Utah,25,1188,48
2451,11-08-2021,Women's Street Footwear,West,West Gear,In-store,Utah,30,1350,45
2452,10-12-2021,Women's Street Footwear,West,West Gear,In-store,Utah,30,1350,45
2453,10-01-2021,Men's Athletic Footwear,Northeast,West Gear,Online,Maine,41,45,11
2454,03-01-2020,Men's Athletic Footwear,Northeast,West Gear,Online,Pennsylvania,44,51,12
2455,10-01-2021,Men's Street Footwear,Northeast,West Gear,Online,Maine,33,32,10
2456,02-01-2020,Men's Street Footwear,Northeast,West Gear,Online,Pennsylvania,32,39,12
2457,10-01-2021,Women's Athletic Footwear,Northeast,West Gear,Online,Maine,43,25,6
2458,05-01-2020,Women's Athletic Footwear,Northeast,West Gear,Online,Pennsylvania,43,37,9
2459,10-01-2021,Women's Street Footwear,Northeast,West Gear,Online,Maine,43,43,10
2460,04-01-2020,Women's Street Footwear,Northeast,West Gear,Online,Pennsylvania,41,48,12
2461,16-12-2021,Men's Apparel,South,Foot Locker,Online,Louisiana,85,4463,53
2462,16-12-2021,Men's Apparel,South,Foot Locker,Online,Louisiana,82,107,13
2463,16-12-2021,Women's Apparel,South,Foot Locker,Online,Louisiana,90,5625,63
2464,16-12-2021,Women's Apparel,South,Foot Locker,Online,Louisiana,87,152,18
2465,16-12-2021,Women's Athletic Footwear,South,Foot Locker,Online,Louisiana,75,4500,60
2466,16-12-2021,Women's Athletic Footwear,South,Foot Locker,Online,Louisiana,72,112,16
2467,16-12-2021,Women's Street Footwear,South,Foot Locker,Online,Louisiana,75,4500,60
2468,16-12-2021,Women's Street Footwear,South,Foot Locker,Online,Louisiana,69,112,16
2469,17-10-2021,Men's Apparel,South,West Gear,Online,Louisiana,50,1750,35
2470,18-09-2021,Men's Apparel,South,West Gear,Online,Louisiana,55,1513,28
2471,17-08-2021,Men's Apparel,South,West Gear,Online,Louisiana,65,3088,48
2472,17-11-2021,Men's Apparel,South,West Gear,Online,Louisiana,70,3325,48
2473,17-06-2021,Men's Apparel,South,West Gear,Online,Louisiana,95,4275,45
2474,16-07-2021,Men's Apparel,South,West Gear,Online,Louisiana,95,6175,65
2475,18-09-2021,Men's Apparel,South,West Gear,Online,Louisiana,51,39,8
2476,17-11-2021,Men's Apparel,South,West Gear,Online,Louisiana,68,81,12
2477,17-04-2021,Men's Apparel,South,West Gear,Online,Louisiana,43,23,5
2478,17-06-2021,Men's Apparel,South,West Gear,Online,Louisiana,92,108,12
2479,16-07-2021,Men's Apparel,South,West Gear,Online,Louisiana,86,163,19
2480,18-05-2021,Men's Apparel,South,West Gear,Online,Louisiana,36,23,7
2481,17-10-2021,Men's Apparel,South,West Gear,Online,Louisiana,47,45,10
2482,17-08-2021,Men's Apparel,South,West Gear,Online,Louisiana,64,88,14
2483,17-02-2021,Men's Apparel,South,West Gear,Online,Louisiana,48,24,5
2484,16-03-2021,Men's Apparel,South,West Gear,Online,Louisiana,56,22,4
2485,17-11-2021,Men's Athletic Footwear,South,West Gear,Online,Louisiana,45,3150,70
2486,18-09-2021,Men's Athletic Footwear,South,West Gear,Online,Louisiana,50,2500,50
2487,17-10-2021,Men's Athletic Footwear,South,West Gear,Online,Louisiana,50,2875,58
2488,17-06-2021,Men's Athletic Footwear,South,West Gear,Online,Louisiana,70,4900,70
2489,16-12-2021,Men's Athletic Footwear,South,West Gear,Online,Louisiana,80,6400,80
2490,17-08-2021,Men's Athletic Footwear,South,West Gear,Online,Louisiana,85,7013,83
2491,16-07-2021,Men's Athletic Footwear,South,West Gear,Online,Louisiana,95,7125,75
2492,17-04-2021,Men's Athletic Footwear,South,West Gear,Online,Louisiana,52,46,9
2493,16-12-2021,Men's Athletic Footwear,South,West Gear,Online,Louisiana,72,156,22
2494,18-09-2021,Men's Athletic Footwear,South,West Gear,Online,Louisiana,46,58,13
2495,17-08-2021,Men's Athletic Footwear,South,West Gear,Online,Louisiana,77,184,24
2496,17-11-2021,Men's Athletic Footwear,South,West Gear,Online,Louisiana,42,88,21
2497,18-05-2021,Men's Athletic Footwear,South,West Gear,Online,Louisiana,47,47,10
2498,17-06-2021,Men's Athletic Footwear,South,West Gear,Online,Louisiana,65,137,21
2499,17-10-2021,Men's Athletic Footwear,South,West Gear,Online,Louisiana,45,70,16
2500,16-03-2021,Men's Athletic Footwear,South,West Gear,Online,Louisiana,51,52,10
2501,16-07-2021,Men's Athletic Footwear,South,West Gear,Online,Louisiana,92,187,20
2502,02-11-2020,Men's Athletic Footwear,South,West Gear,Online,Texas,49,95,19
2503,17-10-2021,Men's Street Footwear,South,West Gear,Online,Louisiana,35,1400,40
2504,17-11-2021,Men's Street Footwear,South,West Gear,Online,Louisiana,40,2500,63
2505,18-09-2021,Men's Street Footwear,South,West Gear,Online,Louisiana,45,2250,50
2506,17-06-2021,Men's Street Footwear,South,West Gear,Online,Louisiana,60,4950,83
2507,16-12-2021,Men's Street Footwear,South,West Gear,Online,Louisiana,70,5600,80
2508,16-07-2021,Men's Street Footwear,South,West Gear,Online,Louisiana,90,8100,90
2509,17-08-2021,Men's Street Footwear,South,West Gear,Online,Louisiana,95,8075,85
2510,17-11-2021,Men's Street Footwear,South,West Gear,Online,Louisiana,39,73,19
2511,16-03-2021,Men's Street Footwear,South,West Gear,Online,Louisiana,44,65,15
2512,17-06-2021,Men's Street Footwear,South,West Gear,Online,Louisiana,58,144,25
2513,17-08-2021,Men's Street Footwear,South,West Gear,Online,Louisiana,86,219,26
2514,17-04-2021,Men's Street Footwear,South,West Gear,Online,Louisiana,48,68,14
2515,16-12-2021,Men's Street Footwear,South,West Gear,Online,Louisiana,69,166,24
2516,18-05-2021,Men's Street Footwear,South,West Gear,Online,Louisiana,43,69,16
2517,16-07-2021,Men's Street Footwear,South,West Gear,Online,Louisiana,86,232,27
2518,17-10-2021,Men's Street Footwear,South,West Gear,Online,Louisiana,34,38,11
2519,18-09-2021,Men's Street Footwear,South,West Gear,Online,Louisiana,43,62,15
2520,01-11-2020,Men's Street Footwear,South,West Gear,Online,Texas,37,77,21
2521,18-09-2021,Women's Apparel,South,West Gear,Online,Louisiana,40,1200,30
2522,17-10-2021,Women's Apparel,South,West Gear,Online,Louisiana,55,2200,40
2523,18-05-2021,Women's Apparel,South,West Gear,Online,Louisiana,65,3738,58
2524,17-08-2021,Women's Apparel,South,West Gear,Online,Louisiana,70,2100,30
2525,17-11-2021,Women's Apparel,South,West Gear,Online,Louisiana,85,5100,60
2526,16-07-2021,Women's Apparel,South,West Gear,Online,Louisiana,110,7150,65
2527,17-06-2021,Women's Apparel,South,West Gear,Online,Louisiana,110,8250,75
2528,16-03-2021,Women's Apparel,South,West Gear,Online,Louisiana,41,39,10
2529,18-05-2021,Women's Apparel,South,West Gear,Online,Louisiana,59,99,17
2530,17-10-2021,Women's Apparel,South,West Gear,Online,Louisiana,50,54,11
2531,17-02-2021,Women's Apparel,South,West Gear,Online,Louisiana,44,46,11
2532,17-11-2021,Women's Apparel,South,West Gear,Online,Louisiana,81,141,17
2533,17-06-2021,Women's Apparel,South,West Gear,Online,Louisiana,100,195,20
2534,16-07-2021,Women's Apparel,South,West Gear,Online,Louisiana,103,168,16
2535,17-08-2021,Women's Apparel,South,West Gear,Online,Louisiana,63,57,9
2536,18-09-2021,Women's Apparel,South,West Gear,Online,Louisiana,39,29,8
2537,17-04-2021,Women's Apparel,South,West Gear,Online,Louisiana,55,58,11
2538,17-10-2021,Women's Athletic Footwear,South,West Gear,Online,Louisiana,40,1500,38
2539,18-09-2021,Women's Athletic Footwear,South,West Gear,Online,Louisiana,45,1125,25
2540,17-11-2021,Women's Athletic Footwear,South,West Gear,Online,Louisiana,50,2500,50
2541,17-08-2021,Women's Athletic Footwear,South,West Gear,Online,Louisiana,75,3563,48
2542,17-06-2021,Women's Athletic Footwear,South,West Gear,Online,Louisiana,85,4888,58
2543,16-07-2021,Women's Athletic Footwear,South,West Gear,Online,Louisiana,90,5400,60
2544,17-10-2021,Women's Athletic Footwear,South,West Gear,Online,Louisiana,36,38,11
2545,17-11-2021,Women's Athletic Footwear,South,West Gear,Online,Louisiana,48,60,13
2546,18-09-2021,Women's Athletic Footwear,South,West Gear,Online,Louisiana,41,26,6
2547,18-05-2021,Women's Athletic Footwear,South,West Gear,Online,Louisiana,44,37,9
2548,17-04-2021,Women's Athletic Footwear,South,West Gear,Online,Louisiana,39,29,7
2549,17-08-2021,Women's Athletic Footwear,South,West Gear,Online,Louisiana,74,95,13
2550,16-07-2021,Women's Athletic Footwear,South,West Gear,Online,Louisiana,86,144,17
2551,17-02-2021,Women's Athletic Footwear,South,West Gear,Online,Louisiana,44,32,7
2552,16-03-2021,Women's Athletic Footwear,South,West Gear,Online,Louisiana,50,42,8
2553,17-06-2021,Women's Athletic Footwear,South,West Gear,Online,Louisiana,82,132,16
2554,04-11-2020,Women's Athletic Footwear,South,West Gear,Online,Texas,48,84,18
2555,17-11-2021,Women's Street Footwear,South,West Gear,Online,Louisiana,40,2100,53
2556,18-09-2021,Women's Street Footwear,South,West Gear,Online,Louisiana,45,1350,30
2557,17-10-2021,Women's Street Footwear,South,West Gear,Online,Louisiana,45,1800,40
2558,17-08-2021,Women's Street Footwear,South,West Gear,Online,Louisiana,75,5250,70
2559,17-06-2021,Women's Street Footwear,South,West Gear,Online,Louisiana,85,5950,70
2560,16-07-2021,Women's Street Footwear,South,West Gear,Online,Louisiana,95,6650,70
2561,17-10-2021,Women's Street Footwear,South,West Gear,Online,Louisiana,42,42,10
2562,18-05-2021,Women's Street Footwear,South,West Gear,Online,Louisiana,49,55,11
2563,17-04-2021,Women's Street Footwear,South,West Gear,Online,Louisiana,52,55,11
2564,17-11-2021,Women's Street Footwear,South,West Gear,Online,Louisiana,38,52,14
2565,18-09-2021,Women's Street Footwear,South,West Gear,Online,Louisiana,43,34,8
2566,16-07-2021,Women's Street Footwear,South,West Gear,Online,Louisiana,90,176,20
2567,16-03-2021,Women's Street Footwear,South,West Gear,Online,Louisiana,56,65,12
2568,17-08-2021,Women's Street Footwear,South,West Gear,Online,Louisiana,70,132,19
2569,17-06-2021,Women's Street Footwear,South,West Gear,Online,Louisiana,83,168,20
2570,03-11-2020,Women's Street Footwear,South,West Gear,Online,Texas,46,100,22
2571,12-12-2021,Men's Apparel,Southeast,Foot Locker,Online,Georgia,65,2600,40
2572,12-12-2021,Men's Apparel,Southeast,Foot Locker,Online,Georgia,64,74,12
2573,25-09-2021,Men's Apparel,Southeast,Foot Locker,Online,Virginia,58,32,6
2574,24-04-2021,Men's Apparel,Southeast,Foot Locker,Online,Virginia,49,17,4
2575,24-08-2021,Men's Apparel,Southeast,Foot Locker,Online,Virginia,64,68,11
2576,24-06-2021,Men's Apparel,Southeast,Foot Locker,Online,Virginia,81,84,10
2577,23-03-2021,Men's Apparel,Southeast,Foot Locker,Online,Virginia,51,15,3
2578,25-05-2021,Men's Apparel,Southeast,Foot Locker,Online,Virginia,44,22,5
2579,24-10-2021,Men's Apparel,Southeast,Foot Locker,Online,Virginia,53,46,9
2580,24-02-2021,Men's Apparel,Southeast,Foot Locker,Online,Virginia,42,16,4
2581,24-11-2021,Men's Apparel,Southeast,Foot Locker,Online,Virginia,73,81,11
2582,23-07-2021,Men's Apparel,Southeast,Foot Locker,Online,Virginia,85,138,16
2583,25-05-2021,Men's Athletic Footwear,Southeast,Foot Locker,Online,Virginia,51,50,10
2584,23-12-2021,Men's Athletic Footwear,Southeast,Foot Locker,Online,Virginia,74,167,23
2585,25-09-2021,Men's Athletic Footwear,Southeast,Foot Locker,Online,Virginia,52,59,11
2586,24-06-2021,Men's Athletic Footwear,Southeast,Foot Locker,Online,Virginia,62,109,18
2587,23-03-2021,Men's Athletic Footwear,Southeast,Foot Locker,Online,Virginia,45,38,9
2588,24-04-2021,Men's Athletic Footwear,Southeast,Foot Locker,Online,Virginia,59,41,7
2589,24-08-2021,Men's Athletic Footwear,Southeast,Foot Locker,Online,Virginia,76,154,20
2590,24-11-2021,Men's Athletic Footwear,Southeast,Foot Locker,Online,Virginia,47,79,17
2591,24-10-2021,Men's Athletic Footwear,Southeast,Foot Locker,Online,Virginia,51,72,14
2592,23-07-2021,Men's Athletic Footwear,Southeast,Foot Locker,Online,Virginia,81,164,20
2593,24-10-2021,Men's Street Footwear,Southeast,Foot Locker,Online,Virginia,38,39,10
2594,24-08-2021,Men's Street Footwear,Southeast,Foot Locker,Online,Virginia,83,199,24
2595,25-05-2021,Men's Street Footwear,Southeast,Foot Locker,Online,Virginia,46,58,13
2596,23-03-2021,Men's Street Footwear,Southeast,Foot Locker,Online,Virginia,38,54,14
2597,24-11-2021,Men's Street Footwear,Southeast,Foot Locker,Online,Virginia,42,65,16
2598,24-06-2021,Men's Street Footwear,Southeast,Foot Locker,Online,Virginia,53,123,23
2599,23-12-2021,Men's Street Footwear,Southeast,Foot Locker,Online,Virginia,60,135,23
2600,24-04-2021,Men's Street Footwear,Southeast,Foot Locker,Online,Virginia,52,64,12
2601,25-09-2021,Men's Street Footwear,Southeast,Foot Locker,Online,Virginia,46,52,11
2602,23-07-2021,Men's Street Footwear,Southeast,Foot Locker,Online,Virginia,79,201,26
2603,12-12-2021,Women's Apparel,Southeast,Foot Locker,Online,Georgia,70,3500,50
2604,12-12-2021,Women's Apparel,Southeast,Foot Locker,Online,Georgia,64,86,14
2605,24-11-2021,Women's Apparel,Southeast,Foot Locker,Online,Virginia,74,110,15
2606,23-07-2021,Women's Apparel,Southeast,Foot Locker,Online,Virginia,96,173,18
2607,24-06-2021,Women's Apparel,Southeast,Foot Locker,Online,Virginia,96,175,18
2608,23-03-2021,Women's Apparel,Southeast,Foot Locker,Online,Virginia,49,38,8
2609,24-08-2021,Women's Apparel,Southeast,Foot Locker,Online,Virginia,73,55,8
2610,24-02-2021,Women's Apparel,Southeast,Foot Locker,Online,Virginia,38,31,8
2611,25-09-2021,Women's Apparel,Southeast,Foot Locker,Online,Virginia,42,29,7
2612,25-05-2021,Women's Apparel,Southeast,Foot Locker,Online,Virginia,56,85,15
2613,24-10-2021,Women's Apparel,Southeast,Foot Locker,Online,Virginia,59,60,10
2614,24-04-2021,Women's Apparel,Southeast,Foot Locker,Online,Virginia,64,50,8
2615,12-12-2021,Women's Athletic Footwear,Southeast,Foot Locker,Online,Georgia,55,2613,48
2616,12-12-2021,Women's Athletic Footwear,Southeast,Foot Locker,Online,Georgia,51,65,13
2617,23-03-2021,Women's Athletic Footwear,Southeast,Foot Locker,Online,Virginia,48,31,7
2618,23-07-2021,Women's Athletic Footwear,Southeast,Foot Locker,Online,Virginia,82,122,15
2619,24-04-2021,Women's Athletic Footwear,Southeast,Foot Locker,Online,Virginia,42,24,6
2620,24-11-2021,Women's Athletic Footwear,Southeast,Foot Locker,Online,Virginia,52,59,11
2621,24-10-2021,Women's Athletic Footwear,Southeast,Foot Locker,Online,Virginia,41,40,10
2622,25-09-2021,Women's Athletic Footwear,Southeast,Foot Locker,Online,Virginia,45,24,5
2623,24-08-2021,Women's Athletic Footwear,Southeast,Foot Locker,Online,Virginia,66,73,11
2624,24-06-2021,Women's Athletic Footwear,Southeast,Foot Locker,Online,Virginia,72,102,14
2625,24-02-2021,Women's Athletic Footwear,Southeast,Foot Locker,Online,Virginia,38,22,6
2626,25-05-2021,Women's Athletic Footwear,Southeast,Foot Locker,Online,Virginia,47,32,7
2627,12-12-2021,Women's Street Footwear,Southeast,Foot Locker,Online,Georgia,55,2613,48
2628,12-12-2021,Women's Street Footwear,Southeast,Foot Locker,Online,Georgia,53,73,14
2629,23-07-2021,Women's Street Footwear,Southeast,Foot Locker,Online,Virginia,86,157,18
2630,24-10-2021,Women's Street Footwear,Southeast,Foot Locker,Online,Virginia,46,44,10
2631,25-09-2021,Women's Street Footwear,Southeast,Foot Locker,Online,Virginia,47,31,7
2632,24-11-2021,Women's Street Footwear,Southeast,Foot Locker,Online,Virginia,43,59,14
2633,23-03-2021,Women's Street Footwear,Southeast,Foot Locker,Online,Virginia,52,47,9
2634,24-08-2021,Women's Street Footwear,Southeast,Foot Locker,Online,Virginia,69,130,19
2635,24-06-2021,Women's Street Footwear,Southeast,Foot Locker,Online,Virginia,73,142,20
2636,24-04-2021,Women's Street Footwear,Southeast,Foot Locker,Online,Virginia,57,48,9
2637,25-05-2021,Women's Street Footwear,Southeast,Foot Locker,Online,Virginia,50,44,9
2638,17-02-2021,Men's Apparel,Southeast,Sports Direct,Online,Florida,52,31,6
2639,16-03-2021,Men's Apparel,Southeast,Sports Direct,Online,Florida,61,27,4
2640,13-02-2021,Men's Apparel,Southeast,Sports Direct,Online,Georgia,45,788,18
2641,12-03-2021,Men's Apparel,Southeast,Sports Direct,Online,Georgia,55,825,15
2642,13-04-2021,Men's Apparel,Southeast,Sports Direct,Online,Georgia,55,963,18
2643,14-05-2021,Men's Apparel,Southeast,Sports Direct,Online,Georgia,55,1238,23
2644,13-06-2021,Men's Apparel,Southeast,Sports Direct,Online,Georgia,55,1513,28
2645,13-10-2021,Men's Apparel,Southeast,Sports Direct,Online,Georgia,55,1650,30
2646,14-09-2021,Men's Apparel,Southeast,Sports Direct,Online,Georgia,55,2200,40
2647,12-07-2021,Men's Apparel,Southeast,Sports Direct,Online,Georgia,55,2613,48
2648,13-11-2021,Men's Apparel,Southeast,Sports Direct,Online,Georgia,65,2275,35
2649,13-08-2021,Men's Apparel,Southeast,Sports Direct,Online,Georgia,65,2925,45
2650,13-10-2021,Men's Apparel,Southeast,Sports Direct,Online,Georgia,50,45,9
2651,12-03-2021,Men's Apparel,Southeast,Sports Direct,Online,Georgia,51,20,4
2652,13-11-2021,Men's Apparel,Southeast,Sports Direct,Online,Georgia,60,61,10
2653,13-02-2021,Men's Apparel,Southeast,Sports Direct,Online,Georgia,41,21,5
2654,14-05-2021,Men's Apparel,Southeast,Sports Direct,Online,Georgia,50,28,6
2655,13-06-2021,Men's Apparel,Southeast,Sports Direct,Online,Georgia,51,37,7
2656,13-04-2021,Men's Apparel,Southeast,Sports Direct,Online,Georgia,52,28,5
2657,14-09-2021,Men's Apparel,Southeast,Sports Direct,Online,Georgia,54,54,10
2658,12-07-2021,Men's Apparel,Southeast,Sports Direct,Online,Georgia,54,75,14
2659,13-08-2021,Men's Apparel,Southeast,Sports Direct,Online,Georgia,60,76,13
2660,23-12-2021,Men's Apparel,Southeast,Sports Direct,Online,Virginia,72,96,13
2661,16-03-2021,Men's Athletic Footwear,Southeast,Sports Direct,Online,Florida,58,58,10
2662,12-03-2021,Men's Athletic Footwear,Southeast,Sports Direct,Online,Georgia,50,1875,38
2663,13-10-2021,Men's Athletic Footwear,Southeast,Sports Direct,Online,Georgia,50,2625,53
2664,14-09-2021,Men's Athletic Footwear,Southeast,Sports Direct,Online,Georgia,50,3000,60
2665,13-04-2021,Men's Athletic Footwear,Southeast,Sports Direct,Online,Georgia,55,1788,33
2666,14-05-2021,Men's Athletic Footwear,Southeast,Sports Direct,Online,Georgia,55,2200,40
2667,13-06-2021,Men's Athletic Footwear,Southeast,Sports Direct,Online,Georgia,55,2888,53
2668,12-07-2021,Men's Athletic Footwear,Southeast,Sports Direct,Online,Georgia,55,3163,58
2669,13-11-2021,Men's Athletic Footwear,Southeast,Sports Direct,Online,Georgia,60,3450,58
2670,13-08-2021,Men's Athletic Footwear,Southeast,Sports Direct,Online,Georgia,60,3750,63
2671,12-12-2021,Men's Athletic Footwear,Southeast,Sports Direct,Online,Georgia,60,4050,68
2672,13-04-2021,Men's Athletic Footwear,Southeast,Sports Direct,Online,Georgia,51,45,9
2673,12-07-2021,Men's Athletic Footwear,Southeast,Sports Direct,Online,Georgia,51,88,17
2674,13-06-2021,Men's Athletic Footwear,Southeast,Sports Direct,Online,Georgia,54,79,15
2675,13-10-2021,Men's Athletic Footwear,Southeast,Sports Direct,Online,Georgia,47,67,14
2676,14-05-2021,Men's Athletic Footwear,Southeast,Sports Direct,Online,Georgia,52,56,11
2677,13-08-2021,Men's Athletic Footwear,Southeast,Sports Direct,Online,Georgia,58,102,18
2678,12-03-2021,Men's Athletic Footwear,Southeast,Sports Direct,Online,Georgia,46,46,10
2679,12-12-2021,Men's Athletic Footwear,Southeast,Sports Direct,Online,Georgia,58,110,19
2680,13-11-2021,Men's Athletic Footwear,Southeast,Sports Direct,Online,Georgia,58,100,17
2681,14-09-2021,Men's Athletic Footwear,Southeast,Sports Direct,Online,Georgia,47,73,16
2682,16-03-2021,Men's Street Footwear,Southeast,Sports Direct,Online,Florida,46,74,16
2683,12-03-2021,Men's Street Footwear,Southeast,Sports Direct,Online,Georgia,40,2100,53
2684,13-10-2021,Men's Street Footwear,Southeast,Sports Direct,Online,Georgia,45,2363,53
2685,14-09-2021,Men's Street Footwear,Southeast,Sports Direct,Online,Georgia,45,2700,60
2686,13-04-2021,Men's Street Footwear,Southeast,Sports Direct,Online,Georgia,50,2625,53
2687,14-05-2021,Men's Street Footwear,Southeast,Sports Direct,Online,Georgia,50,2750,55
2688,13-06-2021,Men's Street Footwear,Southeast,Sports Direct,Online,Georgia,50,3375,68
2689,12-07-2021,Men's Street Footwear,Southeast,Sports Direct,Online,Georgia,50,3625,73
2690,13-11-2021,Men's Street Footwear,Southeast,Sports Direct,Online,Georgia,55,2888,53
2691,13-08-2021,Men's Street Footwear,Southeast,Sports Direct,Online,Georgia,55,3713,68
2692,12-12-2021,Men's Street Footwear,Southeast,Sports Direct,Online,Georgia,55,3713,68
2693,12-03-2021,Men's Street Footwear,Southeast,Sports Direct,Online,Georgia,37,51,14
2694,12-07-2021,Men's Street Footwear,Southeast,Sports Direct,Online,Georgia,47,92,20
2695,13-10-2021,Men's Street Footwear,Southeast,Sports Direct,Online,Georgia,42,55,13
2696,13-04-2021,Men's Street Footwear,Southeast,Sports Direct,Online,Georgia,45,64,14
2697,13-11-2021,Men's Street Footwear,Southeast,Sports Direct,Online,Georgia,51,70,14
2698,13-08-2021,Men's Street Footwear,Southeast,Sports Direct,Online,Georgia,53,96,18
2699,13-06-2021,Men's Street Footwear,Southeast,Sports Direct,Online,Georgia,46,81,18
2700,14-09-2021,Men's Street Footwear,Southeast,Sports Direct,Online,Georgia,43,77,18
2701,14-05-2021,Men's Street Footwear,Southeast,Sports Direct,Online,Georgia,47,75,16
2702,12-12-2021,Men's Street Footwear,Southeast,Sports Direct,Online,Georgia,50,102,20
2703,17-02-2021,Women's Apparel,Southeast,Sports Direct,Online,Florida,47,51,11
2704,16-03-2021,Women's Apparel,Southeast,Sports Direct,Online,Florida,54,55,10
2705,13-02-2021,Women's Apparel,Southeast,Sports Direct,Online,Georgia,40,1500,38
2706,12-03-2021,Women's Apparel,Southeast,Sports Direct,Online,Georgia,50,1750,35
2707,14-09-2021,Women's Apparel,Southeast,Sports Direct,Online,Georgia,60,2700,45
2708,13-04-2021,Women's Apparel,Southeast,Sports Direct,Online,Georgia,70,2450,35
2709,13-10-2021,Women's Apparel,Southeast,Sports Direct,Online,Georgia,70,2450,35
2710,14-05-2021,Women's Apparel,Southeast,Sports Direct,Online,Georgia,70,2800,40
2711,13-08-2021,Women's Apparel,Southeast,Sports Direct,Online,Georgia,70,2975,43
2712,12-07-2021,Women's Apparel,Southeast,Sports Direct,Online,Georgia,70,3325,48
2713,13-11-2021,Women's Apparel,Southeast,Sports Direct,Online,Georgia,70,3325,48
2714,13-06-2021,Women's Apparel,Southeast,Sports Direct,Online,Georgia,70,4025,58
2715,13-11-2021,Women's Apparel,Southeast,Sports Direct,Online,Georgia,65,81,12
2716,13-06-2021,Women's Apparel,Southeast,Sports Direct,Online,Georgia,67,101,15
2717,13-08-2021,Women's Apparel,Southeast,Sports Direct,Online,Georgia,68,81,12
2718,13-02-2021,Women's Apparel,Southeast,Sports Direct,Online,Georgia,37,36,10
2719,12-03-2021,Women's Apparel,Southeast,Sports Direct,Online,Georgia,48,46,10
2720,12-07-2021,Women's Apparel,Southeast,Sports Direct,Online,Georgia,67,96,14
2721,13-10-2021,Women's Apparel,Southeast,Sports Direct,Online,Georgia,64,65,10
2722,14-09-2021,Women's Apparel,Southeast,Sports Direct,Online,Georgia,59,77,13
2723,13-04-2021,Women's Apparel,Southeast,Sports Direct,Online,Georgia,63,66,11
2724,14-05-2021,Women's Apparel,Southeast,Sports Direct,Online,Georgia,64,77,12
2725,23-12-2021,Women's Apparel,Southeast,Sports Direct,Online,Virginia,82,123,15
2726,16-03-2021,Women's Athletic Footwear,Southeast,Sports Direct,Online,Florida,58,53,9
2727,17-02-2021,Women's Athletic Footwear,Southeast,Sports Direct,Online,Florida,45,33,7
2728,13-02-2021,Women's Athletic Footwear,Southeast,Sports Direct,Online,Georgia,40,1000,25
2729,13-10-2021,Women's Athletic Footwear,Southeast,Sports Direct,Online,Georgia,45,1463,33
2730,14-09-2021,Women's Athletic Footwear,Southeast,Sports Direct,Online,Georgia,45,1800,40
2731,12-03-2021,Women's Athletic Footwear,Southeast,Sports Direct,Online,Georgia,50,1250,25
2732,13-04-2021,Women's Athletic Footwear,Southeast,Sports Direct,Online,Georgia,50,1375,28
2733,14-05-2021,Women's Athletic Footwear,Southeast,Sports Direct,Online,Georgia,50,1625,33
2734,13-06-2021,Women's Athletic Footwear,Southeast,Sports Direct,Online,Georgia,50,2000,40
2735,12-07-2021,Women's Athletic Footwear,Southeast,Sports Direct,Online,Georgia,50,2125,43
2736,13-11-2021,Women's Athletic Footwear,Southeast,Sports Direct,Online,Georgia,55,2200,40
2737,13-08-2021,Women's Athletic Footwear,Southeast,Sports Direct,Online,Georgia,55,2475,45
2738,13-10-2021,Women's Athletic Footwear,Southeast,Sports Direct,Online,Georgia,44,39,9
2739,12-07-2021,Women's Athletic Footwear,Southeast,Sports Direct,Online,Georgia,46,59,13
2740,13-06-2021,Women's Athletic Footwear,Southeast,Sports Direct,Online,Georgia,49,59,12
2741,13-02-2021,Women's Athletic Footwear,Southeast,Sports Direct,Online,Georgia,36,23,6
2742,12-03-2021,Women's Athletic Footwear,Southeast,Sports Direct,Online,Georgia,47,34,7
2743,13-11-2021,Women's Athletic Footwear,Southeast,Sports Direct,Online,Georgia,51,59,12
2744,13-08-2021,Women's Athletic Footwear,Southeast,Sports Direct,Online,Georgia,53,60,11
2745,14-09-2021,Women's Athletic Footwear,Southeast,Sports Direct,Online,Georgia,43,52,12
2746,14-05-2021,Women's Athletic Footwear,Southeast,Sports Direct,Online,Georgia,47,43,9
2747,13-04-2021,Women's Athletic Footwear,Southeast,Sports Direct,Online,Georgia,48,33,7
2748,23-12-2021,Women's Athletic Footwear,Southeast,Sports Direct,Online,Virginia,67,107,16
2749,16-03-2021,Women's Street Footwear,Southeast,Sports Direct,Online,Florida,59,68,12
2750,13-10-2021,Women's Street Footwear,Southeast,Sports Direct,Online,Georgia,45,1575,35
2751,14-09-2021,Women's Street Footwear,Southeast,Sports Direct,Online,Georgia,45,2025,45
2752,12-03-2021,Women's Street Footwear,Southeast,Sports Direct,Online,Georgia,50,1875,38
2753,13-04-2021,Women's Street Footwear,Southeast,Sports Direct,Online,Georgia,55,2063,38
2754,14-05-2021,Women's Street Footwear,Southeast,Sports Direct,Online,Georgia,55,2338,43
2755,13-11-2021,Women's Street Footwear,Southeast,Sports Direct,Online,Georgia,55,2338,43
2756,13-08-2021,Women's Street Footwear,Southeast,Sports Direct,Online,Georgia,55,2750,50
2757,13-06-2021,Women's Street Footwear,Southeast,Sports Direct,Online,Georgia,55,2888,53
2758,12-07-2021,Women's Street Footwear,Southeast,Sports Direct,Online,Georgia,55,2888,53
2759,13-08-2021,Women's Street Footwear,Southeast,Sports Direct,Online,Georgia,54,81,15
2760,13-10-2021,Women's Street Footwear,Southeast,Sports Direct,Online,Georgia,42,44,11
2761,14-09-2021,Women's Street Footwear,Southeast,Sports Direct,Online,Georgia,42,57,14
2762,13-11-2021,Women's Street Footwear,Southeast,Sports Direct,Online,Georgia,54,62,12
2763,13-06-2021,Women's Street Footwear,Southeast,Sports Direct,Online,Georgia,52,74,14
2764,12-03-2021,Women's Street Footwear,Southeast,Sports Direct,Online,Georgia,49,55,11
2765,13-04-2021,Women's Street Footwear,Southeast,Sports Direct,Online,Georgia,50,47,9
2766,12-07-2021,Women's Street Footwear,Southeast,Sports Direct,Online,Georgia,50,69,14
2767,14-05-2021,Women's Street Footwear,Southeast,Sports Direct,Online,Georgia,52,64,12
2768,23-12-2021,Women's Street Footwear,Southeast,Sports Direct,Online,Virginia,64,99,15
2769,17-11-2021,Men's Apparel,Southeast,Walmart,Online,Florida,77,95,12
2770,17-10-2021,Men's Apparel,Southeast,Walmart,Online,Florida,59,58,10
2771,18-09-2021,Men's Apparel,Southeast,Walmart,Online,Florida,64,47,7
2772,17-08-2021,Men's Apparel,Southeast,Walmart,Online,Florida,74,106,14
2773,18-05-2021,Men's Apparel,Southeast,Walmart,Online,Florida,52,35,7
2774,17-06-2021,Men's Apparel,Southeast,Walmart,Online,Florida,89,112,13
2775,16-07-2021,Men's Apparel,Southeast,Walmart,Online,Florida,89,174,20
2776,17-04-2021,Men's Apparel,Southeast,Walmart,Online,Florida,59,34,6
2777,17-06-2021,Men's Athletic Footwear,Southeast,Walmart,Online,Florida,64,130,20
2778,17-04-2021,Men's Athletic Footwear,Southeast,Walmart,Online,Florida,66,65,10
2779,17-08-2021,Men's Athletic Footwear,Southeast,Walmart,Online,Florida,77,159,21
2780,16-12-2021,Men's Athletic Footwear,Southeast,Walmart,Online,Florida,82,164,20
2781,18-09-2021,Men's Athletic Footwear,Southeast,Walmart,Online,Florida,60,81,14
2782,17-11-2021,Men's Athletic Footwear,Southeast,Walmart,Online,Florida,54,95,18
2783,17-10-2021,Men's Athletic Footwear,Southeast,Walmart,Online,Florida,59,85,14
2784,18-05-2021,Men's Athletic Footwear,Southeast,Walmart,Online,Florida,60,77,13
2785,16-07-2021,Men's Athletic Footwear,Southeast,Walmart,Online,Florida,88,198,23
2786,17-11-2021,Men's Street Footwear,Southeast,Walmart,Online,Florida,52,88,17
2787,18-09-2021,Men's Street Footwear,Southeast,Walmart,Online,Florida,58,81,14
2788,16-12-2021,Men's Street Footwear,Southeast,Walmart,Online,Florida,72,156,22
2789,17-08-2021,Men's Street Footwear,Southeast,Walmart,Online,Florida,87,185,21
2790,17-04-2021,Men's Street Footwear,Southeast,Walmart,Online,Florida,62,86,14
2791,18-05-2021,Men's Street Footwear,Southeast,Walmart,Online,Florida,58,90,16
2792,17-10-2021,Men's Street Footwear,Southeast,Walmart,Online,Florida,47,47,10
2793,16-07-2021,Men's Street Footwear,Southeast,Walmart,Online,Florida,83,217,26
2794,17-06-2021,Men's Street Footwear,Southeast,Walmart,Online,Florida,61,136,22
2795,18-09-2021,Women's Apparel,Southeast,Walmart,Online,Florida,51,38,8
2796,17-06-2021,Women's Apparel,Southeast,Walmart,Online,Florida,103,225,22
2797,16-07-2021,Women's Apparel,Southeast,Walmart,Online,Florida,101,165,16
2798,17-10-2021,Women's Apparel,Southeast,Walmart,Online,Florida,65,68,10
2799,18-05-2021,Women's Apparel,Southeast,Walmart,Online,Florida,67,116,17
2800,17-08-2021,Women's Apparel,Southeast,Walmart,Online,Florida,81,70,9
2801,17-11-2021,Women's Apparel,Southeast,Walmart,Online,Florida,86,139,16
2802,17-04-2021,Women's Apparel,Southeast,Walmart,Online,Florida,72,78,11
2803,17-10-2021,Women's Athletic Footwear,Southeast,Walmart,Online,Florida,51,58,11
2804,17-08-2021,Women's Athletic Footwear,Southeast,Walmart,Online,Florida,77,110,14
2805,17-06-2021,Women's Athletic Footwear,Southeast,Walmart,Online,Florida,77,119,16
2806,18-05-2021,Women's Athletic Footwear,Southeast,Walmart,Online,Florida,59,52,9
2807,17-11-2021,Women's Athletic Footwear,Southeast,Walmart,Online,Florida,64,96,15
2808,16-07-2021,Women's Athletic Footwear,Southeast,Walmart,Online,Florida,82,148,18
2809,18-09-2021,Women's Athletic Footwear,Southeast,Walmart,Online,Florida,54,35,7
2810,17-04-2021,Women's Athletic Footwear,Southeast,Walmart,Online,Florida,52,44,8
2811,17-11-2021,Women's Street Footwear,Southeast,Walmart,Online,Florida,53,78,15
2812,17-10-2021,Women's Street Footwear,Southeast,Walmart,Online,Florida,55,62,11
2813,17-04-2021,Women's Street Footwear,Southeast,Walmart,Online,Florida,66,79,12
2814,17-08-2021,Women's Street Footwear,Southeast,Walmart,Online,Florida,78,147,19
2815,17-06-2021,Women's Street Footwear,Southeast,Walmart,Online,Florida,80,168,21
2816,16-07-2021,Women's Street Footwear,Southeast,Walmart,Online,Florida,86,163,19
2817,18-09-2021,Women's Street Footwear,Southeast,Walmart,Online,Florida,54,41,8
2818,18-05-2021,Women's Street Footwear,Southeast,Walmart,Online,Florida,59,70,12
2819,16-12-2021,Men's Apparel,Southeast,West Gear,Online,Florida,86,126,15
2820,16-12-2021,Women's Apparel,Southeast,West Gear,Online,Florida,87,136,16
2821,16-12-2021,Women's Athletic Footwear,Southeast,West Gear,Online,Florida,78,140,18
2822,16-12-2021,Women's Street Footwear,Southeast,West Gear,Online,Florida,75,131,17
2823,23-02-2021,Men's Apparel,West,Foot Locker,Online,Arizona,45,675,15
2824,22-03-2021,Men's Apparel,West,Foot Locker,Online,Arizona,55,688,13
2825,23-04-2021,Men's Apparel,West,Foot Locker,Online,Arizona,55,825,15
2826,24-05-2021,Men's Apparel,West,Foot Locker,Online,Arizona,55,1100,20
2827,23-06-2021,Men's Apparel,West,Foot Locker,Online,Arizona,55,1238,23
2828,23-10-2021,Men's Apparel,West,Foot Locker,Online,Arizona,55,1513,28
2829,23-11-2021,Men's Apparel,West,Foot Locker,Online,Arizona,55,1650,30
2830,24-09-2021,Men's Apparel,West,Foot Locker,Online,Arizona,55,2063,38
2831,22-07-2021,Men's Apparel,West,Foot Locker,Online,Arizona,55,2338,43
2832,23-08-2021,Men's Apparel,West,Foot Locker,Online,Arizona,65,2600,40
2833,23-10-2021,Men's Apparel,West,Foot Locker,Online,Arizona,53,37,7
2834,24-05-2021,Men's Apparel,West,Foot Locker,Online,Arizona,51,30,6
2835,23-11-2021,Men's Apparel,West,Foot Locker,Online,Arizona,53,46,9
2836,22-03-2021,Men's Apparel,West,Foot Locker,Online,Arizona,54,17,3
2837,23-08-2021,Men's Apparel,West,Foot Locker,Online,Arizona,59,68,12
2838,23-04-2021,Men's Apparel,West,Foot Locker,Online,Arizona,50,20,4
2839,23-06-2021,Men's Apparel,West,Foot Locker,Online,Arizona,51,35,7
2840,22-07-2021,Men's Apparel,West,Foot Locker,Online,Arizona,52,67,13
2841,23-02-2021,Men's Apparel,West,Foot Locker,Online,Arizona,42,18,4
2842,24-09-2021,Men's Apparel,West,Foot Locker,Online,Arizona,54,57,11
2843,23-01-2021,Men's Apparel,West,Foot Locker,Online,Idaho,45,1013,23
2844,23-01-2021,Men's Apparel,West,Foot Locker,Online,Idaho,42,26,6
2845,24-01-2021,Men's Apparel,West,Foot Locker,Online,Wyoming,42,19,5
2846,22-03-2021,Men's Athletic Footwear,West,Foot Locker,Online,Arizona,50,1750,35
2847,23-10-2021,Men's Athletic Footwear,West,Foot Locker,Online,Arizona,50,2500,50
2848,23-11-2021,Men's Athletic Footwear,West,Foot Locker,Online,Arizona,50,2625,53
2849,24-09-2021,Men's Athletic Footwear,West,Foot Locker,Online,Arizona,50,2875,58
2850,22-12-2021,Men's Athletic Footwear,West,Foot Locker,Online,Arizona,50,3125,63
2851,23-04-2021,Men's Athletic Footwear,West,Foot Locker,Online,Arizona,55,1650,30
2852,24-05-2021,Men's Athletic Footwear,West,Foot Locker,Online,Arizona,55,2063,38
2853,23-06-2021,Men's Athletic Footwear,West,Foot Locker,Online,Arizona,55,2613,48
2854,22-07-2021,Men's Athletic Footwear,West,Foot Locker,Online,Arizona,55,2888,53
2855,23-08-2021,Men's Athletic Footwear,West,Foot Locker,Online,Arizona,60,3450,58
2856,23-04-2021,Men's Athletic Footwear,West,Foot Locker,Online,Arizona,53,48,9
2857,23-08-2021,Men's Athletic Footwear,West,Foot Locker,Online,Arizona,57,92,16
2858,22-07-2021,Men's Athletic Footwear,West,Foot Locker,Online,Arizona,50,71,14
2859,23-11-2021,Men's Athletic Footwear,West,Foot Locker,Online,Arizona,46,68,15
2860,23-06-2021,Men's Athletic Footwear,West,Foot Locker,Online,Arizona,51,70,14
2861,24-09-2021,Men's Athletic Footwear,West,Foot Locker,Online,Arizona,45,72,16
2862,23-10-2021,Men's Athletic Footwear,West,Foot Locker,Online,Arizona,47,68,15
2863,22-12-2021,Men's Athletic Footwear,West,Foot Locker,Online,Arizona,49,86,18
2864,24-05-2021,Men's Athletic Footwear,West,Foot Locker,Online,Arizona,53,60,11
2865,22-03-2021,Men's Athletic Footwear,West,Foot Locker,Online,Arizona,48,46,10
2866,23-02-2021,Men's Athletic Footwear,West,Foot Locker,Online,Idaho,40,1500,38
2867,23-01-2021,Men's Athletic Footwear,West,Foot Locker,Online,Idaho,40,1700,43
2868,23-01-2021,Men's Athletic Footwear,West,Foot Locker,Online,Idaho,37,39,11
2869,23-02-2021,Men's Athletic Footwear,West,Foot Locker,Online,Idaho,38,43,11
2870,24-02-2021,Men's Athletic Footwear,West,Foot Locker,Online,Wyoming,36,38,11
2871,24-01-2021,Men's Athletic Footwear,West,Foot Locker,Online,Wyoming,36,38,11
2872,22-03-2021,Men's Street Footwear,West,Foot Locker,Online,Arizona,40,2000,50
2873,23-10-2021,Men's Street Footwear,West,Foot Locker,Online,Arizona,45,2250,50
2874,23-11-2021,Men's Street Footwear,West,Foot Locker,Online,Arizona,45,2250,50
2875,24-09-2021,Men's Street Footwear,West,Foot Locker,Online,Arizona,45,2588,58
2876,22-12-2021,Men's Street Footwear,West,Foot Locker,Online,Arizona,45,2813,63
2877,23-04-2021,Men's Street Footwear,West,Foot Locker,Online,Arizona,50,2500,50
2878,24-05-2021,Men's Street Footwear,West,Foot Locker,Online,Arizona,50,2625,53
2879,23-06-2021,Men's Street Footwear,West,Foot Locker,Online,Arizona,50,3125,63
2880,22-07-2021,Men's Street Footwear,West,Foot Locker,Online,Arizona,50,3375,68
2881,23-08-2021,Men's Street Footwear,West,Foot Locker,Online,Arizona,55,3438,63
2882,23-04-2021,Men's Street Footwear,West,Foot Locker,Online,Arizona,48,62,13
2883,22-12-2021,Men's Street Footwear,West,Foot Locker,Online,Arizona,44,80,18
2884,22-03-2021,Men's Street Footwear,West,Foot Locker,Online,Arizona,37,54,15
2885,23-11-2021,Men's Street Footwear,West,Foot Locker,Online,Arizona,42,57,14
2886,24-05-2021,Men's Street Footwear,West,Foot Locker,Online,Arizona,47,69,15
2887,23-10-2021,Men's Street Footwear,West,Foot Locker,Online,Arizona,41,55,14
2888,24-09-2021,Men's Street Footwear,West,Foot Locker,Online,Arizona,41,68,17
2889,23-06-2021,Men's Street Footwear,West,Foot Locker,Online,Arizona,48,75,16
2890,22-07-2021,Men's Street Footwear,West,Foot Locker,Online,Arizona,49,96,20
2891,23-08-2021,Men's Street Footwear,West,Foot Locker,Online,Arizona,50,82,16
2892,23-01-2021,Men's Street Footwear,West,Foot Locker,Online,Idaho,30,1275,43
2893,23-02-2021,Men's Street Footwear,West,Foot Locker,Online,Idaho,30,1425,48
2894,23-01-2021,Men's Street Footwear,West,Foot Locker,Online,Idaho,29,35,12
2895,23-02-2021,Men's Street Footwear,West,Foot Locker,Online,Idaho,29,41,14
2896,24-02-2021,Men's Street Footwear,West,Foot Locker,Online,Wyoming,27,31,11
2897,24-01-2021,Men's Street Footwear,West,Foot Locker,Online,Wyoming,29,26,9
2898,23-02-2021,Women's Apparel,West,Foot Locker,Online,Arizona,40,1400,35
2899,22-03-2021,Women's Apparel,West,Foot Locker,Online,Arizona,50,1625,33
2900,23-10-2021,Women's Apparel,West,Foot Locker,Online,Arizona,60,1950,33
2901,24-09-2021,Women's Apparel,West,Foot Locker,Online,Arizona,60,2550,43
2902,23-11-2021,Women's Apparel,West,Foot Locker,Online,Arizona,60,2550,43
2903,23-04-2021,Women's Apparel,West,Foot Locker,Online,Arizona,70,2275,33
2904,24-05-2021,Women's Apparel,West,Foot Locker,Online,Arizona,70,2625,38
2905,23-08-2021,Women's Apparel,West,Foot Locker,Online,Arizona,70,2625,38
2906,22-07-2021,Women's Apparel,West,Foot Locker,Online,Arizona,70,2975,43
2907,23-06-2021,Women's Apparel,West,Foot Locker,Online,Arizona,70,3675,53
2908,23-02-2021,Women's Apparel,West,Foot Locker,Online,Arizona,38,33,9
2909,24-05-2021,Women's Apparel,West,Foot Locker,Online,Arizona,64,63,10
2910,23-04-2021,Women's Apparel,West,Foot Locker,Online,Arizona,67,63,9
2911,23-11-2021,Women's Apparel,West,Foot Locker,Online,Arizona,55,61,11
2912,24-09-2021,Women's Apparel,West,Foot Locker,Online,Arizona,56,67,12
2913,23-10-2021,Women's Apparel,West,Foot Locker,Online,Arizona,56,48,9
2914,22-07-2021,Women's Apparel,West,Foot Locker,Online,Arizona,67,82,12
2915,23-06-2021,Women's Apparel,West,Foot Locker,Online,Arizona,69,90,13
2916,22-03-2021,Women's Apparel,West,Foot Locker,Online,Arizona,47,41,9
2917,23-08-2021,Women's Apparel,West,Foot Locker,Online,Arizona,65,61,9
2918,23-01-2021,Women's Apparel,West,Foot Locker,Online,Idaho,40,1700,43
2919,23-01-2021,Women's Apparel,West,Foot Locker,Online,Idaho,36,40,11
2920,24-01-2021,Women's Apparel,West,Foot Locker,Online,Wyoming,38,44,12
2921,23-02-2021,Women's Athletic Footwear,West,Foot Locker,Online,Arizona,40,900,23
2922,23-10-2021,Women's Athletic Footwear,West,Foot Locker,Online,Arizona,45,1350,30
2923,23-11-2021,Women's Athletic Footwear,West,Foot Locker,Online,Arizona,45,1575,35
2924,24-09-2021,Women's Athletic Footwear,West,Foot Locker,Online,Arizona,45,1688,38
2925,22-03-2021,Women's Athletic Footwear,West,Foot Locker,Online,Arizona,50,1125,23
2926,23-04-2021,Women's Athletic Footwear,West,Foot Locker,Online,Arizona,50,1250,25
2927,24-05-2021,Women's Athletic Footwear,West,Foot Locker,Online,Arizona,50,1500,30
2928,23-06-2021,Women's Athletic Footwear,West,Foot Locker,Online,Arizona,50,1750,35
2929,22-07-2021,Women's Athletic Footwear,West,Foot Locker,Online,Arizona,50,1875,38
2930,23-08-2021,Women's Athletic Footwear,West,Foot Locker,Online,Arizona,55,2200,40
2931,22-07-2021,Women's Athletic Footwear,West,Foot Locker,Online,Arizona,48,48,10
2932,22-03-2021,Women's Athletic Footwear,West,Foot Locker,Online,Arizona,47,32,7
2933,24-09-2021,Women's Athletic Footwear,West,Foot Locker,Online,Arizona,41,46,11
2934,23-11-2021,Women's Athletic Footwear,West,Foot Locker,Online,Arizona,42,41,10
2935,23-02-2021,Women's Athletic Footwear,West,Foot Locker,Online,Arizona,38,24,6
2936,23-10-2021,Women's Athletic Footwear,West,Foot Locker,Online,Arizona,43,39,9
2937,23-08-2021,Women's Athletic Footwear,West,Foot Locker,Online,Arizona,52,58,11
2938,23-04-2021,Women's Athletic Footwear,West,Foot Locker,Online,Arizona,46,35,8
2939,23-06-2021,Women's Athletic Footwear,West,Foot Locker,Online,Arizona,46,44,10
2940,24-05-2021,Women's Athletic Footwear,West,Foot Locker,Online,Arizona,49,44,9
2941,23-01-2021,Women's Athletic Footwear,West,Foot Locker,Online,Idaho,40,1100,28
2942,23-01-2021,Women's Athletic Footwear,West,Foot Locker,Online,Idaho,38,29,8
2943,24-01-2021,Women's Athletic Footwear,West,Foot Locker,Online,Wyoming,38,21,5
2944,23-10-2021,Women's Street Footwear,West,Foot Locker,Online,Arizona,45,1463,33
2945,23-11-2021,Women's Street Footwear,West,Foot Locker,Online,Arizona,45,1688,38
2946,24-09-2021,Women's Street Footwear,West,Foot Locker,Online,Arizona,45,1913,43
2947,22-03-2021,Women's Street Footwear,West,Foot Locker,Online,Arizona,50,1750,35
2948,23-04-2021,Women's Street Footwear,West,Foot Locker,Online,Arizona,55,1925,35
2949,24-05-2021,Women's Street Footwear,West,Foot Locker,Online,Arizona,55,2200,40
2950,23-08-2021,Women's Street Footwear,West,Foot Locker,Online,Arizona,55,2475,45
2951,23-06-2021,Women's Street Footwear,West,Foot Locker,Online,Arizona,55,2613,48
2952,22-07-2021,Women's Street Footwear,West,Foot Locker,Online,Arizona,55,2613,48
2953,24-09-2021,Women's Street Footwear,West,Foot Locker,Online,Arizona,43,55,13
2954,23-06-2021,Women's Street Footwear,West,Foot Locker,Online,Arizona,51,70,14
2955,23-11-2021,Women's Street Footwear,West,Foot Locker,Online,Arizona,44,46,11
2956,24-05-2021,Women's Street Footwear,West,Foot Locker,Online,Arizona,50,60,12
2957,22-07-2021,Women's Street Footwear,West,Foot Locker,Online,Arizona,51,68,13
2958,23-10-2021,Women's Street Footwear,West,Foot Locker,Online,Arizona,44,40,9
2959,23-08-2021,Women's Street Footwear,West,Foot Locker,Online,Arizona,54,61,11
2960,22-03-2021,Women's Street Footwear,West,Foot Locker,Online,Arizona,49,45,9
2961,23-04-2021,Women's Street Footwear,West,Foot Locker,Online,Arizona,50,51,10
2962,23-02-2021,Women's Street Footwear,West,Foot Locker,Online,Idaho,40,1500,38
2963,23-01-2021,Women's Street Footwear,West,Foot Locker,Online,Idaho,40,1700,43
2964,23-02-2021,Women's Street Footwear,West,Foot Locker,Online,Idaho,38,40,11
2965,23-01-2021,Women's Street Footwear,West,Foot Locker,Online,Idaho,37,39,11
2966,24-02-2021,Women's Street Footwear,West,Foot Locker,Online,Wyoming,39,34,9
2967,24-01-2021,Women's Street Footwear,West,Foot Locker,Online,Wyoming,39,35,9
2968,26-01-2021,Men's Apparel,West,Kohl's,Online,Arizona,50,1375,28
2969,22-12-2021,Men's Apparel,West,Kohl's,Online,Arizona,55,1925,35
2970,26-01-2021,Men's Apparel,West,Kohl's,Online,Arizona,45,36,8
2971,22-12-2021,Men's Apparel,West,Kohl's,Online,Arizona,52,46,9
2972,26-02-2021,Men's Apparel,West,Kohl's,Online,New Mexico,50,1000,20
2973,25-03-2021,Men's Apparel,West,Kohl's,Online,New Mexico,60,1050,18
2974,26-04-2021,Men's Apparel,West,Kohl's,Online,New Mexico,60,1200,20
2975,27-05-2021,Men's Apparel,West,Kohl's,Online,New Mexico,60,1500,25
2976,26-06-2021,Men's Apparel,West,Kohl's,Online,New Mexico,60,1800,30
2977,26-10-2021,Men's Apparel,West,Kohl's,Online,New Mexico,60,1950,33
2978,27-09-2021,Men's Apparel,West,Kohl's,Online,New Mexico,60,2550,43
2979,25-07-2021,Men's Apparel,West,Kohl's,Online,New Mexico,60,3000,50
2980,26-11-2021,Men's Apparel,West,Kohl's,Online,New Mexico,70,2625,38
2981,26-08-2021,Men's Apparel,West,Kohl's,Online,New Mexico,70,3325,48
2982,27-09-2021,Men's Apparel,West,Kohl's,Online,New Mexico,54,60,11
2983,26-08-2021,Men's Apparel,West,Kohl's,Online,New Mexico,67,83,12
2984,26-04-2021,Men's Apparel,West,Kohl's,Online,New Mexico,56,32,6
2985,27-05-2021,Men's Apparel,West,Kohl's,Online,New Mexico,56,36,7
2986,25-03-2021,Men's Apparel,West,Kohl's,Online,New Mexico,55,29,5
2987,26-06-2021,Men's Apparel,West,Kohl's,Online,New Mexico,56,49,9
2988,25-07-2021,Men's Apparel,West,Kohl's,Online,New Mexico,57,83,15
2989,26-02-2021,Men's Apparel,West,Kohl's,Online,New Mexico,45,24,5
2990,26-10-2021,Men's Apparel,West,Kohl's,Online,New Mexico,56,51,9
2991,26-11-2021,Men's Apparel,West,Kohl's,Online,New Mexico,65,73,11
2992,26-02-2021,Men's Athletic Footwear,West,Kohl's,Online,Arizona,45,1913,43
2993,26-01-2021,Men's Athletic Footwear,West,Kohl's,Online,Arizona,45,2138,48
2994,26-01-2021,Men's Athletic Footwear,West,Kohl's,Online,Arizona,42,58,14
2995,26-02-2021,Men's Athletic Footwear,West,Kohl's,Online,Arizona,44,47,11
2996,25-03-2021,Men's Athletic Footwear,West,Kohl's,Online,New Mexico,55,2200,40
2997,26-10-2021,Men's Athletic Footwear,West,Kohl's,Online,New Mexico,55,3025,55
2998,27-09-2021,Men's Athletic Footwear,West,Kohl's,Online,New Mexico,55,3438,63
2999,26-04-2021,Men's Athletic Footwear,West,Kohl's,Online,New Mexico,60,2100,35
3000,27-05-2021,Men's Athletic Footwear,West,Kohl's,Online,New Mexico,60,2550,43
3001,26-06-2021,Men's Athletic Footwear,West,Kohl's,Online,New Mexico,60,3300,55
3002,25-07-2021,Men's Athletic Footwear,West,Kohl's,Online,New Mexico,60,3600,60
3003,26-11-2021,Men's Athletic Footwear,West,Kohl's,Online,New Mexico,65,3900,60
3004,26-08-2021,Men's Athletic Footwear,West,Kohl's,Online,New Mexico,65,4225,65
3005,25-12-2021,Men's Athletic Footwear,West,Kohl's,Online,New Mexico,65,4550,70
3006,26-04-2021,Men's Athletic Footwear,West,Kohl's,Online,New Mexico,59,58,10
3007,25-12-2021,Men's Athletic Footwear,West,Kohl's,Online,New Mexico,61,111,18
3008,27-09-2021,Men's Athletic Footwear,West,Kohl's,Online,New Mexico,51,80,16
3009,27-05-2021,Men's Athletic Footwear,West,Kohl's,Online,New Mexico,58,64,11
3010,26-06-2021,Men's Athletic Footwear,West,Kohl's,Online,New Mexico,54,83,15
3011,26-08-2021,Men's Athletic Footwear,West,Kohl's,Online,New Mexico,60,106,18
3012,26-10-2021,Men's Athletic Footwear,West,Kohl's,Online,New Mexico,50,75,15
3013,25-03-2021,Men's Athletic Footwear,West,Kohl's,Online,New Mexico,51,57,11
3014,25-07-2021,Men's Athletic Footwear,West,Kohl's,Online,New Mexico,56,101,18
3015,26-11-2021,Men's Athletic Footwear,West,Kohl's,Online,New Mexico,59,89,15
3016,26-01-2021,Men's Street Footwear,West,Kohl's,Online,Arizona,35,1663,48
3017,26-02-2021,Men's Street Footwear,West,Kohl's,Online,Arizona,35,1838,53
3018,26-01-2021,Men's Street Footwear,West,Kohl's,Online,Arizona,33,44,13
3019,26-02-2021,Men's Street Footwear,West,Kohl's,Online,Arizona,33,49,15
3020,25-03-2021,Men's Street Footwear,West,Kohl's,Online,New Mexico,45,2475,55
3021,26-10-2021,Men's Street Footwear,West,Kohl's,Online,New Mexico,50,2750,55
3022,27-09-2021,Men's Street Footwear,West,Kohl's,Online,New Mexico,50,3125,63
3023,26-04-2021,Men's Street Footwear,West,Kohl's,Online,New Mexico,55,3025,55
3024,27-05-2021,Men's Street Footwear,West,Kohl's,Online,New Mexico,55,3163,58
3025,26-06-2021,Men's Street Footwear,West,Kohl's,Online,New Mexico,55,3850,70
3026,25-07-2021,Men's Street Footwear,West,Kohl's,Online,New Mexico,55,4125,75
3027,26-11-2021,Men's Street Footwear,West,Kohl's,Online,New Mexico,60,3300,55
3028,26-08-2021,Men's Street Footwear,West,Kohl's,Online,New Mexico,60,4200,70
3029,25-12-2021,Men's Street Footwear,West,Kohl's,Online,New Mexico,60,4200,70
3030,27-09-2021,Men's Street Footwear,West,Kohl's,Online,New Mexico,49,80,16
3031,27-05-2021,Men's Street Footwear,West,Kohl's,Online,New Mexico,51,77,15
3032,26-04-2021,Men's Street Footwear,West,Kohl's,Online,New Mexico,51,79,15
3033,25-12-2021,Men's Street Footwear,West,Kohl's,Online,New Mexico,55,116,21
3034,25-07-2021,Men's Street Footwear,West,Kohl's,Online,New Mexico,54,110,20
3035,26-06-2021,Men's Street Footwear,West,Kohl's,Online,New Mexico,52,106,20
3036,26-11-2021,Men's Street Footwear,West,Kohl's,Online,New Mexico,58,93,16
3037,25-03-2021,Men's Street Footwear,West,Kohl's,Online,New Mexico,44,73,17
3038,26-10-2021,Men's Street Footwear,West,Kohl's,Online,New Mexico,48,79,17
3039,26-08-2021,Men's Street Footwear,West,Kohl's,Online,New Mexico,56,98,18
3040,26-01-2021,Women's Apparel,West,Kohl's,Online,Arizona,45,2138,48
3041,22-12-2021,Women's Apparel,West,Kohl's,Online,Arizona,60,2700,45
3042,26-01-2021,Women's Apparel,West,Kohl's,Online,Arizona,42,54,13
3043,22-12-2021,Women's Apparel,West,Kohl's,Online,Arizona,58,78,14
3044,26-02-2021,Women's Apparel,West,Kohl's,Online,New Mexico,45,1800,40
3045,25-03-2021,Women's Apparel,West,Kohl's,Online,New Mexico,55,2063,38
3046,27-09-2021,Women's Apparel,West,Kohl's,Online,New Mexico,65,3088,48
3047,26-04-2021,Women's Apparel,West,Kohl's,Online,New Mexico,75,2813,38
3048,26-10-2021,Women's Apparel,West,Kohl's,Online,New Mexico,75,2813,38
3049,27-05-2021,Women's Apparel,West,Kohl's,Online,New Mexico,75,3188,43
3050,26-08-2021,Women's Apparel,West,Kohl's,Online,New Mexico,75,3375,45
3051,25-07-2021,Women's Apparel,West,Kohl's,Online,New Mexico,75,3750,50
3052,26-11-2021,Women's Apparel,West,Kohl's,Online,New Mexico,75,3750,50
3053,26-06-2021,Women's Apparel,West,Kohl's,Online,New Mexico,75,4500,60
3054,27-09-2021,Women's Apparel,West,Kohl's,Online,New Mexico,59,78,13
3055,26-06-2021,Women's Apparel,West,Kohl's,Online,New Mexico,74,120,16
3056,26-10-2021,Women's Apparel,West,Kohl's,Online,New Mexico,68,71,11
3057,26-02-2021,Women's Apparel,West,Kohl's,Online,New Mexico,41,43,10
3058,25-03-2021,Women's Apparel,West,Kohl's,Online,New Mexico,50,49,10
3059,26-04-2021,Women's Apparel,West,Kohl's,Online,New Mexico,69,70,10
3060,25-07-2021,Women's Apparel,West,Kohl's,Online,New Mexico,69,97,14
3061,26-08-2021,Women's Apparel,West,Kohl's,Online,New Mexico,70,88,13
3062,27-05-2021,Women's Apparel,West,Kohl's,Online,New Mexico,69,79,12
3063,26-11-2021,Women's Apparel,West,Kohl's,Online,New Mexico,72,101,14
3064,26-01-2021,Women's Athletic Footwear,West,Kohl's,Online,Arizona,45,1463,33
3065,22-12-2021,Women's Athletic Footwear,West,Kohl's,Online,Arizona,45,1913,43
3066,22-12-2021,Women's Athletic Footwear,West,Kohl's,Online,Arizona,44,51,12
3067,26-01-2021,Women's Athletic Footwear,West,Kohl's,Online,Arizona,43,37,9
3068,26-02-2021,Women's Athletic Footwear,West,Kohl's,Online,New Mexico,45,1238,28
3069,26-10-2021,Women's Athletic Footwear,West,Kohl's,Online,New Mexico,50,1750,35
3070,27-09-2021,Women's Athletic Footwear,West,Kohl's,Online,New Mexico,50,2125,43
3071,25-03-2021,Women's Athletic Footwear,West,Kohl's,Online,New Mexico,55,1513,28
3072,26-04-2021,Women's Athletic Footwear,West,Kohl's,Online,New Mexico,55,1650,30
3073,27-05-2021,Women's Athletic Footwear,West,Kohl's,Online,New Mexico,55,1925,35
3074,26-06-2021,Women's Athletic Footwear,West,Kohl's,Online,New Mexico,55,2338,43
3075,25-07-2021,Women's Athletic Footwear,West,Kohl's,Online,New Mexico,55,2475,45
3076,26-11-2021,Women's Athletic Footwear,West,Kohl's,Online,New Mexico,60,2550,43
3077,26-08-2021,Women's Athletic Footwear,West,Kohl's,Online,New Mexico,60,2850,48
3078,26-06-2021,Women's Athletic Footwear,West,Kohl's,Online,New Mexico,54,57,11
3079,25-07-2021,Women's Athletic Footwear,West,Kohl's,Online,New Mexico,54,73,14
3080,25-03-2021,Women's Athletic Footwear,West,Kohl's,Online,New Mexico,50,42,8
3081,27-05-2021,Women's Athletic Footwear,West,Kohl's,Online,New Mexico,51,46,9
3082,26-04-2021,Women's Athletic Footwear,West,Kohl's,Online,New Mexico,54,47,9
3083,27-09-2021,Women's Athletic Footwear,West,Kohl's,Online,New Mexico,49,60,12
3084,26-11-2021,Women's Athletic Footwear,West,Kohl's,Online,New Mexico,55,63,12
3085,26-08-2021,Women's Athletic Footwear,West,Kohl's,Online,New Mexico,55,79,14
3086,26-02-2021,Women's Athletic Footwear,West,Kohl's,Online,New Mexico,43,32,7
3087,26-10-2021,Women's Athletic Footwear,West,Kohl's,Online,New Mexico,46,44,10
3088,26-02-2021,Women's Street Footwear,West,Kohl's,Online,Arizona,45,1913,43
3089,26-01-2021,Women's Street Footwear,West,Kohl's,Online,Arizona,45,2138,48
3090,22-12-2021,Women's Street Footwear,West,Kohl's,Online,Arizona,45,1913,43
3091,26-02-2021,Women's Street Footwear,West,Kohl's,Online,Arizona,41,46,11
3092,26-01-2021,Women's Street Footwear,West,Kohl's,Online,Arizona,42,58,14
3093,22-12-2021,Women's Street Footwear,West,Kohl's,Online,Arizona,43,53,12
3094,26-10-2021,Women's Street Footwear,West,Kohl's,Online,New Mexico,50,1875,38
3095,27-09-2021,Women's Street Footwear,West,Kohl's,Online,New Mexico,50,2375,48
3096,25-03-2021,Women's Street Footwear,West,Kohl's,Online,New Mexico,55,2200,40
3097,26-04-2021,Women's Street Footwear,West,Kohl's,Online,New Mexico,60,2400,40
3098,27-05-2021,Women's Street Footwear,West,Kohl's,Online,New Mexico,60,2700,45
3099,26-11-2021,Women's Street Footwear,West,Kohl's,Online,New Mexico,60,2700,45
3100,26-08-2021,Women's Street Footwear,West,Kohl's,Online,New Mexico,60,3150,53
3101,26-06-2021,Women's Street Footwear,West,Kohl's,Online,New Mexico,60,3300,55
3102,25-07-2021,Women's Street Footwear,West,Kohl's,Online,New Mexico,60,3300,55
3103,26-08-2021,Women's Street Footwear,West,Kohl's,Online,New Mexico,58,82,14
3104,27-09-2021,Women's Street Footwear,West,Kohl's,Online,New Mexico,46,66,14
3105,26-10-2021,Women's Street Footwear,West,Kohl's,Online,New Mexico,48,50,11
3106,27-05-2021,Women's Street Footwear,West,Kohl's,Online,New Mexico,56,71,13
3107,26-11-2021,Women's Street Footwear,West,Kohl's,Online,New Mexico,54,63,12
3108,25-07-2021,Women's Street Footwear,West,Kohl's,Online,New Mexico,58,93,16
3109,25-03-2021,Women's Street Footwear,West,Kohl's,Online,New Mexico,52,58,11
3110,26-06-2021,Women's Street Footwear,West,Kohl's,Online,New Mexico,54,80,15
3111,26-04-2021,Women's Street Footwear,West,Kohl's,Online,New Mexico,55,64,12
3112,25-12-2021,Men's Apparel,West,Sports Direct,Online,New Mexico,70,2975,43
3113,13-01-2021,Men's Apparel,West,Sports Direct,Online,New Mexico,45,1125,25
3114,13-01-2021,Men's Apparel,West,Sports Direct,Online,New Mexico,41,26,6
3115,25-12-2021,Men's Apparel,West,Sports Direct,Online,New Mexico,64,76,12
3116,13-02-2021,Men's Athletic Footwear,West,Sports Direct,Online,New Mexico,40,1600,40
3117,13-01-2021,Men's Athletic Footwear,West,Sports Direct,Online,New Mexico,40,1800,45
3118,13-01-2021,Men's Athletic Footwear,West,Sports Direct,Online,New Mexico,39,53,14
3119,13-02-2021,Men's Athletic Footwear,West,Sports Direct,Online,New Mexico,37,41,11
3120,13-01-2021,Men's Street Footwear,West,Sports Direct,Online,New Mexico,30,1350,45
3121,13-02-2021,Men's Street Footwear,West,Sports Direct,Online,New Mexico,30,1500,50
3122,13-01-2021,Men's Street Footwear,West,Sports Direct,Online,New Mexico,29,38,13
3123,13-02-2021,Men's Street Footwear,West,Sports Direct,Online,New Mexico,29,42,15
3124,13-01-2021,Women's Apparel,West,Sports Direct,Online,New Mexico,40,1800,45
3125,25-12-2021,Women's Apparel,West,Sports Direct,Online,New Mexico,75,3938,53
3126,25-12-2021,Women's Apparel,West,Sports Direct,Online,New Mexico,72,94,13
3127,13-01-2021,Women's Apparel,West,Sports Direct,Online,New Mexico,36,42,12
3128,25-12-2021,Women's Athletic Footwear,West,Sports Direct,Online,New Mexico,60,3000,50
3129,13-01-2021,Women's Athletic Footwear,West,Sports Direct,Online,New Mexico,40,1200,30
3130,25-12-2021,Women's Athletic Footwear,West,Sports Direct,Online,New Mexico,55,80,15
3131,13-01-2021,Women's Athletic Footwear,West,Sports Direct,Online,New Mexico,39,29,8
3132,13-02-2021,Women's Street Footwear,West,Sports Direct,Online,New Mexico,40,1600,40
3133,13-01-2021,Women's Street Footwear,West,Sports Direct,Online,New Mexico,40,1800,45
3134,25-12-2021,Women's Street Footwear,West,Sports Direct,Online,New Mexico,60,3000,50
3135,13-01-2021,Women's Street Footwear,West,Sports Direct,Online,New Mexico,38,48,13
3136,25-12-2021,Women's Street Footwear,West,Sports Direct,Online,New Mexico,59,77,13
3137,13-02-2021,Women's Street Footwear,West,Sports Direct,Online,New Mexico,37,38,10
3138,09-02-2021,Men's Apparel,West,West Gear,Online,California,63,103,16
3139,03-02-2021,Men's Apparel,West,West Gear,Online,California,59,107,18
3140,28-01-2021,Men's Apparel,West,West Gear,Online,California,63,137,22
3141,15-02-2021,Men's Apparel,West,West Gear,Online,California,59,103,18
3142,11-11-2020,Men's Apparel,West,West Gear,Online,California,50,70,14
3143,22-01-2021,Men's Apparel,West,West Gear,Online,California,69,130,19
3144,05-11-2020,Men's Apparel,West,West Gear,Online,California,51,82,16
3145,23-12-2020,Men's Apparel,West,West Gear,Online,California,62,90,15
3146,16-01-2021,Men's Apparel,West,West Gear,Online,California,64,149,23
3147,29-12-2020,Men's Apparel,West,West Gear,Online,California,59,90,15
3148,04-01-2021,Men's Apparel,West,West Gear,Online,California,60,92,15
3149,10-01-2021,Men's Apparel,West,West Gear,Online,California,62,96,16
3150,31-03-2020,Men's Apparel,West,West Gear,Online,Colorado,56,22,4
3151,06-04-2020,Men's Apparel,West,West Gear,Online,Colorado,62,27,4
3152,25-03-2020,Men's Apparel,West,West Gear,Online,Colorado,43,25,6
3153,19-03-2020,Men's Apparel,West,West Gear,Online,Colorado,41,23,6
3154,12-05-2020,Men's Apparel,West,West Gear,Online,Colorado,64,48,8
3155,24-05-2020,Men's Apparel,West,West Gear,Online,Colorado,68,78,12
3156,18-05-2020,Men's Apparel,West,West Gear,Online,Colorado,68,71,11
3157,06-05-2020,Men's Apparel,West,West Gear,Online,Colorado,74,89,12
3158,24-04-2020,Men's Apparel,West,West Gear,Online,Colorado,67,88,13
3159,30-04-2020,Men's Apparel,West,West Gear,Online,Colorado,74,104,14
3160,12-04-2020,Men's Apparel,West,West Gear,Online,Colorado,63,28,4
3161,18-04-2020,Men's Apparel,West,West Gear,Online,Colorado,66,60,9
3162,13-03-2020,Men's Apparel,West,West Gear,Online,Nevada,69,77,11
3163,01-03-2020,Men's Apparel,West,West Gear,Online,Nevada,63,51,8
3164,23-02-2020,Men's Apparel,West,West Gear,Online,Nevada,67,80,12
3165,07-03-2020,Men's Apparel,West,West Gear,Online,Nevada,64,56,9
3166,06-01-2020,Men's Apparel,West,West Gear,Online,Nevada,47,33,7
3167,24-01-2020,Men's Apparel,West,West Gear,Online,Nevada,63,33,5
3168,17-02-2020,Men's Apparel,West,West Gear,Online,Nevada,68,94,14
3169,12-01-2020,Men's Apparel,West,West Gear,Online,Nevada,46,24,5
3170,18-01-2020,Men's Apparel,West,West Gear,Online,Nevada,55,26,5
3171,30-01-2020,Men's Apparel,West,West Gear,Online,Nevada,60,36,6
3172,11-02-2020,Men's Apparel,West,West Gear,Online,Nevada,60,78,13
3173,05-02-2020,Men's Apparel,West,West Gear,Online,Nevada,59,48,8
3174,24-04-2021,Men's Apparel,West,West Gear,Online,Oregon,48,17,4
3175,23-12-2021,Men's Apparel,West,West Gear,Online,Oregon,72,96,13
3176,23-07-2021,Men's Apparel,West,West Gear,Online,Oregon,84,131,16
3177,24-02-2021,Men's Apparel,West,West Gear,Online,Oregon,42,16,4
3178,23-03-2021,Men's Apparel,West,West Gear,Online,Oregon,54,14,3
3179,25-09-2021,Men's Apparel,West,West Gear,Online,Oregon,58,34,6
3180,24-08-2021,Men's Apparel,West,West Gear,Online,Oregon,65,83,13
3181,24-06-2021,Men's Apparel,West,West Gear,Online,Oregon,86,93,11
3182,24-10-2021,Men's Apparel,West,West Gear,Online,Oregon,51,38,8
3183,24-11-2021,Men's Apparel,West,West Gear,Online,Oregon,68,75,11
3184,25-05-2021,Men's Apparel,West,West Gear,Online,Oregon,41,18,4
3185,17-01-2021,Men's Apparel,West,West Gear,Online,Oregon,46,27,6
3186,24-01-2021,Men's Apparel,West,West Gear,Online,Utah,42,18,4
3187,23-07-2020,Men's Apparel,West,West Gear,Online,Washington,69,65,9
3188,05-07-2020,Men's Apparel,West,West Gear,Online,Washington,77,111,14
3189,23-06-2020,Men's Apparel,West,West Gear,Online,Washington,60,31,5
3190,11-06-2020,Men's Apparel,West,West Gear,Online,Washington,69,32,5
3191,04-08-2020,Men's Apparel,West,West Gear,Online,Washington,82,109,13
3192,30-05-2020,Men's Apparel,West,West Gear,Online,Washington,51,37,7
3193,11-07-2020,Men's Apparel,West,West Gear,Online,Washington,71,110,16
3194,29-06-2020,Men's Apparel,West,West Gear,Online,Washington,82,86,11
3195,05-06-2020,Men's Apparel,West,West Gear,Online,Washington,52,34,7
3196,17-06-2020,Men's Apparel,West,West Gear,Online,Washington,59,33,6
3197,17-07-2020,Men's Apparel,West,West Gear,Online,Washington,72,80,11
3198,29-07-2020,Men's Apparel,West,West Gear,Online,Washington,85,98,12
3199,06-02-2021,Men's Athletic Footwear,West,West Gear,Online,California,58,137,24
3200,12-02-2021,Men's Athletic Footwear,West,West Gear,Online,California,58,158,27
3201,25-01-2021,Men's Athletic Footwear,West,West Gear,Online,California,56,150,27
3202,31-01-2021,Men's Athletic Footwear,West,West Gear,Online,California,59,129,22
3203,14-11-2020,Men's Athletic Footwear,West,West Gear,Online,California,58,102,18
3204,26-12-2020,Men's Athletic Footwear,West,West Gear,Online,California,62,126,20
3205,19-01-2021,Men's Athletic Footwear,West,West Gear,Online,California,66,171,26
3206,08-11-2020,Men's Athletic Footwear,West,West Gear,Online,California,49,103,21
3207,13-01-2021,Men's Athletic Footwear,West,West Gear,Online,California,59,145,25
3208,01-01-2021,Men's Athletic Footwear,West,West Gear,Online,California,64,144,23
3209,07-01-2021,Men's Athletic Footwear,West,West Gear,Online,California,63,156,25
3210,22-03-2020,Men's Athletic Footwear,West,West Gear,Online,Colorado,38,42,11
3211,28-03-2020,Men's Athletic Footwear,West,West Gear,Online,Colorado,48,54,11
3212,09-05-2020,Men's Athletic Footwear,West,West Gear,Online,Colorado,54,82,15
3213,03-04-2020,Men's Athletic Footwear,West,West Gear,Online,Colorado,59,55,9
3214,03-05-2020,Men's Athletic Footwear,West,West Gear,Online,Colorado,69,116,17
3215,15-05-2020,Men's Athletic Footwear,West,West Gear,Online,Colorado,55,83,15
3216,21-05-2020,Men's Athletic Footwear,West,West Gear,Online,Colorado,64,116,18
3217,27-05-2020,Men's Athletic Footwear,West,West Gear,Online,Colorado,48,63,13
3218,21-04-2020,Men's Athletic Footwear,West,West Gear,Online,Colorado,67,126,19
3219,27-04-2020,Men's Athletic Footwear,West,West Gear,Online,Colorado,73,138,19
3220,09-04-2020,Men's Athletic Footwear,West,West Gear,Online,Colorado,60,63,11
3221,15-04-2020,Men's Athletic Footwear,West,West Gear,Online,Colorado,59,85,14
3222,16-03-2020,Men's Athletic Footwear,West,West Gear,Online,Nevada,38,47,12
3223,20-02-2020,Men's Athletic Footwear,West,West Gear,Online,Nevada,61,99,16
3224,10-03-2020,Men's Athletic Footwear,West,West Gear,Online,Nevada,62,117,19
3225,04-03-2020,Men's Athletic Footwear,West,West Gear,Online,Nevada,64,96,15
3226,26-02-2020,Men's Athletic Footwear,West,West Gear,Online,Nevada,59,97,17
3227,08-02-2020,Men's Athletic Footwear,West,West Gear,Online,Nevada,61,106,17
3228,21-01-2020,Men's Athletic Footwear,West,West Gear,Online,Nevada,62,63,10
3229,14-02-2020,Men's Athletic Footwear,West,West Gear,Online,Nevada,64,116,18
3230,09-01-2020,Men's Athletic Footwear,West,West Gear,Online,Nevada,43,55,13
3231,15-01-2020,Men's Athletic Footwear,West,West Gear,Online,Nevada,50,60,12
3232,02-02-2020,Men's Athletic Footwear,West,West Gear,Online,Nevada,62,102,17
3233,27-01-2020,Men's Athletic Footwear,West,West Gear,Online,Nevada,60,62,10
3234,25-05-2021,Men's Athletic Footwear,West,West Gear,Online,Oregon,50,53,11
3235,24-10-2021,Men's Athletic Footwear,West,West Gear,Online,Oregon,50,71,14
3236,25-09-2021,Men's Athletic Footwear,West,West Gear,Online,Oregon,51,62,12
3237,23-12-2021,Men's Athletic Footwear,West,West Gear,Online,Oregon,72,157,22
3238,23-07-2021,Men's Athletic Footwear,West,West Gear,Online,Oregon,85,167,20
3239,23-03-2021,Men's Athletic Footwear,West,West Gear,Online,Oregon,45,38,9
3240,24-04-2021,Men's Athletic Footwear,West,West Gear,Online,Oregon,54,45,8
3241,24-06-2021,Men's Athletic Footwear,West,West Gear,Online,Oregon,62,105,17
3242,24-08-2021,Men's Athletic Footwear,West,West Gear,Online,Oregon,76,177,23
3243,24-11-2021,Men's Athletic Footwear,West,West Gear,Online,Oregon,48,94,20
3244,17-02-2021,Men's Athletic Footwear,West,West Gear,Online,Oregon,41,48,12
3245,17-01-2021,Men's Athletic Footwear,West,West Gear,Online,Oregon,42,42,10
3246,24-02-2021,Men's Athletic Footwear,West,West Gear,Online,Utah,39,35,9
3247,24-01-2021,Men's Athletic Footwear,West,West Gear,Online,Utah,39,41,11
3248,14-07-2020,Men's Athletic Footwear,West,West Gear,Online,Washington,71,124,17
3249,08-06-2020,Men's Athletic Footwear,West,West Gear,Online,Washington,58,67,12
3250,02-07-2020,Men's Athletic Footwear,West,West Gear,Online,Washington,82,149,18
3251,26-07-2020,Men's Athletic Footwear,West,West Gear,Online,Washington,60,113,19
3252,20-07-2020,Men's Athletic Footwear,West,West Gear,Online,Washington,64,88,14
3253,26-06-2020,Men's Athletic Footwear,West,West Gear,Online,Washington,74,139,19
3254,20-06-2020,Men's Athletic Footwear,West,West Gear,Online,Washington,60,65,11
3255,01-08-2020,Men's Athletic Footwear,West,West Gear,Online,Washington,77,150,20
3256,02-06-2020,Men's Athletic Footwear,West,West Gear,Online,Washington,47,62,13
3257,14-06-2020,Men's Athletic Footwear,West,West Gear,Online,Washington,71,62,9
3258,08-07-2020,Men's Athletic Footwear,West,West Gear,Online,Washington,77,162,21
3259,11-02-2021,Men's Street Footwear,West,West Gear,Online,California,51,149,29
3260,24-01-2021,Men's Street Footwear,West,West Gear,Online,California,51,123,24
3261,05-02-2021,Men's Street Footwear,West,West Gear,Online,California,52,137,26
3262,13-11-2020,Men's Street Footwear,West,West Gear,Online,California,49,113,23
3263,30-01-2021,Men's Street Footwear,West,West Gear,Online,California,51,120,24
3264,12-01-2021,Men's Street Footwear,West,West Gear,Online,California,56,155,28
3265,18-01-2021,Men's Street Footwear,West,West Gear,Online,California,62,169,27
3266,25-12-2020,Men's Street Footwear,West,West Gear,Online,California,56,128,23
3267,07-11-2020,Men's Street Footwear,West,West Gear,Online,California,37,83,22
3268,31-12-2020,Men's Street Footwear,West,West Gear,Online,California,56,141,25
3269,06-01-2021,Men's Street Footwear,West,West Gear,Online,California,56,153,27
3270,26-05-2020,Men's Street Footwear,West,West Gear,Online,Colorado,36,42,12
3271,02-04-2020,Men's Street Footwear,West,West Gear,Online,Colorado,55,72,13
3272,21-03-2020,Men's Street Footwear,West,West Gear,Online,Colorado,27,35,13
3273,27-03-2020,Men's Street Footwear,West,West Gear,Online,Colorado,37,61,17
3274,08-05-2020,Men's Street Footwear,West,West Gear,Online,Colorado,51,70,14
3275,20-05-2020,Men's Street Footwear,West,West Gear,Online,Colorado,59,120,20
3276,02-05-2020,Men's Street Footwear,West,West Gear,Online,Colorado,59,96,16
3277,14-05-2020,Men's Street Footwear,West,West Gear,Online,Colorado,52,78,15
3278,26-04-2020,Men's Street Footwear,West,West Gear,Online,Colorado,63,123,20
3279,20-04-2020,Men's Street Footwear,West,West Gear,Online,Colorado,64,129,20
3280,08-04-2020,Men's Street Footwear,West,West Gear,Online,Colorado,55,72,13
3281,14-04-2020,Men's Street Footwear,West,West Gear,Online,Colorado,54,102,19
3282,09-03-2020,Men's Street Footwear,West,West Gear,Online,Nevada,58,114,20
3283,19-02-2020,Men's Street Footwear,West,West Gear,Online,Nevada,56,97,17
3284,03-03-2020,Men's Street Footwear,West,West Gear,Online,Nevada,57,88,16
3285,25-02-2020,Men's Street Footwear,West,West Gear,Online,Nevada,56,77,14
3286,15-03-2020,Men's Street Footwear,West,West Gear,Online,Nevada,28,34,12
3287,08-01-2020,Men's Street Footwear,West,West Gear,Online,Nevada,34,54,16
3288,20-01-2020,Men's Street Footwear,West,West Gear,Online,Nevada,58,83,14
3289,07-02-2020,Men's Street Footwear,West,West Gear,Online,Nevada,58,126,22
3290,13-02-2020,Men's Street Footwear,West,West Gear,Online,Nevada,62,130,21
3291,14-01-2020,Men's Street Footwear,West,West Gear,Online,Nevada,43,69,16
3292,01-02-2020,Men's Street Footwear,West,West Gear,Online,Nevada,56,106,19
3293,26-01-2020,Men's Street Footwear,West,West Gear,Online,Nevada,58,86,15
3294,25-09-2021,Men's Street Footwear,West,West Gear,Online,Oregon,46,56,12
3295,25-05-2021,Men's Street Footwear,West,West Gear,Online,Oregon,48,70,15
3296,24-11-2021,Men's Street Footwear,West,West Gear,Online,Oregon,44,76,17
3297,24-04-2021,Men's Street Footwear,West,West Gear,Online,Oregon,51,63,12
3298,24-10-2021,Men's Street Footwear,West,West Gear,Online,Oregon,38,39,10
3299,23-12-2021,Men's Street Footwear,West,West Gear,Online,Oregon,61,115,19
3300,23-07-2021,Men's Street Footwear,West,West Gear,Online,Oregon,79,201,26
3301,24-08-2021,Men's Street Footwear,West,West Gear,Online,Oregon,81,162,20
3302,23-03-2021,Men's Street Footwear,West,West Gear,Online,Oregon,38,49,13
3303,24-06-2021,Men's Street Footwear,West,West Gear,Online,Oregon,51,115,23
3304,17-01-2021,Men's Street Footwear,West,West Gear,Online,Oregon,33,33,10
3305,17-02-2021,Men's Street Footwear,West,West Gear,Online,Oregon,33,46,14
3306,24-02-2021,Men's Street Footwear,West,West Gear,Online,Utah,29,34,12
3307,24-01-2021,Men's Street Footwear,West,West Gear,Online,Utah,27,26,10
3308,19-07-2020,Men's Street Footwear,West,West Gear,Online,Washington,58,86,15
3309,01-07-2020,Men's Street Footwear,West,West Gear,Online,Washington,73,174,24
3310,31-07-2020,Men's Street Footwear,West,West Gear,Online,Washington,78,147,19
3311,19-06-2020,Men's Street Footwear,West,West Gear,Online,Washington,55,91,17
3312,13-07-2020,Men's Street Footwear,West,West Gear,Online,Washington,64,100,16
3313,25-06-2020,Men's Street Footwear,West,West Gear,Online,Washington,71,138,20
3314,01-06-2020,Men's Street Footwear,West,West Gear,Online,Washington,36,50,14
3315,25-07-2020,Men's Street Footwear,West,West Gear,Online,Washington,54,87,16
3316,13-06-2020,Men's Street Footwear,West,West Gear,Online,Washington,68,109,16
3317,07-06-2020,Men's Street Footwear,West,West Gear,Online,Washington,46,77,17
3318,07-07-2020,Men's Street Footwear,West,West Gear,Online,Washington,80,174,22
3319,10-02-2021,Women's Apparel,West,West Gear,Online,California,67,135,20
3320,04-02-2021,Women's Apparel,West,West Gear,Online,California,63,123,20
3321,16-02-2021,Women's Apparel,West,West Gear,Online,California,67,139,21
3322,29-01-2021,Women's Apparel,West,West Gear,Online,California,65,141,22
3323,06-11-2020,Women's Apparel,West,West Gear,Online,California,49,114,23
3324,23-01-2021,Women's Apparel,West,West Gear,Online,California,76,138,18
3325,24-12-2020,Women's Apparel,West,West Gear,Online,California,54,113,21
3326,30-12-2020,Women's Apparel,West,West Gear,Online,California,72,146,20
3327,12-11-2020,Women's Apparel,West,West Gear,Online,California,46,84,18
3328,17-01-2021,Women's Apparel,West,West Gear,Online,California,72,168,23
3329,05-01-2021,Women's Apparel,West,West Gear,Online,California,72,136,19
3330,11-01-2021,Women's Apparel,West,West Gear,Online,California,72,158,22
3331,07-04-2020,Women's Apparel,West,West Gear,Online,Colorado,72,71,10
3332,20-03-2020,Women's Apparel,West,West Gear,Online,Colorado,37,47,13
3333,26-03-2020,Women's Apparel,West,West Gear,Online,Colorado,37,43,12
3334,01-04-2020,Women's Apparel,West,West Gear,Online,Colorado,52,49,10
3335,13-05-2020,Women's Apparel,West,West Gear,Online,Colorado,65,68,11
3336,07-05-2020,Women's Apparel,West,West Gear,Online,Colorado,65,69,11
3337,19-05-2020,Women's Apparel,West,West Gear,Online,Colorado,73,95,13
3338,25-05-2020,Women's Apparel,West,West Gear,Online,Colorado,75,103,14
3339,01-05-2020,Women's Apparel,West,West Gear,Online,Colorado,74,74,10
3340,25-04-2020,Women's Apparel,West,West Gear,Online,Colorado,78,107,14
3341,13-04-2020,Women's Apparel,West,West Gear,Online,Colorado,74,98,13
3342,19-04-2020,Women's Apparel,West,West Gear,Online,Colorado,83,150,18
3343,02-03-2020,Women's Apparel,West,West Gear,Online,Nevada,68,64,9
3344,08-03-2020,Women's Apparel,West,West Gear,Online,Nevada,68,90,13
3345,14-03-2020,Women's Apparel,West,West Gear,Online,Nevada,74,111,15
3346,07-01-2020,Women's Apparel,West,West Gear,Online,Nevada,41,52,13
3347,24-02-2020,Women's Apparel,West,West Gear,Online,Nevada,74,84,11
3348,12-02-2020,Women's Apparel,West,West Gear,Online,Nevada,78,113,15
3349,13-01-2020,Women's Apparel,West,West Gear,Online,Nevada,41,48,12
3350,19-01-2020,Women's Apparel,West,West Gear,Online,Nevada,54,51,9
3351,25-01-2020,Women's Apparel,West,West Gear,Online,Nevada,78,74,10
3352,18-02-2020,Women's Apparel,West,West Gear,Online,Nevada,78,84,11
3353,31-01-2020,Women's Apparel,West,West Gear,Online,Nevada,78,102,13
3354,06-02-2020,Women's Apparel,West,West Gear,Online,Nevada,73,127,17
3355,24-02-2021,Women's Apparel,West,West Gear,Online,Oregon,37,31,9
3356,23-12-2021,Women's Apparel,West,West Gear,Online,Oregon,77,133,17
3357,25-09-2021,Women's Apparel,West,West Gear,Online,Oregon,41,30,7
3358,23-03-2021,Women's Apparel,West,West Gear,Online,Oregon,49,43,9
3359,24-11-2021,Women's Apparel,West,West Gear,Online,Oregon,76,113,15
3360,23-07-2021,Women's Apparel,West,West Gear,Online,Oregon,97,146,15
3361,24-10-2021,Women's Apparel,West,West Gear,Online,Oregon,58,61,11
3362,24-08-2021,Women's Apparel,West,West Gear,Online,Oregon,69,50,7
3363,25-05-2021,Women's Apparel,West,West Gear,Online,Oregon,54,85,16
3364,24-04-2021,Women's Apparel,West,West Gear,Online,Oregon,59,50,8
3365,24-06-2021,Women's Apparel,West,West Gear,Online,Oregon,95,180,19
3366,17-01-2021,Women's Apparel,West,West Gear,Online,Oregon,41,50,12
3367,24-01-2021,Women's Apparel,West,West Gear,Online,Utah,39,42,11
3368,06-06-2020,Women's Apparel,West,West Gear,Online,Washington,46,57,12
3369,31-05-2020,Women's Apparel,West,West Gear,Online,Washington,46,58,13
3370,30-07-2020,Women's Apparel,West,West Gear,Online,Washington,88,121,14
3371,18-06-2020,Women's Apparel,West,West Gear,Online,Washington,78,69,9
3372,24-06-2020,Women's Apparel,West,West Gear,Online,Washington,75,94,13
3373,12-07-2020,Women's Apparel,West,West Gear,Online,Washington,76,82,11
3374,12-06-2020,Women's Apparel,West,West Gear,Online,Washington,62,65,11
3375,05-08-2020,Women's Apparel,West,West Gear,Online,Washington,86,129,15
3376,30-06-2020,Women's Apparel,West,West Gear,Online,Washington,98,178,18
3377,18-07-2020,Women's Apparel,West,West Gear,Online,Washington,62,70,11
3378,24-07-2020,Women's Apparel,West,West Gear,Online,Washington,71,72,10
3379,06-07-2020,Women's Apparel,West,West Gear,Online,Washington,95,147,16
3380,27-01-2021,Women's Athletic Footwear,West,West Gear,Online,California,53,108,20
3381,02-02-2021,Women's Athletic Footwear,West,West Gear,Online,California,51,104,20
3382,14-02-2021,Women's Athletic Footwear,West,West Gear,Online,California,51,99,19
3383,08-02-2021,Women's Athletic Footwear,West,West Gear,Online,California,53,111,21
3384,15-01-2021,Women's Athletic Footwear,West,West Gear,Online,California,55,120,22
3385,28-12-2020,Women's Athletic Footwear,West,West Gear,Online,California,54,102,19
3386,21-01-2021,Women's Athletic Footwear,West,West Gear,Online,California,59,111,19
3387,10-11-2020,Women's Athletic Footwear,West,West Gear,Online,California,47,71,15
3388,22-12-2020,Women's Athletic Footwear,West,West Gear,Online,California,58,101,17
3389,03-01-2021,Women's Athletic Footwear,West,West Gear,Online,California,56,102,18
3390,09-01-2021,Women's Athletic Footwear,West,West Gear,Online,California,59,124,21
3391,29-05-2020,Women's Athletic Footwear,West,West Gear,Online,Colorado,49,38,8
3392,30-03-2020,Women's Athletic Footwear,West,West Gear,Online,Colorado,51,46,9
3393,05-04-2020,Women's Athletic Footwear,West,West Gear,Online,Colorado,56,41,7
3394,24-03-2020,Women's Athletic Footwear,West,West Gear,Online,Colorado,36,26,7
3395,23-05-2020,Women's Athletic Footwear,West,West Gear,Online,Colorado,63,79,13
3396,11-05-2020,Women's Athletic Footwear,West,West Gear,Online,Colorado,53,45,9
3397,05-05-2020,Women's Athletic Footwear,West,West Gear,Online,Colorado,59,59,10
3398,17-05-2020,Women's Athletic Footwear,West,West Gear,Online,Colorado,60,70,12
3399,23-04-2020,Women's Athletic Footwear,West,West Gear,Online,Colorado,61,87,14
3400,29-04-2020,Women's Athletic Footwear,West,West Gear,Online,Colorado,63,85,14
3401,11-04-2020,Women's Athletic Footwear,West,West Gear,Online,Colorado,58,40,7
3402,17-04-2020,Women's Athletic Footwear,West,West Gear,Online,Colorado,62,84,14
3403,06-03-2020,Women's Athletic Footwear,West,West Gear,Online,Nevada,56,60,11
3404,28-02-2020,Women's Athletic Footwear,West,West Gear,Online,Nevada,54,57,11
3405,12-03-2020,Women's Athletic Footwear,West,West Gear,Online,Nevada,57,76,13
3406,22-02-2020,Women's Athletic Footwear,West,West Gear,Online,Nevada,58,65,11
3407,18-03-2020,Women's Athletic Footwear,West,West Gear,Online,Nevada,38,27,7
3408,11-01-2020,Women's Athletic Footwear,West,West Gear,Online,Nevada,44,33,7
3409,23-01-2020,Women's Athletic Footwear,West,West Gear,Online,Nevada,59,44,8
3410,17-01-2020,Women's Athletic Footwear,West,West Gear,Online,Nevada,50,42,8
3411,16-02-2020,Women's Athletic Footwear,West,West Gear,Online,Nevada,64,79,12
3412,10-02-2020,Women's Athletic Footwear,West,West Gear,Online,Nevada,55,64,12
3413,29-01-2020,Women's Athletic Footwear,West,West Gear,Online,Nevada,57,51,9
3414,04-02-2020,Women's Athletic Footwear,West,West Gear,Online,Nevada,58,64,11
3415,23-12-2021,Women's Athletic Footwear,West,West Gear,Online,Oregon,67,96,14
3416,25-09-2021,Women's Athletic Footwear,West,West Gear,Online,Oregon,49,25,5
3417,24-11-2021,Women's Athletic Footwear,West,West Gear,Online,Oregon,51,67,13
3418,24-08-2021,Women's Athletic Footwear,West,West Gear,Online,Oregon,68,81,12
3419,24-02-2021,Women's Athletic Footwear,West,West Gear,Online,Oregon,39,23,6
3420,24-10-2021,Women's Athletic Footwear,West,West Gear,Online,Oregon,44,36,8
3421,23-03-2021,Women's Athletic Footwear,West,West Gear,Online,Oregon,49,32,7
3422,25-05-2021,Women's Athletic Footwear,West,West Gear,Online,Oregon,49,41,8
3423,23-07-2021,Women's Athletic Footwear,West,West Gear,Online,Oregon,82,135,17
3424,24-04-2021,Women's Athletic Footwear,West,West Gear,Online,Oregon,41,26,6
3425,24-06-2021,Women's Athletic Footwear,West,West Gear,Online,Oregon,74,117,16
3426,17-01-2021,Women's Athletic Footwear,West,West Gear,Online,Oregon,41,28,7
3427,24-01-2021,Women's Athletic Footwear,West,West Gear,Online,Utah,39,23,6
3428,16-07-2020,Women's Athletic Footwear,West,West Gear,Online,Washington,67,75,11
3429,28-06-2020,Women's Athletic Footwear,West,West Gear,Online,Washington,75,94,13
3430,04-07-2020,Women's Athletic Footwear,West,West Gear,Online,Washington,78,107,14
3431,04-06-2020,Women's Athletic Footwear,West,West Gear,Online,Washington,48,42,9
3432,16-06-2020,Women's Athletic Footwear,West,West Gear,Online,Washington,55,50,9
3433,10-06-2020,Women's Athletic Footwear,West,West Gear,Online,Washington,64,54,9
3434,28-07-2020,Women's Athletic Footwear,West,West Gear,Online,Washington,69,81,12
3435,03-08-2020,Women's Athletic Footwear,West,West Gear,Online,Washington,76,105,14
3436,22-07-2020,Women's Athletic Footwear,West,West Gear,Online,Washington,58,57,10
3437,22-06-2020,Women's Athletic Footwear,West,West Gear,Online,Washington,59,53,9
3438,10-07-2020,Women's Athletic Footwear,West,West Gear,Online,Washington,74,115,16
3439,07-02-2021,Women's Street Footwear,West,West Gear,Online,California,50,105,21
3440,26-01-2021,Women's Street Footwear,West,West Gear,Online,California,52,117,23
3441,13-02-2021,Women's Street Footwear,West,West Gear,Online,California,52,121,23
3442,01-02-2021,Women's Street Footwear,West,West Gear,Online,California,50,91,18
3443,14-01-2021,Women's Street Footwear,West,West Gear,Online,California,62,154,25
3444,15-11-2020,Women's Street Footwear,West,West Gear,Online,California,55,112,20
3445,20-01-2021,Women's Street Footwear,West,West Gear,Online,California,60,120,20
3446,09-11-2020,Women's Street Footwear,West,West Gear,Online,California,49,96,20
3447,27-12-2020,Women's Street Footwear,West,West Gear,Online,California,64,134,21
3448,02-01-2021,Women's Street Footwear,West,West Gear,Online,California,60,131,22
3449,08-01-2021,Women's Street Footwear,West,West Gear,Online,California,64,132,21
3450,28-05-2020,Women's Street Footwear,West,West Gear,Online,Colorado,46,62,14
3451,29-03-2020,Women's Street Footwear,West,West Gear,Online,Colorado,51,59,12
3452,23-03-2020,Women's Street Footwear,West,West Gear,Online,Colorado,38,47,12
3453,10-05-2020,Women's Street Footwear,West,West Gear,Online,Colorado,51,52,10
3454,04-05-2020,Women's Street Footwear,West,West Gear,Online,Colorado,60,68,11
3455,04-04-2020,Women's Street Footwear,West,West Gear,Online,Colorado,61,69,11
3456,16-05-2020,Women's Street Footwear,West,West Gear,Online,Colorado,51,65,13
3457,22-05-2020,Women's Street Footwear,West,West Gear,Online,Colorado,60,75,13
3458,22-04-2020,Women's Street Footwear,West,West Gear,Online,Colorado,67,108,16
3459,28-04-2020,Women's Street Footwear,West,West Gear,Online,Colorado,67,96,14
3460,10-04-2020,Women's Street Footwear,West,West Gear,Online,Colorado,59,58,10
3461,16-04-2020,Women's Street Footwear,West,West Gear,Online,Colorado,64,96,15
3462,27-02-2020,Women's Street Footwear,West,West Gear,Online,Nevada,54,59,11
3463,17-03-2020,Women's Street Footwear,West,West Gear,Online,Nevada,39,45,12
3464,05-03-2020,Women's Street Footwear,West,West Gear,Online,Nevada,55,58,11
3465,11-03-2020,Women's Street Footwear,West,West Gear,Online,Nevada,59,70,12
3466,21-02-2020,Women's Street Footwear,West,West Gear,Online,Nevada,57,67,12
3467,15-02-2020,Women's Street Footwear,West,West Gear,Online,Nevada,60,91,15
3468,10-01-2020,Women's Street Footwear,West,West Gear,Online,Nevada,41,49,12
3469,16-01-2020,Women's Street Footwear,West,West Gear,Online,Nevada,52,54,10
3470,22-01-2020,Women's Street Footwear,West,West Gear,Online,Nevada,61,73,12
3471,09-02-2020,Women's Street Footwear,West,West Gear,Online,Nevada,61,87,14
3472,28-01-2020,Women's Street Footwear,West,West Gear,Online,Nevada,63,73,12
3473,03-02-2020,Women's Street Footwear,West,West Gear,Online,Nevada,62,102,17
3474,25-09-2021,Women's Street Footwear,West,West Gear,Online,Oregon,49,37,8
3475,23-03-2021,Women's Street Footwear,West,West Gear,Online,Oregon,54,48,9
3476,23-12-2021,Women's Street Footwear,West,West Gear,Online,Oregon,67,111,17
3477,24-06-2021,Women's Street Footwear,West,West Gear,Online,Oregon,78,147,19
3478,23-07-2021,Women's Street Footwear,West,West Gear,Online,Oregon,86,140,16
3479,24-04-2021,Women's Street Footwear,West,West Gear,Online,Oregon,55,47,9
3480,24-10-2021,Women's Street Footwear,West,West Gear,Online,Oregon,46,42,9
3481,24-08-2021,Women's Street Footwear,West,West Gear,Online,Oregon,68,133,20
3482,24-11-2021,Women's Street Footwear,West,West Gear,Online,Oregon,42,54,13
3483,25-05-2021,Women's Street Footwear,West,West Gear,Online,Oregon,50,48,10
3484,17-02-2021,Women's Street Footwear,West,West Gear,Online,Oregon,41,49,12
3485,17-01-2021,Women's Street Footwear,West,West Gear,Online,Oregon,43,48,11
3486,24-02-2021,Women's Street Footwear,West,West Gear,Online,Utah,36,32,9
3487,24-01-2021,Women's Street Footwear,West,West Gear,Online,Utah,39,41,11
3488,09-07-2020,Women's Street Footwear,West,West Gear,Online,Washington,73,119,16
3489,03-07-2020,Women's Street Footwear,West,West Gear,Online,Washington,78,137,18
3490,21-07-2020,Women's Street Footwear,West,West Gear,Online,Washington,56,63,11
3491,27-07-2020,Women's Street Footwear,West,West Gear,Online,Washington,54,67,12
3492,15-07-2020,Women's Street Footwear,West,West Gear,Online,Washington,63,85,14
3493,21-06-2020,Women's Street Footwear,West,West Gear,Online,Washington,61,73,12
3494,27-06-2020,Women's Street Footwear,West,West Gear,Online,Washington,72,117,16
3495,03-06-2020,Women's Street Footwear,West,West Gear,Online,Washington,47,57,12
3496,02-08-2020,Women's Street Footwear,West,West Gear,Online,Washington,73,101,14
3497,15-06-2020,Women's Street Footwear,West,West Gear,Online,Washington,74,89,12
3498,09-06-2020,Women's Street Footwear,West,West Gear,Online,Washington,60,69,12
3499,09-09-2021,Men's Apparel,Midwest,Amazon,Online,Ohio,35,1575,45
3500,09-03-2021,Men's Apparel,Midwest,Amazon,Online,Ohio,40,1500,38
3501,11-10-2021,Men's Apparel,Midwest,Amazon,Online,Ohio,40,1600,40
3502,10-04-2021,Men's Apparel,Midwest,Amazon,Online,Ohio,45,1688,38
3503,11-02-2021,Men's Apparel,Midwest,Amazon,Online,Ohio,45,2025,45
3504,22-01-2021,Men's Apparel,Midwest,Amazon,Online,Ohio,50,1000,20
3505,09-05-2021,Men's Apparel,Midwest,Amazon,Online,Ohio,50,2250,45
3506,10-08-2021,Men's Apparel,Midwest,Amazon,Online,Ohio,55,2750,50
3507,11-06-2021,Men's Apparel,Midwest,Amazon,Online,Ohio,65,3250,50
3508,09-07-2021,Men's Apparel,Midwest,Amazon,Online,Ohio,65,3575,55
3509,10-11-2021,Men's Apparel,Midwest,Amazon,Online,Ohio,80,3800,48
3510,11-10-2021,Men's Apparel,Midwest,Amazon,Online,Ohio,37,43,12
3511,11-02-2021,Men's Apparel,Midwest,Amazon,Online,Ohio,41,50,12
3512,09-05-2021,Men's Apparel,Midwest,Amazon,Online,Ohio,49,62,13
3513,09-07-2021,Men's Apparel,Midwest,Amazon,Online,Ohio,59,91,15
3514,10-04-2021,Men's Apparel,Midwest,Amazon,Online,Ohio,42,42,10
3515,22-01-2021,Men's Apparel,Midwest,Amazon,Online,Ohio,46,24,5
3516,11-06-2021,Men's Apparel,Midwest,Amazon,Online,Ohio,62,93,15
3517,09-09-2021,Men's Apparel,Midwest,Amazon,Online,Ohio,32,39,12
3518,09-03-2021,Men's Apparel,Midwest,Amazon,Online,Ohio,37,42,11
3519,10-08-2021,Men's Apparel,Midwest,Amazon,Online,Ohio,50,68,14
3520,10-11-2021,Men's Apparel,Midwest,Amazon,Online,Ohio,76,105,14
3521,10-11-2021,Men's Athletic Footwear,Midwest,Amazon,Online,Ohio,25,1250,50
3522,10-04-2021,Men's Athletic Footwear,Midwest,Amazon,Online,Ohio,30,1275,43
3523,09-03-2021,Men's Athletic Footwear,Midwest,Amazon,Online,Ohio,30,1350,45
3524,11-10-2021,Men's Athletic Footwear,Midwest,Amazon,Online,Ohio,30,1650,55
3525,22-02-2021,Men's Athletic Footwear,Midwest,Amazon,Online,Ohio,40,800,20
3526,22-01-2021,Men's Athletic Footwear,Midwest,Amazon,Online,Ohio,40,1200,30
3527,09-05-2021,Men's Athletic Footwear,Midwest,Amazon,Online,Ohio,45,2250,50
3528,11-06-2021,Men's Athletic Footwear,Midwest,Amazon,Online,Ohio,45,2475,55
3529,09-09-2021,Men's Athletic Footwear,Midwest,Amazon,Online,Ohio,50,2875,58
3530,09-07-2021,Men's Athletic Footwear,Midwest,Amazon,Online,Ohio,60,3900,65
3531,10-08-2021,Men's Athletic Footwear,Midwest,Amazon,Online,Ohio,60,3900,65
3532,09-12-2021,Men's Athletic Footwear,Midwest,Amazon,Online,Ohio,65,4063,63
3533,10-11-2021,Men's Athletic Footwear,Midwest,Amazon,Online,Ohio,24,34,14
3534,09-03-2021,Men's Athletic Footwear,Midwest,Amazon,Online,Ohio,27,34,13
3535,22-02-2021,Men's Athletic Footwear,Midwest,Amazon,Online,Ohio,38,22,6
3536,11-06-2021,Men's Athletic Footwear,Midwest,Amazon,Online,Ohio,41,57,14
3537,10-08-2021,Men's Athletic Footwear,Midwest,Amazon,Online,Ohio,58,113,20
3538,11-10-2021,Men's Athletic Footwear,Midwest,Amazon,Online,Ohio,29,40,14
3539,22-01-2021,Men's Athletic Footwear,Midwest,Amazon,Online,Ohio,38,30,8
3540,09-09-2021,Men's Athletic Footwear,Midwest,Amazon,Online,Ohio,47,81,17
3541,09-07-2021,Men's Athletic Footwear,Midwest,Amazon,Online,Ohio,56,109,20
3542,09-12-2021,Men's Athletic Footwear,Midwest,Amazon,Online,Ohio,60,109,18
3543,10-04-2021,Men's Athletic Footwear,Midwest,Amazon,Online,Ohio,28,31,11
3544,09-05-2021,Men's Athletic Footwear,Midwest,Amazon,Online,Ohio,44,59,14
3545,10-04-2021,Men's Street Footwear,Midwest,Amazon,Online,Ohio,30,2175,73
3546,09-03-2021,Men's Street Footwear,Midwest,Amazon,Online,Ohio,30,2310,77
3547,10-11-2021,Men's Street Footwear,Midwest,Amazon,Online,Ohio,35,2363,68
3548,22-01-2021,Men's Street Footwear,Midwest,Amazon,Online,Ohio,40,2000,50
3549,22-02-2021,Men's Street Footwear,Midwest,Amazon,Online,Ohio,40,2200,55
3550,11-10-2021,Men's Street Footwear,Midwest,Amazon,Online,Ohio,40,2900,73
3551,09-05-2021,Men's Street Footwear,Midwest,Amazon,Online,Ohio,45,3578,80
3552,11-06-2021,Men's Street Footwear,Midwest,Amazon,Online,Ohio,50,4000,80
3553,09-09-2021,Men's Street Footwear,Midwest,Amazon,Online,Ohio,55,4263,78
3554,10-08-2021,Men's Street Footwear,Midwest,Amazon,Online,Ohio,65,5688,88
3555,09-07-2021,Men's Street Footwear,Midwest,Amazon,Online,Ohio,65,5850,90
3556,09-12-2021,Men's Street Footwear,Midwest,Amazon,Online,Ohio,75,6188,83
3557,09-05-2021,Men's Street Footwear,Midwest,Amazon,Online,Ohio,42,87,21
3558,10-08-2021,Men's Street Footwear,Midwest,Amazon,Online,Ohio,61,139,23
3559,09-12-2021,Men's Street Footwear,Midwest,Amazon,Online,Ohio,70,162,23
3560,09-03-2021,Men's Street Footwear,Midwest,Amazon,Online,Ohio,27,62,23
3561,10-11-2021,Men's Street Footwear,Midwest,Amazon,Online,Ohio,34,57,17
3562,11-10-2021,Men's Street Footwear,Midwest,Amazon,Online,Ohio,36,76,21
3563,09-07-2021,Men's Street Footwear,Midwest,Amazon,Online,Ohio,63,159,25
3564,22-02-2021,Men's Street Footwear,Midwest,Amazon,Online,Ohio,38,52,14
3565,11-06-2021,Men's Street Footwear,Midwest,Amazon,Online,Ohio,49,114,23
3566,22-01-2021,Men's Street Footwear,Midwest,Amazon,Online,Ohio,37,50,14
3567,09-09-2021,Men's Street Footwear,Midwest,Amazon,Online,Ohio,50,113,23
3568,10-04-2021,Men's Street Footwear,Midwest,Amazon,Online,Ohio,28,61,22
3569,22-01-2021,Women's Apparel,Midwest,Amazon,Online,Ohio,40,1200,30
3570,09-03-2021,Women's Apparel,Midwest,Amazon,Online,Ohio,30,1425,48
3571,11-02-2021,Women's Apparel,Midwest,Amazon,Online,Ohio,30,1650,55
3572,10-04-2021,Women's Apparel,Midwest,Amazon,Online,Ohio,35,1838,53
3573,11-10-2021,Women's Apparel,Midwest,Amazon,Online,Ohio,40,2100,53
3574,09-09-2021,Women's Apparel,Midwest,Amazon,Online,Ohio,40,2200,55
3575,09-05-2021,Women's Apparel,Midwest,Amazon,Online,Ohio,55,3025,55
3576,10-08-2021,Women's Apparel,Midwest,Amazon,Online,Ohio,60,4050,68
3577,11-06-2021,Women's Apparel,Midwest,Amazon,Online,Ohio,70,4725,68
3578,09-07-2021,Women's Apparel,Midwest,Amazon,Online,Ohio,70,5075,73
3579,10-11-2021,Women's Apparel,Midwest,Amazon,Online,Ohio,80,4600,58
3580,22-01-2021,Women's Apparel,Midwest,Amazon,Online,Ohio,37,30,8
3581,09-03-2021,Women's Apparel,Midwest,Amazon,Online,Ohio,28,36,13
3582,11-02-2021,Women's Apparel,Midwest,Amazon,Online,Ohio,29,41,14
3583,10-08-2021,Women's Apparel,Midwest,Amazon,Online,Ohio,54,91,17
3584,09-09-2021,Women's Apparel,Midwest,Amazon,Online,Ohio,37,51,14
3585,11-06-2021,Women's Apparel,Midwest,Amazon,Online,Ohio,64,125,20
3586,11-10-2021,Women's Apparel,Midwest,Amazon,Online,Ohio,38,56,15
3587,09-07-2021,Women's Apparel,Midwest,Amazon,Online,Ohio,69,125,18
3588,09-05-2021,Women's Apparel,Midwest,Amazon,Online,Ohio,53,76,14
3589,10-11-2021,Women's Apparel,Midwest,Amazon,Online,Ohio,74,124,17
3590,10-04-2021,Women's Apparel,Midwest,Amazon,Online,Ohio,34,47,14
3591,09-03-2021,Women's Athletic Footwear,Midwest,Amazon,Online,Ohio,25,813,33
3592,10-04-2021,Women's Athletic Footwear,Midwest,Amazon,Online,Ohio,25,875,35
3593,09-09-2021,Women's Athletic Footwear,Midwest,Amazon,Online,Ohio,25,1125,45
3594,11-02-2021,Women's Athletic Footwear,Midwest,Amazon,Online,Ohio,30,1125,38
3595,11-10-2021,Women's Athletic Footwear,Midwest,Amazon,Online,Ohio,30,1200,40
3596,22-01-2021,Women's Athletic Footwear,Midwest,Amazon,Online,Ohio,35,525,15
3597,09-05-2021,Women's Athletic Footwear,Midwest,Amazon,Online,Ohio,40,1700,43
3598,10-08-2021,Women's Athletic Footwear,Midwest,Amazon,Online,Ohio,45,2363,53
3599,11-06-2021,Women's Athletic Footwear,Midwest,Amazon,Online,Ohio,50,2500,50
3600,09-07-2021,Women's Athletic Footwear,Midwest,Amazon,Online,Ohio,55,2888,53
3601,10-11-2021,Women's Athletic Footwear,Midwest,Amazon,Online,Ohio,65,3250,50
3602,10-04-2021,Women's Athletic Footwear,Midwest,Amazon,Online,Ohio,24,24,10
3603,11-02-2021,Women's Athletic Footwear,Midwest,Amazon,Online,Ohio,29,29,10
3604,22-01-2021,Women's Athletic Footwear,Midwest,Amazon,Online,Ohio,34,14,4
3605,10-11-2021,Women's Athletic Footwear,Midwest,Amazon,Online,Ohio,59,80,14
3606,09-09-2021,Women's Athletic Footwear,Midwest,Amazon,Online,Ohio,24,27,11
3607,11-10-2021,Women's Athletic Footwear,Midwest,Amazon,Online,Ohio,29,32,11
3608,10-08-2021,Women's Athletic Footwear,Midwest,Amazon,Online,Ohio,41,65,16
3609,11-06-2021,Women's Athletic Footwear,Midwest,Amazon,Online,Ohio,49,69,14
3610,09-03-2021,Women's Athletic Footwear,Midwest,Amazon,Online,Ohio,24,24,10
3611,09-07-2021,Women's Athletic Footwear,Midwest,Amazon,Online,Ohio,53,81,15
3612,09-05-2021,Women's Athletic Footwear,Midwest,Amazon,Online,Ohio,38,47,12
3613,10-04-2021,Women's Street Footwear,Midwest,Amazon,Online,Ohio,20,850,43
3614,09-03-2021,Women's Street Footwear,Midwest,Amazon,Online,Ohio,20,950,48
3615,09-09-2021,Women's Street Footwear,Midwest,Amazon,Online,Ohio,25,1188,48
3616,22-02-2021,Women's Street Footwear,Midwest,Amazon,Online,Ohio,30,750,25
3617,22-01-2021,Women's Street Footwear,Midwest,Amazon,Online,Ohio,30,900,30
3618,11-10-2021,Women's Street Footwear,Midwest,Amazon,Online,Ohio,30,1275,43
3619,10-11-2021,Women's Street Footwear,Midwest,Amazon,Online,Ohio,35,1558,45
3620,09-05-2021,Women's Street Footwear,Midwest,Amazon,Online,Ohio,40,1900,48
3621,11-06-2021,Women's Street Footwear,Midwest,Amazon,Online,Ohio,50,2625,53
3622,09-07-2021,Women's Street Footwear,Midwest,Amazon,Online,Ohio,55,3163,58
3623,10-08-2021,Women's Street Footwear,Midwest,Amazon,Online,Ohio,55,3163,58
3624,10-11-2021,Women's Street Footwear,Midwest,Amazon,Online,Ohio,32,37,12
3625,09-05-2021,Women's Street Footwear,Midwest,Amazon,Online,Ohio,39,56,14
3626,09-07-2021,Women's Street Footwear,Midwest,Amazon,Online,Ohio,51,88,17
3627,10-08-2021,Women's Street Footwear,Midwest,Amazon,Online,Ohio,53,80,15
3628,22-01-2021,Women's Street Footwear,Midwest,Amazon,Online,Ohio,28,21,8
3629,10-04-2021,Women's Street Footwear,Midwest,Amazon,Online,Ohio,19,20,11
3630,09-03-2021,Women's Street Footwear,Midwest,Amazon,Online,Ohio,20,25,12
3631,11-10-2021,Women's Street Footwear,Midwest,Amazon,Online,Ohio,27,29,11
3632,22-02-2021,Women's Street Footwear,Midwest,Amazon,Online,Ohio,29,18,6
3633,11-06-2021,Women's Street Footwear,Midwest,Amazon,Online,Ohio,49,70,14
3634,09-09-2021,Women's Street Footwear,Midwest,Amazon,Online,Ohio,23,32,14
3635,09-08-2021,Men's Apparel,Midwest,Foot Locker,Online,Illinois,59,34,6
3636,10-07-2021,Men's Apparel,Midwest,Foot Locker,Online,Illinois,47,26,6
3637,22-07-2021,Men's Apparel,Midwest,Foot Locker,Online,Illinois,49,24,5
3638,28-06-2021,Men's Apparel,Midwest,Foot Locker,Online,Illinois,59,21,4
3639,10-06-2021,Men's Apparel,Midwest,Foot Locker,Online,Illinois,50,22,4
3640,22-06-2021,Men's Apparel,Midwest,Foot Locker,Online,Illinois,54,15,3
3641,28-07-2021,Men's Apparel,Midwest,Foot Locker,Online,Illinois,56,18,3
3642,16-06-2021,Men's Apparel,Midwest,Foot Locker,Online,Illinois,56,21,4
3643,04-06-2021,Men's Apparel,Midwest,Foot Locker,Online,Illinois,53,25,5
3644,04-07-2021,Men's Apparel,Midwest,Foot Locker,Online,Illinois,46,23,5
3645,16-07-2021,Men's Apparel,Midwest,Foot Locker,Online,Illinois,49,25,5
3646,03-08-2021,Men's Apparel,Midwest,Foot Locker,Online,Illinois,56,23,4
3647,05-07-2021,Men's Apparel,Midwest,Foot Locker,Online,Iowa,46,28,6
3648,06-08-2021,Men's Apparel,Midwest,Foot Locker,Online,Iowa,48,24,5
3649,07-09-2021,Men's Apparel,Midwest,Foot Locker,Online,Iowa,34,15,5
3650,06-04-2021,Men's Apparel,Midwest,Foot Locker,Online,Iowa,55,19,3
3651,05-03-2021,Men's Apparel,Midwest,Foot Locker,Online,Iowa,28,11,4
3652,06-06-2021,Men's Apparel,Midwest,Foot Locker,Online,Iowa,34,15,4
3653,06-10-2021,Men's Apparel,Midwest,Foot Locker,Online,Iowa,42,16,4
3654,06-02-2021,Men's Apparel,Midwest,Foot Locker,Online,Iowa,38,14,4
3655,07-05-2021,Men's Apparel,Midwest,Foot Locker,Online,Iowa,43,18,4
3656,12-01-2021,Men's Apparel,Midwest,Foot Locker,Online,Kansas,50,875,18
3657,12-01-2021,Men's Apparel,Midwest,Foot Locker,Online,Kansas,48,21,4
3658,18-01-2021,Men's Apparel,Midwest,Foot Locker,Online,Michigan,39,38,10
3659,15-12-2021,Men's Apparel,Midwest,Foot Locker,Online,Michigan,55,79,14
3660,08-11-2020,Men's Apparel,Midwest,Foot Locker,Online,Minnesota,47,7,1
3661,27-10-2020,Men's Apparel,Midwest,Foot Locker,Online,Minnesota,41,18,4
3662,02-12-2020,Men's Apparel,Midwest,Foot Locker,Online,Minnesota,42,18,4
3663,26-11-2020,Men's Apparel,Midwest,Foot Locker,Online,Minnesota,49,28,6
3664,14-11-2020,Men's Apparel,Midwest,Foot Locker,Online,Minnesota,50,10,2
3665,26-12-2020,Men's Apparel,Midwest,Foot Locker,Online,Minnesota,54,24,4
3666,14-12-2020,Men's Apparel,Midwest,Foot Locker,Online,Minnesota,41,8,2
3667,02-11-2020,Men's Apparel,Midwest,Foot Locker,Online,Minnesota,47,9,2
3668,20-11-2020,Men's Apparel,Midwest,Foot Locker,Online,Minnesota,49,22,5
3669,20-12-2020,Men's Apparel,Midwest,Foot Locker,Online,Minnesota,52,18,3
3670,08-12-2020,Men's Apparel,Midwest,Foot Locker,Online,Minnesota,32,11,3
3671,21-10-2020,Men's Apparel,Midwest,Foot Locker,Online,Minnesota,43,17,4
3672,18-04-2021,Men's Apparel,Midwest,Foot Locker,Online,Missouri,36,23,7
3673,18-02-2021,Men's Apparel,Midwest,Foot Locker,Online,Missouri,38,33,9
3674,18-06-2021,Men's Apparel,Midwest,Foot Locker,Online,Missouri,38,39,10
3675,19-09-2021,Men's Apparel,Midwest,Foot Locker,Online,Missouri,23,18,8
3676,18-10-2021,Men's Apparel,Midwest,Foot Locker,Online,Missouri,32,22,7
3677,18-08-2021,Men's Apparel,Midwest,Foot Locker,Online,Missouri,34,28,8
3678,18-11-2021,Men's Apparel,Midwest,Foot Locker,Online,Missouri,43,35,8
3679,19-05-2021,Men's Apparel,Midwest,Foot Locker,Online,Missouri,44,31,7
3680,17-07-2021,Men's Apparel,Midwest,Foot Locker,Online,Missouri,37,35,9
3681,17-03-2021,Men's Apparel,Midwest,Foot Locker,Online,Missouri,41,31,8
3682,25-05-2021,Men's Apparel,Midwest,Foot Locker,Online,Nebraska,43,15,4
3683,24-07-2021,Men's Apparel,Midwest,Foot Locker,Online,Nebraska,48,13,3
3684,18-06-2021,Men's Apparel,Midwest,Foot Locker,Online,Nebraska,46,6,1
3685,06-06-2021,Men's Apparel,Midwest,Foot Locker,Online,Nebraska,45,6,1
3686,12-07-2021,Men's Apparel,Midwest,Foot Locker,Online,Nebraska,29,6,2
3687,18-07-2021,Men's Apparel,Midwest,Foot Locker,Online,Nebraska,37,3,1
3688,06-07-2021,Men's Apparel,Midwest,Foot Locker,Online,Nebraska,37,10,3
3689,12-06-2021,Men's Apparel,Midwest,Foot Locker,Online,Nebraska,42,3,1
3690,30-07-2021,Men's Apparel,Midwest,Foot Locker,Online,Nebraska,45,18,4
3691,31-05-2021,Men's Apparel,Midwest,Foot Locker,Online,Nebraska,41,13,3
3692,30-06-2021,Men's Apparel,Midwest,Foot Locker,Online,Nebraska,41,18,4
3693,24-06-2021,Men's Apparel,Midwest,Foot Locker,Online,Nebraska,42,18,4
3694,09-11-2021,Men's Apparel,Midwest,Foot Locker,Online,North Dakota,55,24,4
3695,08-12-2021,Men's Apparel,Midwest,Foot Locker,Online,North Dakota,58,31,5
3696,06-01-2021,Men's Apparel,Midwest,Foot Locker,Online,North Dakota,38,16,4
3697,13-09-2021,Men's Apparel,Midwest,Foot Locker,Online,South Dakota,45,675,15
3698,12-06-2021,Men's Apparel,Midwest,Foot Locker,Online,South Dakota,45,788,18
3699,12-02-2021,Men's Apparel,Midwest,Foot Locker,Online,South Dakota,50,875,18
3700,11-03-2021,Men's Apparel,Midwest,Foot Locker,Online,South Dakota,50,625,13
3701,12-08-2021,Men's Apparel,Midwest,Foot Locker,Online,South Dakota,50,875,18
3702,11-07-2021,Men's Apparel,Midwest,Foot Locker,Online,South Dakota,50,1000,20
3703,13-05-2021,Men's Apparel,Midwest,Foot Locker,Online,South Dakota,55,688,13
3704,12-10-2021,Men's Apparel,Midwest,Foot Locker,Online,South Dakota,55,688,13
3705,12-04-2021,Men's Apparel,Midwest,Foot Locker,Online,South Dakota,60,600,10
3706,12-06-2021,Men's Apparel,Midwest,Foot Locker,Online,South Dakota,41,21,5
3707,12-02-2021,Men's Apparel,Midwest,Foot Locker,Online,South Dakota,48,22,5
3708,12-08-2021,Men's Apparel,Midwest,Foot Locker,Online,South Dakota,47,22,5
3709,11-07-2021,Men's Apparel,Midwest,Foot Locker,Online,South Dakota,49,25,5
3710,12-04-2021,Men's Apparel,Midwest,Foot Locker,Online,South Dakota,56,16,3
3711,12-10-2021,Men's Apparel,Midwest,Foot Locker,Online,South Dakota,54,21,4
3712,13-09-2021,Men's Apparel,Midwest,Foot Locker,Online,South Dakota,41,17,4
3713,11-03-2021,Men's Apparel,Midwest,Foot Locker,Online,South Dakota,47,15,3
3714,13-05-2021,Men's Apparel,Midwest,Foot Locker,Online,South Dakota,51,19,4
3715,01-07-2021,Men's Athletic Footwear,Midwest,Foot Locker,Online,Illinois,43,27,6
3716,07-07-2021,Men's Athletic Footwear,Midwest,Foot Locker,Online,Illinois,43,35,8
3717,25-06-2021,Men's Athletic Footwear,Midwest,Foot Locker,Online,Illinois,53,29,5
3718,13-07-2021,Men's Athletic Footwear,Midwest,Foot Locker,Online,Illinois,41,39,9
3719,19-06-2021,Men's Athletic Footwear,Midwest,Foot Locker,Online,Illinois,48,21,4
3720,07-06-2021,Men's Athletic Footwear,Midwest,Foot Locker,Online,Illinois,43,22,5
3721,31-07-2021,Men's Athletic Footwear,Midwest,Foot Locker,Online,Illinois,46,30,7
3722,13-06-2021,Men's Athletic Footwear,Midwest,Foot Locker,Online,Illinois,46,28,6
3723,06-08-2021,Men's Athletic Footwear,Midwest,Foot Locker,Online,Illinois,46,35,8
3724,19-07-2021,Men's Athletic Footwear,Midwest,Foot Locker,Online,Illinois,41,34,8
3725,25-07-2021,Men's Athletic Footwear,Midwest,Foot Locker,Online,Illinois,49,37,8
3726,05-03-2021,Men's Athletic Footwear,Midwest,Foot Locker,Online,Iowa,19,9,5
3727,06-10-2021,Men's Athletic Footwear,Midwest,Foot Locker,Online,Iowa,32,24,8
3728,07-05-2021,Men's Athletic Footwear,Midwest,Foot Locker,Online,Iowa,37,23,6
3729,06-08-2021,Men's Athletic Footwear,Midwest,Foot Locker,Online,Iowa,42,33,8
3730,07-09-2021,Men's Athletic Footwear,Midwest,Foot Locker,Online,Iowa,27,21,8
3731,06-06-2021,Men's Athletic Footwear,Midwest,Foot Locker,Online,Iowa,28,22,8
3732,06-04-2021,Men's Athletic Footwear,Midwest,Foot Locker,Online,Iowa,18,9,5
3733,05-07-2021,Men's Athletic Footwear,Midwest,Foot Locker,Online,Iowa,44,38,9
3734,12-02-2021,Men's Athletic Footwear,Midwest,Foot Locker,Online,Kansas,40,700,18
3735,12-01-2021,Men's Athletic Footwear,Midwest,Foot Locker,Online,Kansas,40,1100,28
3736,12-01-2021,Men's Athletic Footwear,Midwest,Foot Locker,Online,Kansas,37,30,8
3737,12-02-2021,Men's Athletic Footwear,Midwest,Foot Locker,Online,Kansas,39,18,5
3738,18-01-2021,Men's Athletic Footwear,Midwest,Foot Locker,Online,Michigan,29,36,12
3739,18-02-2021,Men's Athletic Footwear,Midwest,Foot Locker,Online,Michigan,28,26,9
3740,30-10-2020,Men's Athletic Footwear,Midwest,Foot Locker,Online,Minnesota,38,13,4
3741,17-12-2020,Men's Athletic Footwear,Midwest,Foot Locker,Online,Minnesota,38,20,5
3742,17-11-2020,Men's Athletic Footwear,Midwest,Foot Locker,Online,Minnesota,38,19,5
3743,29-11-2020,Men's Athletic Footwear,Midwest,Foot Locker,Online,Minnesota,43,37,9
3744,11-11-2020,Men's Athletic Footwear,Midwest,Foot Locker,Online,Minnesota,44,19,4
3745,05-11-2020,Men's Athletic Footwear,Midwest,Foot Locker,Online,Minnesota,38,11,3
3746,11-12-2020,Men's Athletic Footwear,Midwest,Foot Locker,Online,Minnesota,34,20,6
3747,24-10-2020,Men's Athletic Footwear,Midwest,Foot Locker,Online,Minnesota,34,13,4
3748,05-12-2020,Men's Athletic Footwear,Midwest,Foot Locker,Online,Minnesota,37,27,7
3749,23-11-2020,Men's Athletic Footwear,Midwest,Foot Locker,Online,Minnesota,42,32,8
3750,23-12-2020,Men's Athletic Footwear,Midwest,Foot Locker,Online,Minnesota,42,32,8
3751,18-11-2021,Men's Athletic Footwear,Midwest,Foot Locker,Online,Missouri,23,20,9
3752,17-03-2021,Men's Athletic Footwear,Midwest,Foot Locker,Online,Missouri,34,30,9
3753,18-06-2021,Men's Athletic Footwear,Midwest,Foot Locker,Online,Missouri,27,25,9
3754,18-08-2021,Men's Athletic Footwear,Midwest,Foot Locker,Online,Missouri,38,54,14
3755,19-09-2021,Men's Athletic Footwear,Midwest,Foot Locker,Online,Missouri,28,28,10
3756,17-07-2021,Men's Athletic Footwear,Midwest,Foot Locker,Online,Missouri,33,43,13
3757,19-05-2021,Men's Athletic Footwear,Midwest,Foot Locker,Online,Missouri,34,30,9
3758,17-12-2021,Men's Athletic Footwear,Midwest,Foot Locker,Online,Missouri,32,36,11
3759,18-04-2021,Men's Athletic Footwear,Midwest,Foot Locker,Online,Missouri,27,19,7
3760,18-10-2021,Men's Athletic Footwear,Midwest,Foot Locker,Online,Missouri,24,22,9
3761,09-06-2021,Men's Athletic Footwear,Midwest,Foot Locker,Online,Nebraska,32,7,2
3762,27-06-2021,Men's Athletic Footwear,Midwest,Foot Locker,Online,Nebraska,37,30,8
3763,15-07-2021,Men's Athletic Footwear,Midwest,Foot Locker,Online,Nebraska,29,12,4
3764,21-07-2021,Men's Athletic Footwear,Midwest,Foot Locker,Online,Nebraska,29,12,4
3765,09-07-2021,Men's Athletic Footwear,Midwest,Foot Locker,Online,Nebraska,33,18,6
3766,03-06-2021,Men's Athletic Footwear,Midwest,Foot Locker,Online,Nebraska,39,10,3
3767,03-07-2021,Men's Athletic Footwear,Midwest,Foot Locker,Online,Nebraska,42,34,8
3768,21-06-2021,Men's Athletic Footwear,Midwest,Foot Locker,Online,Nebraska,32,14,5
3769,28-05-2021,Men's Athletic Footwear,Midwest,Foot Locker,Online,Nebraska,33,13,4
3770,27-07-2021,Men's Athletic Footwear,Midwest,Foot Locker,Online,Nebraska,36,23,6
3771,15-06-2021,Men's Athletic Footwear,Midwest,Foot Locker,Online,Nebraska,38,13,3
3772,09-11-2021,Men's Athletic Footwear,Midwest,Foot Locker,Online,North Dakota,36,26,7
3773,08-12-2021,Men's Athletic Footwear,Midwest,Foot Locker,Online,North Dakota,46,35,8
3774,06-02-2021,Men's Athletic Footwear,Midwest,Foot Locker,Online,North Dakota,28,13,5
3775,06-01-2021,Men's Athletic Footwear,Midwest,Foot Locker,Online,North Dakota,29,20,7
3776,12-04-2021,Men's Athletic Footwear,Midwest,Foot Locker,Online,South Dakota,40,600,15
3777,11-03-2021,Men's Athletic Footwear,Midwest,Foot Locker,Online,South Dakota,40,800,20
3778,12-06-2021,Men's Athletic Footwear,Midwest,Foot Locker,Online,South Dakota,40,1000,25
3779,13-09-2021,Men's Athletic Footwear,Midwest,Foot Locker,Online,South Dakota,40,1100,28
3780,12-10-2021,Men's Athletic Footwear,Midwest,Foot Locker,Online,South Dakota,45,1125,25
3781,11-07-2021,Men's Athletic Footwear,Midwest,Foot Locker,Online,South Dakota,45,1350,30
3782,12-08-2021,Men's Athletic Footwear,Midwest,Foot Locker,Online,South Dakota,45,1350,30
3783,13-05-2021,Men's Athletic Footwear,Midwest,Foot Locker,Online,South Dakota,50,1000,20
3784,12-06-2021,Men's Athletic Footwear,Midwest,Foot Locker,Online,South Dakota,39,27,7
3785,13-09-2021,Men's Athletic Footwear,Midwest,Foot Locker,Online,South Dakota,39,31,8
3786,12-04-2021,Men's Athletic Footwear,Midwest,Foot Locker,Online,South Dakota,39,16,4
3787,11-03-2021,Men's Athletic Footwear,Midwest,Foot Locker,Online,South Dakota,37,19,5
3788,12-10-2021,Men's Athletic Footwear,Midwest,Foot Locker,Online,South Dakota,41,31,8
3789,12-08-2021,Men's Athletic Footwear,Midwest,Foot Locker,Online,South Dakota,42,33,8
3790,11-07-2021,Men's Athletic Footwear,Midwest,Foot Locker,Online,South Dakota,44,36,8
3791,13-05-2021,Men's Athletic Footwear,Midwest,Foot Locker,Online,South Dakota,45,27,6
3792,18-07-2021,Men's Street Footwear,Midwest,Foot Locker,Online,Illinois,47,63,14
3793,06-06-2021,Men's Street Footwear,Midwest,Foot Locker,Online,Illinois,44,70,16
3794,12-07-2021,Men's Street Footwear,Midwest,Foot Locker,Online,Illinois,49,73,15
3795,06-07-2021,Men's Street Footwear,Midwest,Foot Locker,Online,Illinois,47,76,16
3796,18-06-2021,Men's Street Footwear,Midwest,Foot Locker,Online,Illinois,48,59,12
3797,30-07-2021,Men's Street Footwear,Midwest,Foot Locker,Online,Illinois,55,62,11
3798,24-06-2021,Men's Street Footwear,Midwest,Foot Locker,Online,Illinois,58,78,13
3799,30-06-2021,Men's Street Footwear,Midwest,Foot Locker,Online,Illinois,46,62,14
3800,12-06-2021,Men's Street Footwear,Midwest,Foot Locker,Online,Illinois,47,68,14
3801,24-07-2021,Men's Street Footwear,Midwest,Foot Locker,Online,Illinois,56,64,12
3802,05-08-2021,Men's Street Footwear,Midwest,Foot Locker,Online,Illinois,57,86,15
3803,05-03-2021,Men's Street Footwear,Midwest,Foot Locker,Online,Iowa,19,26,14
3804,07-09-2021,Men's Street Footwear,Midwest,Foot Locker,Online,Iowa,34,45,13
3805,06-10-2021,Men's Street Footwear,Midwest,Foot Locker,Online,Iowa,43,48,11
3806,06-06-2021,Men's Street Footwear,Midwest,Foot Locker,Online,Iowa,32,44,14
3807,06-08-2021,Men's Street Footwear,Midwest,Foot Locker,Online,Iowa,49,64,13
3808,07-05-2021,Men's Street Footwear,Midwest,Foot Locker,Online,Iowa,57,83,15
3809,05-07-2021,Men's Street Footwear,Midwest,Foot Locker,Online,Iowa,49,68,14
3810,06-04-2021,Men's Street Footwear,Midwest,Foot Locker,Online,Iowa,20,25,12
3811,12-01-2021,Men's Street Footwear,Midwest,Foot Locker,Online,Kansas,40,1900,48
3812,12-02-2021,Men's Street Footwear,Midwest,Foot Locker,Online,Kansas,40,2100,53
3813,12-01-2021,Men's Street Footwear,Midwest,Foot Locker,Online,Kansas,38,52,14
3814,12-02-2021,Men's Street Footwear,Midwest,Foot Locker,Online,Kansas,37,58,16
3815,18-01-2021,Men's Street Footwear,Midwest,Foot Locker,Online,Michigan,27,42,16
3816,18-02-2021,Men's Street Footwear,Midwest,Foot Locker,Online,Michigan,29,53,18
3817,23-10-2020,Men's Street Footwear,Midwest,Foot Locker,Online,Minnesota,32,43,14
3818,04-11-2020,Men's Street Footwear,Midwest,Foot Locker,Online,Minnesota,36,43,12
3819,10-12-2020,Men's Street Footwear,Midwest,Foot Locker,Online,Minnesota,41,40,10
3820,16-12-2020,Men's Street Footwear,Midwest,Foot Locker,Online,Minnesota,46,42,9
3821,28-11-2020,Men's Street Footwear,Midwest,Foot Locker,Online,Minnesota,47,64,14
3822,10-11-2020,Men's Street Footwear,Midwest,Foot Locker,Online,Minnesota,48,56,12
3823,22-11-2020,Men's Street Footwear,Midwest,Foot Locker,Online,Minnesota,49,78,16
3824,04-12-2020,Men's Street Footwear,Midwest,Foot Locker,Online,Minnesota,43,49,11
3825,16-11-2020,Men's Street Footwear,Midwest,Foot Locker,Online,Minnesota,44,47,11
3826,29-10-2020,Men's Street Footwear,Midwest,Foot Locker,Online,Minnesota,39,45,12
3827,22-12-2020,Men's Street Footwear,Midwest,Foot Locker,Online,Minnesota,50,62,12
3828,19-09-2021,Men's Street Footwear,Midwest,Foot Locker,Online,Missouri,32,56,17
3829,18-08-2021,Men's Street Footwear,Midwest,Foot Locker,Online,Missouri,38,77,20
3830,18-10-2021,Men's Street Footwear,Midwest,Foot Locker,Online,Missouri,34,45,13
3831,18-11-2021,Men's Street Footwear,Midwest,Foot Locker,Online,Missouri,34,51,15
3832,17-03-2021,Men's Street Footwear,Midwest,Foot Locker,Online,Missouri,34,63,19
3833,19-05-2021,Men's Street Footwear,Midwest,Foot Locker,Online,Missouri,39,70,18
3834,18-04-2021,Men's Street Footwear,Midwest,Foot Locker,Online,Missouri,33,48,14
3835,17-12-2021,Men's Street Footwear,Midwest,Foot Locker,Online,Missouri,41,67,16
3836,18-06-2021,Men's Street Footwear,Midwest,Foot Locker,Online,Missouri,32,54,17
3837,17-07-2021,Men's Street Footwear,Midwest,Foot Locker,Online,Missouri,36,73,20
3838,26-07-2021,Men's Street Footwear,Midwest,Foot Locker,Online,Nebraska,49,57,12
3839,26-06-2021,Men's Street Footwear,Midwest,Foot Locker,Online,Nebraska,43,71,17
3840,20-06-2021,Men's Street Footwear,Midwest,Foot Locker,Online,Nebraska,36,43,12
3841,08-06-2021,Men's Street Footwear,Midwest,Foot Locker,Online,Nebraska,38,40,11
3842,02-07-2021,Men's Street Footwear,Midwest,Foot Locker,Online,Nebraska,41,59,15
3843,27-05-2021,Men's Street Footwear,Midwest,Foot Locker,Online,Nebraska,32,38,12
3844,14-07-2021,Men's Street Footwear,Midwest,Foot Locker,Online,Nebraska,36,34,9
3845,20-07-2021,Men's Street Footwear,Midwest,Foot Locker,Online,Nebraska,37,31,8
3846,08-07-2021,Men's Street Footwear,Midwest,Foot Locker,Online,Nebraska,38,43,11
3847,02-06-2021,Men's Street Footwear,Midwest,Foot Locker,Online,Nebraska,38,46,12
3848,14-06-2021,Men's Street Footwear,Midwest,Foot Locker,Online,Nebraska,44,52,12
3849,06-02-2021,Men's Street Footwear,Midwest,Foot Locker,Online,North Dakota,28,41,15
3850,06-01-2021,Men's Street Footwear,Midwest,Foot Locker,Online,North Dakota,27,31,11
3851,08-12-2021,Men's Street Footwear,Midwest,Foot Locker,Online,North Dakota,55,83,15
3852,09-11-2021,Men's Street Footwear,Midwest,Foot Locker,Online,North Dakota,49,59,12
3853,12-04-2021,Men's Street Footwear,Midwest,Foot Locker,Online,South Dakota,40,1800,45
3854,11-03-2021,Men's Street Footwear,Midwest,Foot Locker,Online,South Dakota,40,1980,50
3855,13-09-2021,Men's Street Footwear,Midwest,Foot Locker,Online,South Dakota,45,2138,48
3856,12-06-2021,Men's Street Footwear,Midwest,Foot Locker,Online,South Dakota,45,2250,50
3857,12-08-2021,Men's Street Footwear,Midwest,Foot Locker,Online,South Dakota,50,2625,53
3858,11-07-2021,Men's Street Footwear,Midwest,Foot Locker,Online,South Dakota,50,2750,55
3859,12-10-2021,Men's Street Footwear,Midwest,Foot Locker,Online,South Dakota,55,2200,40
3860,13-05-2021,Men's Street Footwear,Midwest,Foot Locker,Online,South Dakota,60,2970,50
3861,13-09-2021,Men's Street Footwear,Midwest,Foot Locker,Online,South Dakota,42,58,14
3862,12-04-2021,Men's Street Footwear,Midwest,Foot Locker,Online,South Dakota,38,43,11
3863,12-06-2021,Men's Street Footwear,Midwest,Foot Locker,Online,South Dakota,41,55,14
3864,11-07-2021,Men's Street Footwear,Midwest,Foot Locker,Online,South Dakota,47,72,15
3865,12-10-2021,Men's Street Footwear,Midwest,Foot Locker,Online,South Dakota,54,56,10
3866,13-05-2021,Men's Street Footwear,Midwest,Foot Locker,Online,South Dakota,58,81,14
3867,12-08-2021,Men's Street Footwear,Midwest,Foot Locker,Online,South Dakota,49,64,13
3868,11-03-2021,Men's Street Footwear,Midwest,Foot Locker,Online,South Dakota,39,48,12
3869,05-06-2021,Women's Apparel,Midwest,Foot Locker,Online,Illinois,41,28,7
3870,23-06-2021,Women's Apparel,Midwest,Foot Locker,Online,Illinois,49,32,7
3871,29-07-2021,Women's Apparel,Midwest,Foot Locker,Online,Illinois,60,39,7
3872,04-08-2021,Women's Apparel,Midwest,Foot Locker,Online,Illinois,61,40,7
3873,29-06-2021,Women's Apparel,Midwest,Foot Locker,Online,Illinois,64,40,6
3874,11-07-2021,Women's Apparel,Midwest,Foot Locker,Online,Illinois,54,65,12
3875,17-06-2021,Women's Apparel,Midwest,Foot Locker,Online,Illinois,45,28,6
3876,05-07-2021,Women's Apparel,Midwest,Foot Locker,Online,Illinois,51,54,11
3877,10-08-2021,Women's Apparel,Midwest,Foot Locker,Online,Illinois,64,52,8
3878,23-07-2021,Women's Apparel,Midwest,Foot Locker,Online,Illinois,53,39,7
3879,11-06-2021,Women's Apparel,Midwest,Foot Locker,Online,Illinois,43,33,8
3880,17-07-2021,Women's Apparel,Midwest,Foot Locker,Online,Illinois,50,47,9
3881,07-09-2021,Women's Apparel,Midwest,Foot Locker,Online,Iowa,36,22,6
3882,05-07-2021,Women's Apparel,Midwest,Foot Locker,Online,Iowa,51,48,9
3883,06-04-2021,Women's Apparel,Midwest,Foot Locker,Online,Iowa,46,29,6
3884,07-05-2021,Women's Apparel,Midwest,Foot Locker,Online,Iowa,46,32,7
3885,05-03-2021,Women's Apparel,Midwest,Foot Locker,Online,Iowa,20,14,7
3886,06-06-2021,Women's Apparel,Midwest,Foot Locker,Online,Iowa,51,43,9
3887,06-02-2021,Women's Apparel,Midwest,Foot Locker,Online,Iowa,14,10,7
3888,06-08-2021,Women's Apparel,Midwest,Foot Locker,Online,Iowa,53,52,10
3889,12-01-2021,Women's Apparel,Midwest,Foot Locker,Online,Kansas,40,1100,28
3890,12-01-2021,Women's Apparel,Midwest,Foot Locker,Online,Kansas,37,27,7
3891,18-01-2021,Women's Apparel,Midwest,Foot Locker,Online,Michigan,29,36,12
3892,15-12-2021,Women's Apparel,Midwest,Foot Locker,Online,Michigan,59,96,16
3893,28-10-2020,Women's Apparel,Midwest,Foot Locker,Online,Minnesota,34,22,7
3894,03-11-2020,Women's Apparel,Midwest,Foot Locker,Online,Minnesota,38,18,5
3895,27-11-2020,Women's Apparel,Midwest,Foot Locker,Online,Minnesota,54,53,10
3896,22-10-2020,Women's Apparel,Midwest,Foot Locker,Online,Minnesota,32,21,7
3897,21-11-2020,Women's Apparel,Midwest,Foot Locker,Online,Minnesota,53,43,8
3898,09-12-2020,Women's Apparel,Midwest,Foot Locker,Online,Minnesota,39,20,5
3899,03-12-2020,Women's Apparel,Midwest,Foot Locker,Online,Minnesota,46,40,9
3900,27-12-2020,Women's Apparel,Midwest,Foot Locker,Online,Minnesota,54,42,8
3901,15-11-2020,Women's Apparel,Midwest,Foot Locker,Online,Minnesota,58,30,5
3902,09-11-2020,Women's Apparel,Midwest,Foot Locker,Online,Minnesota,36,19,5
3903,15-12-2020,Women's Apparel,Midwest,Foot Locker,Online,Minnesota,49,29,6
3904,21-12-2020,Women's Apparel,Midwest,Foot Locker,Online,Minnesota,59,36,6
3905,19-05-2021,Women's Apparel,Midwest,Foot Locker,Online,Missouri,45,47,11
3906,18-04-2021,Women's Apparel,Midwest,Foot Locker,Online,Missouri,28,29,11
3907,17-07-2021,Women's Apparel,Midwest,Foot Locker,Online,Missouri,41,66,16
3908,18-02-2021,Women's Apparel,Midwest,Foot Locker,Online,Missouri,28,34,12
3909,18-11-2021,Women's Apparel,Midwest,Foot Locker,Online,Missouri,48,52,11
3910,19-09-2021,Women's Apparel,Midwest,Foot Locker,Online,Missouri,28,27,10
3911,18-10-2021,Women's Apparel,Midwest,Foot Locker,Online,Missouri,38,33,9
3912,17-03-2021,Women's Apparel,Midwest,Foot Locker,Online,Missouri,34,35,10
3913,18-08-2021,Women's Apparel,Midwest,Foot Locker,Online,Missouri,36,46,13
3914,18-06-2021,Women's Apparel,Midwest,Foot Locker,Online,Missouri,42,60,14
3915,07-07-2021,Women's Apparel,Midwest,Foot Locker,Online,Nebraska,44,30,7
3916,26-05-2021,Women's Apparel,Midwest,Foot Locker,Online,Nebraska,32,22,7
3917,07-06-2021,Women's Apparel,Midwest,Foot Locker,Online,Nebraska,37,14,4
3918,01-06-2021,Women's Apparel,Midwest,Foot Locker,Online,Nebraska,32,19,6
3919,13-06-2021,Women's Apparel,Midwest,Foot Locker,Online,Nebraska,34,13,4
3920,13-07-2021,Women's Apparel,Midwest,Foot Locker,Online,Nebraska,34,13,4
3921,25-06-2021,Women's Apparel,Midwest,Foot Locker,Online,Nebraska,49,42,9
3922,19-06-2021,Women's Apparel,Midwest,Foot Locker,Online,Nebraska,51,21,4
3923,25-07-2021,Women's Apparel,Midwest,Foot Locker,Online,Nebraska,53,31,6
3924,31-07-2021,Women's Apparel,Midwest,Foot Locker,Online,Nebraska,54,35,7
3925,19-07-2021,Women's Apparel,Midwest,Foot Locker,Online,Nebraska,44,17,4
3926,01-07-2021,Women's Apparel,Midwest,Foot Locker,Online,Nebraska,49,45,9
3927,09-11-2021,Women's Apparel,Midwest,Foot Locker,Online,North Dakota,60,39,7
3928,06-01-2021,Women's Apparel,Midwest,Foot Locker,Online,North Dakota,28,21,8
3929,09-10-2021,Women's Apparel,Midwest,Foot Locker,Online,North Dakota,53,39,7
3930,08-12-2021,Women's Apparel,Midwest,Foot Locker,Online,North Dakota,63,49,8
3931,12-02-2021,Women's Apparel,Midwest,Foot Locker,Online,South Dakota,35,963,28
3932,11-03-2021,Women's Apparel,Midwest,Foot Locker,Online,South Dakota,40,900,23
3933,12-04-2021,Women's Apparel,Midwest,Foot Locker,Online,South Dakota,50,1125,23
3934,13-09-2021,Women's Apparel,Midwest,Foot Locker,Online,South Dakota,50,1125,23
3935,12-06-2021,Women's Apparel,Midwest,Foot Locker,Online,South Dakota,55,1788,33
3936,12-08-2021,Women's Apparel,Midwest,Foot Locker,Online,South Dakota,55,1925,35
3937,11-07-2021,Women's Apparel,Midwest,Foot Locker,Online,South Dakota,55,2063,38
3938,13-05-2021,Women's Apparel,Midwest,Foot Locker,Online,South Dakota,60,1500,25
3939,13-09-2021,Women's Apparel,Midwest,Foot Locker,Online,South Dakota,46,30,7
3940,12-08-2021,Women's Apparel,Midwest,Foot Locker,Online,South Dakota,53,47,9
3941,13-05-2021,Women's Apparel,Midwest,Foot Locker,Online,South Dakota,58,39,7
3942,11-03-2021,Women's Apparel,Midwest,Foot Locker,Online,South Dakota,37,22,6
3943,12-04-2021,Women's Apparel,Midwest,Foot Locker,Online,South Dakota,48,29,6
3944,12-06-2021,Women's Apparel,Midwest,Foot Locker,Online,South Dakota,50,47,9
3945,11-07-2021,Women's Apparel,Midwest,Foot Locker,Online,South Dakota,53,50,9
3946,12-02-2021,Women's Apparel,Midwest,Foot Locker,Online,South Dakota,32,26,8
3947,15-07-2021,Women's Athletic Footwear,Midwest,Foot Locker,Online,Illinois,37,23,6
3948,21-06-2021,Women's Athletic Footwear,Midwest,Foot Locker,Online,Illinois,44,9,2
3949,27-07-2021,Women's Athletic Footwear,Midwest,Foot Locker,Online,Illinois,47,16,3
3950,21-07-2021,Women's Athletic Footwear,Midwest,Foot Locker,Online,Illinois,36,16,4
3951,03-07-2021,Women's Athletic Footwear,Midwest,Foot Locker,Online,Illinois,38,18,5
3952,09-06-2021,Women's Athletic Footwear,Midwest,Foot Locker,Online,Illinois,39,11,3
3953,15-06-2021,Women's Athletic Footwear,Midwest,Foot Locker,Online,Illinois,41,8,2
3954,02-08-2021,Women's Athletic Footwear,Midwest,Foot Locker,Online,Illinois,46,24,5
3955,27-06-2021,Women's Athletic Footwear,Midwest,Foot Locker,Online,Illinois,48,13,3
3956,08-08-2021,Women's Athletic Footwear,Midwest,Foot Locker,Online,Illinois,49,26,5
3957,09-07-2021,Women's Athletic Footwear,Midwest,Foot Locker,Online,Illinois,39,20,5
3958,05-07-2021,Women's Athletic Footwear,Midwest,Foot Locker,Online,Iowa,37,17,5
3959,06-08-2021,Women's Athletic Footwear,Midwest,Foot Locker,Online,Iowa,37,20,5
3960,05-03-2021,Women's Athletic Footwear,Midwest,Foot Locker,Online,Iowa,14,4,3
3961,06-10-2021,Women's Athletic Footwear,Midwest,Foot Locker,Online,Iowa,34,11,3
3962,06-06-2021,Women's Athletic Footwear,Midwest,Foot Locker,Online,Iowa,24,11,4
3963,06-02-2021,Women's Athletic Footwear,Midwest,Foot Locker,Online,Iowa,25,6,2
3964,07-05-2021,Women's Athletic Footwear,Midwest,Foot Locker,Online,Iowa,33,11,3
3965,06-04-2021,Women's Athletic Footwear,Midwest,Foot Locker,Online,Iowa,15,4,3
3966,07-09-2021,Women's Athletic Footwear,Midwest,Foot Locker,Online,Iowa,23,9,4
3967,12-01-2021,Women's Athletic Footwear,Midwest,Foot Locker,Online,Kansas,35,438,13
3968,12-01-2021,Women's Athletic Footwear,Midwest,Foot Locker,Online,Kansas,34,12,4
3969,15-12-2021,Women's Athletic Footwear,Midwest,Foot Locker,Online,Michigan,48,66,14
3970,18-01-2021,Women's Athletic Footwear,Midwest,Foot Locker,Online,Michigan,24,18,8
3971,07-12-2020,Women's Athletic Footwear,Midwest,Foot Locker,Online,Minnesota,24,7,3
3972,13-12-2020,Women's Athletic Footwear,Midwest,Foot Locker,Online,Minnesota,32,7,2
3973,26-10-2020,Women's Athletic Footwear,Midwest,Foot Locker,Online,Minnesota,27,5,2
3974,19-11-2020,Women's Athletic Footwear,Midwest,Foot Locker,Online,Minnesota,32,14,5
3975,25-11-2020,Women's Athletic Footwear,Midwest,Foot Locker,Online,Minnesota,38,19,5
3976,01-12-2020,Women's Athletic Footwear,Midwest,Foot Locker,Online,Minnesota,33,16,5
3977,13-11-2020,Women's Athletic Footwear,Midwest,Foot Locker,Online,Minnesota,36,5,1
3978,19-12-2020,Women's Athletic Footwear,Midwest,Foot Locker,Online,Minnesota,38,17,5
3979,25-12-2020,Women's Athletic Footwear,Midwest,Foot Locker,Online,Minnesota,44,22,5
3980,01-11-2020,Women's Athletic Footwear,Midwest,Foot Locker,Online,Minnesota,32,2,1
3981,07-11-2020,Women's Athletic Footwear,Midwest,Foot Locker,Online,Minnesota,32,2,1
3982,18-10-2021,Women's Athletic Footwear,Midwest,Foot Locker,Online,Missouri,23,14,6
3983,18-06-2021,Women's Athletic Footwear,Midwest,Foot Locker,Online,Missouri,23,21,9
3984,17-03-2021,Women's Athletic Footwear,Midwest,Foot Locker,Online,Missouri,28,15,5
3985,18-04-2021,Women's Athletic Footwear,Midwest,Foot Locker,Online,Missouri,23,12,5
3986,18-11-2021,Women's Athletic Footwear,Midwest,Foot Locker,Online,Missouri,23,20,9
3987,18-02-2021,Women's Athletic Footwear,Midwest,Foot Locker,Online,Missouri,24,17,7
3988,19-09-2021,Women's Athletic Footwear,Midwest,Foot Locker,Online,Missouri,14,12,8
3989,17-07-2021,Women's Athletic Footwear,Midwest,Foot Locker,Online,Missouri,29,29,10
3990,18-08-2021,Women's Athletic Footwear,Midwest,Foot Locker,Online,Missouri,24,22,9
3991,19-05-2021,Women's Athletic Footwear,Midwest,Foot Locker,Online,Missouri,29,19,7
3992,30-05-2021,Women's Athletic Footwear,Midwest,Foot Locker,Online,Nebraska,29,4,1
3993,05-07-2021,Women's Athletic Footwear,Midwest,Foot Locker,Online,Nebraska,29,11,4
3994,11-07-2021,Women's Athletic Footwear,Midwest,Foot Locker,Online,Nebraska,19,4,2
3995,29-06-2021,Women's Athletic Footwear,Midwest,Foot Locker,Online,Nebraska,33,15,5
3996,11-06-2021,Women's Athletic Footwear,Midwest,Foot Locker,Online,Nebraska,27,0,0
3997,17-07-2021,Women's Athletic Footwear,Midwest,Foot Locker,Online,Nebraska,29,2,1
3998,17-06-2021,Women's Athletic Footwear,Midwest,Foot Locker,Online,Nebraska,34,2,1
3999,23-06-2021,Women's Athletic Footwear,Midwest,Foot Locker,Online,Nebraska,27,11,4
4000,23-07-2021,Women's Athletic Footwear,Midwest,Foot Locker,Online,Nebraska,27,10,4
4001,05-06-2021,Women's Athletic Footwear,Midwest,Foot Locker,Online,Nebraska,33,0,0
4002,29-07-2021,Women's Athletic Footwear,Midwest,Foot Locker,Online,Nebraska,38,14,4
4003,08-12-2021,Women's Athletic Footwear,Midwest,Foot Locker,Online,North Dakota,47,25,5
4004,09-11-2021,Women's Athletic Footwear,Midwest,Foot Locker,Online,North Dakota,39,18,5
4005,06-01-2021,Women's Athletic Footwear,Midwest,Foot Locker,Online,North Dakota,24,6,3
4006,11-03-2021,Women's Athletic Footwear,Midwest,Foot Locker,Online,South Dakota,35,263,8
4007,12-04-2021,Women's Athletic Footwear,Midwest,Foot Locker,Online,South Dakota,35,263,8
4008,12-02-2021,Women's Athletic Footwear,Midwest,Foot Locker,Online,South Dakota,35,350,10
4009,13-09-2021,Women's Athletic Footwear,Midwest,Foot Locker,Online,South Dakota,35,525,15
4010,12-06-2021,Women's Athletic Footwear,Midwest,Foot Locker,Online,South Dakota,35,613,18
4011,11-07-2021,Women's Athletic Footwear,Midwest,Foot Locker,Online,South Dakota,40,700,18
4012,12-08-2021,Women's Athletic Footwear,Midwest,Foot Locker,Online,South Dakota,40,800,20
4013,13-05-2021,Women's Athletic Footwear,Midwest,Foot Locker,Online,South Dakota,45,450,10
4014,12-10-2021,Women's Athletic Footwear,Midwest,Foot Locker,Online,South Dakota,45,563,13
4015,13-09-2021,Women's Athletic Footwear,Midwest,Foot Locker,Online,South Dakota,34,13,4
4016,12-04-2021,Women's Athletic Footwear,Midwest,Foot Locker,Online,South Dakota,34,7,2
4017,11-07-2021,Women's Athletic Footwear,Midwest,Foot Locker,Online,South Dakota,38,17,4
4018,12-08-2021,Women's Athletic Footwear,Midwest,Foot Locker,Online,South Dakota,38,22,6
4019,11-03-2021,Women's Athletic Footwear,Midwest,Foot Locker,Online,South Dakota,33,8,2
4020,12-02-2021,Women's Athletic Footwear,Midwest,Foot Locker,Online,South Dakota,33,8,3
4021,12-06-2021,Women's Athletic Footwear,Midwest,Foot Locker,Online,South Dakota,32,16,5
4022,13-05-2021,Women's Athletic Footwear,Midwest,Foot Locker,Online,South Dakota,43,11,3
4023,12-10-2021,Women's Athletic Footwear,Midwest,Foot Locker,Online,South Dakota,43,15,4
4024,08-07-2021,Women's Street Footwear,Midwest,Foot Locker,Online,Illinois,36,23,7
4025,14-06-2021,Women's Street Footwear,Midwest,Foot Locker,Online,Illinois,37,25,7
4026,02-07-2021,Women's Street Footwear,Midwest,Foot Locker,Online,Illinois,39,21,5
4027,26-07-2021,Women's Street Footwear,Midwest,Foot Locker,Online,Illinois,48,19,4
4028,08-06-2021,Women's Street Footwear,Midwest,Foot Locker,Online,Illinois,32,20,6
4029,26-06-2021,Women's Street Footwear,Midwest,Foot Locker,Online,Illinois,49,22,4
4030,20-07-2021,Women's Street Footwear,Midwest,Foot Locker,Online,Illinois,36,22,6
4031,01-08-2021,Women's Street Footwear,Midwest,Foot Locker,Online,Illinois,48,24,5
4032,20-06-2021,Women's Street Footwear,Midwest,Foot Locker,Online,Illinois,36,15,4
4033,14-07-2021,Women's Street Footwear,Midwest,Foot Locker,Online,Illinois,38,29,8
4034,07-08-2021,Women's Street Footwear,Midwest,Foot Locker,Online,Illinois,46,35,8
4035,05-03-2021,Women's Street Footwear,Midwest,Foot Locker,Online,Iowa,9,6,7
4036,07-09-2021,Women's Street Footwear,Midwest,Foot Locker,Online,Iowa,24,12,5
4037,07-05-2021,Women's Street Footwear,Midwest,Foot Locker,Online,Iowa,33,18,5
4038,06-10-2021,Women's Street Footwear,Midwest,Foot Locker,Online,Iowa,34,13,4
4039,06-08-2021,Women's Street Footwear,Midwest,Foot Locker,Online,Iowa,39,24,6
4040,06-04-2021,Women's Street Footwear,Midwest,Foot Locker,Online,Iowa,10,5,5
4041,05-07-2021,Women's Street Footwear,Midwest,Foot Locker,Online,Iowa,36,24,7
4042,06-06-2021,Women's Street Footwear,Midwest,Foot Locker,Online,Iowa,23,12,5
4043,12-02-2021,Women's Street Footwear,Midwest,Foot Locker,Online,Kansas,30,675,23
4044,12-01-2021,Women's Street Footwear,Midwest,Foot Locker,Online,Kansas,30,825,28
4045,12-02-2021,Women's Street Footwear,Midwest,Foot Locker,Online,Kansas,29,17,6
4046,12-01-2021,Women's Street Footwear,Midwest,Foot Locker,Online,Kansas,27,22,8
4047,18-02-2021,Women's Street Footwear,Midwest,Foot Locker,Online,Michigan,19,21,11
4048,18-01-2021,Women's Street Footwear,Midwest,Foot Locker,Online,Michigan,19,23,12
4049,15-12-2021,Women's Street Footwear,Midwest,Foot Locker,Online,Michigan,48,81,17
4050,06-12-2020,Women's Street Footwear,Midwest,Foot Locker,Online,Minnesota,24,10,4
4051,18-12-2020,Women's Street Footwear,Midwest,Foot Locker,Online,Minnesota,36,14,4
4052,30-11-2020,Women's Street Footwear,Midwest,Foot Locker,Online,Minnesota,37,25,7
4053,24-12-2020,Women's Street Footwear,Midwest,Foot Locker,Online,Minnesota,44,25,6
4054,25-10-2020,Women's Street Footwear,Midwest,Foot Locker,Online,Minnesota,25,14,6
4055,12-12-2020,Women's Street Footwear,Midwest,Foot Locker,Online,Minnesota,32,8,3
4056,24-11-2020,Women's Street Footwear,Midwest,Foot Locker,Online,Minnesota,36,23,6
4057,06-11-2020,Women's Street Footwear,Midwest,Foot Locker,Online,Minnesota,29,8,3
4058,12-11-2020,Women's Street Footwear,Midwest,Foot Locker,Online,Minnesota,37,14,4
4059,31-10-2020,Women's Street Footwear,Midwest,Foot Locker,Online,Minnesota,29,15,5
4060,18-11-2020,Women's Street Footwear,Midwest,Foot Locker,Online,Minnesota,33,16,5
4061,17-03-2021,Women's Street Footwear,Midwest,Foot Locker,Online,Missouri,23,22,10
4062,19-05-2021,Women's Street Footwear,Midwest,Foot Locker,Online,Missouri,29,25,9
4063,17-07-2021,Women's Street Footwear,Midwest,Foot Locker,Online,Missouri,29,37,13
4064,18-08-2021,Women's Street Footwear,Midwest,Foot Locker,Online,Missouri,32,38,12
4065,18-10-2021,Women's Street Footwear,Midwest,Foot Locker,Online,Missouri,23,17,7
4066,19-09-2021,Women's Street Footwear,Midwest,Foot Locker,Online,Missouri,14,11,8
4067,18-04-2021,Women's Street Footwear,Midwest,Foot Locker,Online,Missouri,18,15,8
4068,18-11-2021,Women's Street Footwear,Midwest,Foot Locker,Online,Missouri,23,18,8
4069,18-06-2021,Women's Street Footwear,Midwest,Foot Locker,Online,Missouri,23,26,11
4070,10-06-2021,Women's Street Footwear,Midwest,Foot Locker,Online,Nebraska,23,5,2
4071,22-06-2021,Women's Street Footwear,Midwest,Foot Locker,Online,Nebraska,27,12,5
4072,28-06-2021,Women's Street Footwear,Midwest,Foot Locker,Online,Nebraska,34,21,6
4073,22-07-2021,Women's Street Footwear,Midwest,Foot Locker,Online,Nebraska,29,7,3
4074,10-07-2021,Women's Street Footwear,Midwest,Foot Locker,Online,Nebraska,18,5,3
4075,16-06-2021,Women's Street Footwear,Midwest,Foot Locker,Online,Nebraska,32,10,3
4076,04-07-2021,Women's Street Footwear,Midwest,Foot Locker,Online,Nebraska,36,19,5
4077,28-07-2021,Women's Street Footwear,Midwest,Foot Locker,Online,Nebraska,39,23,6
4078,29-05-2021,Women's Street Footwear,Midwest,Foot Locker,Online,Nebraska,23,11,5
4079,16-07-2021,Women's Street Footwear,Midwest,Foot Locker,Online,Nebraska,29,4,1
4080,04-06-2021,Women's Street Footwear,Midwest,Foot Locker,Online,Nebraska,29,11,4
4081,06-02-2021,Women's Street Footwear,Midwest,Foot Locker,Online,North Dakota,19,11,6
4082,09-11-2021,Women's Street Footwear,Midwest,Foot Locker,Online,North Dakota,39,21,5
4083,06-01-2021,Women's Street Footwear,Midwest,Foot Locker,Online,North Dakota,19,13,7
4084,08-12-2021,Women's Street Footwear,Midwest,Foot Locker,Online,North Dakota,48,35,7
4085,12-04-2021,Women's Street Footwear,Midwest,Foot Locker,Online,South Dakota,30,450,15
4086,11-03-2021,Women's Street Footwear,Midwest,Foot Locker,Online,South Dakota,30,675,23
4087,13-09-2021,Women's Street Footwear,Midwest,Foot Locker,Online,South Dakota,35,613,18
4088,12-06-2021,Women's Street Footwear,Midwest,Foot Locker,Online,South Dakota,35,700,20
4089,11-07-2021,Women's Street Footwear,Midwest,Foot Locker,Online,South Dakota,40,900,23
4090,12-08-2021,Women's Street Footwear,Midwest,Foot Locker,Online,South Dakota,40,900,23
4091,12-10-2021,Women's Street Footwear,Midwest,Foot Locker,Online,South Dakota,45,675,15
4092,13-05-2021,Women's Street Footwear,Midwest,Foot Locker,Online,South Dakota,45,788,18
4093,12-04-2021,Women's Street Footwear,Midwest,Foot Locker,Online,South Dakota,29,13,5
4094,13-09-2021,Women's Street Footwear,Midwest,Foot Locker,Online,South Dakota,32,17,5
4095,12-08-2021,Women's Street Footwear,Midwest,Foot Locker,Online,South Dakota,36,23,7
4096,12-10-2021,Women's Street Footwear,Midwest,Foot Locker,Online,South Dakota,43,18,4
4097,11-03-2021,Women's Street Footwear,Midwest,Foot Locker,Online,South Dakota,27,16,6
4098,11-07-2021,Women's Street Footwear,Midwest,Foot Locker,Online,South Dakota,37,23,6
4099,13-05-2021,Women's Street Footwear,Midwest,Foot Locker,Online,South Dakota,43,20,5
4100,12-06-2021,Women's Street Footwear,Midwest,Foot Locker,Online,South Dakota,32,17,5
4101,15-09-2021,Men's Apparel,Midwest,Sports Direct,Online,Michigan,41,52,13
4102,16-04-2021,Men's Apparel,Midwest,Sports Direct,Online,Michigan,45,54,12
4103,15-07-2021,Men's Apparel,Midwest,Sports Direct,Online,Michigan,54,77,14
4104,15-03-2021,Men's Apparel,Midwest,Sports Direct,Online,Michigan,43,40,9
4105,16-08-2021,Men's Apparel,Midwest,Sports Direct,Online,Michigan,42,57,14
4106,15-05-2021,Men's Apparel,Midwest,Sports Direct,Online,Michigan,52,64,12
4107,17-02-2021,Men's Apparel,Midwest,Sports Direct,Online,Michigan,41,52,13
4108,17-10-2021,Men's Apparel,Midwest,Sports Direct,Online,Michigan,48,54,11
4109,17-06-2021,Men's Apparel,Midwest,Sports Direct,Online,Michigan,57,87,15
4110,16-11-2021,Men's Apparel,Midwest,Sports Direct,Online,Michigan,59,74,13
4111,08-03-2021,Men's Apparel,Midwest,Sports Direct,Online,North Dakota,40,500,13
4112,09-02-2021,Men's Apparel,Midwest,Sports Direct,Online,North Dakota,45,788,18
4113,09-06-2021,Men's Apparel,Midwest,Sports Direct,Online,North Dakota,38,18,5
4114,09-08-2021,Men's Apparel,Midwest,Sports Direct,Online,North Dakota,46,20,4
4115,08-07-2021,Men's Apparel,Midwest,Sports Direct,Online,North Dakota,49,29,6
4116,09-10-2021,Men's Apparel,Midwest,Sports Direct,Online,North Dakota,45,15,3
4117,10-05-2021,Men's Apparel,Midwest,Sports Direct,Online,North Dakota,46,14,3
4118,09-04-2021,Men's Apparel,Midwest,Sports Direct,Online,North Dakota,58,17,3
4119,10-09-2021,Men's Apparel,Midwest,Sports Direct,Online,North Dakota,36,15,4
4120,09-02-2021,Men's Apparel,Midwest,Sports Direct,Online,North Dakota,42,21,5
4121,08-03-2021,Men's Apparel,Midwest,Sports Direct,Online,North Dakota,36,13,4
4122,09-01-2021,Men's Apparel,Midwest,Sports Direct,Online,South Dakota,45,788,18
4123,12-11-2021,Men's Apparel,Midwest,Sports Direct,Online,South Dakota,60,900,15
4124,11-12-2021,Men's Apparel,Midwest,Sports Direct,Online,South Dakota,60,1200,20
4125,11-12-2021,Men's Apparel,Midwest,Sports Direct,Online,South Dakota,56,28,5
4126,12-11-2021,Men's Apparel,Midwest,Sports Direct,Online,South Dakota,59,27,5
4127,09-01-2021,Men's Apparel,Midwest,Sports Direct,Online,South Dakota,43,21,5
4128,16-08-2021,Men's Athletic Footwear,Midwest,Sports Direct,Online,Michigan,50,98,20
4129,17-10-2021,Men's Athletic Footwear,Midwest,Sports Direct,Online,Michigan,37,62,17
4130,15-09-2021,Men's Athletic Footwear,Midwest,Sports Direct,Online,Michigan,37,64,17
4131,15-07-2021,Men's Athletic Footwear,Midwest,Sports Direct,Online,Michigan,53,100,19
4132,16-04-2021,Men's Athletic Footwear,Midwest,Sports Direct,Online,Michigan,38,42,11
4133,15-12-2021,Men's Athletic Footwear,Midwest,Sports Direct,Online,Michigan,46,81,18
4134,15-03-2021,Men's Athletic Footwear,Midwest,Sports Direct,Online,Michigan,32,40,13
4135,17-06-2021,Men's Athletic Footwear,Midwest,Sports Direct,Online,Michigan,46,77,17
4136,16-11-2021,Men's Athletic Footwear,Midwest,Sports Direct,Online,Michigan,42,61,15
4137,15-05-2021,Men's Athletic Footwear,Midwest,Sports Direct,Online,Michigan,47,71,15
4138,09-04-2021,Men's Athletic Footwear,Midwest,Sports Direct,Online,North Dakota,30,450,15
4139,08-03-2021,Men's Athletic Footwear,Midwest,Sports Direct,Online,North Dakota,30,600,20
4140,09-08-2021,Men's Athletic Footwear,Midwest,Sports Direct,Online,North Dakota,42,38,9
4141,09-10-2021,Men's Athletic Footwear,Midwest,Sports Direct,Online,North Dakota,36,26,7
4142,08-03-2021,Men's Athletic Footwear,Midwest,Sports Direct,Online,North Dakota,27,16,6
4143,09-04-2021,Men's Athletic Footwear,Midwest,Sports Direct,Online,North Dakota,28,12,4
4144,09-06-2021,Men's Athletic Footwear,Midwest,Sports Direct,Online,North Dakota,32,21,7
4145,10-09-2021,Men's Athletic Footwear,Midwest,Sports Direct,Online,North Dakota,34,24,7
4146,08-07-2021,Men's Athletic Footwear,Midwest,Sports Direct,Online,North Dakota,44,37,8
4147,10-05-2021,Men's Athletic Footwear,Midwest,Sports Direct,Online,North Dakota,41,22,5
4148,09-02-2021,Men's Athletic Footwear,Midwest,Sports Direct,Online,South Dakota,35,613,18
4149,09-01-2021,Men's Athletic Footwear,Midwest,Sports Direct,Online,South Dakota,35,963,28
4150,12-11-2021,Men's Athletic Footwear,Midwest,Sports Direct,Online,South Dakota,45,1125,25
4151,11-12-2021,Men's Athletic Footwear,Midwest,Sports Direct,Online,South Dakota,50,1500,30
4152,12-11-2021,Men's Athletic Footwear,Midwest,Sports Direct,Online,South Dakota,41,26,6
4153,09-02-2021,Men's Athletic Footwear,Midwest,Sports Direct,Online,South Dakota,34,17,5
4154,11-12-2021,Men's Athletic Footwear,Midwest,Sports Direct,Online,South Dakota,45,34,8
4155,09-01-2021,Men's Athletic Footwear,Midwest,Sports Direct,Online,South Dakota,32,24,7
4156,16-04-2021,Men's Street Footwear,Midwest,Sports Direct,Online,Michigan,32,58,18
4157,15-07-2021,Men's Street Footwear,Midwest,Sports Direct,Online,Michigan,57,128,23
4158,15-03-2021,Men's Street Footwear,Midwest,Sports Direct,Online,Michigan,34,73,22
4159,15-05-2021,Men's Street Footwear,Midwest,Sports Direct,Online,Michigan,48,99,21
4160,17-10-2021,Men's Street Footwear,Midwest,Sports Direct,Online,Michigan,49,110,23
4161,15-12-2021,Men's Street Footwear,Midwest,Sports Direct,Online,Michigan,55,140,26
4162,17-06-2021,Men's Street Footwear,Midwest,Sports Direct,Online,Michigan,52,107,21
4163,15-09-2021,Men's Street Footwear,Midwest,Sports Direct,Online,Michigan,42,97,23
4164,16-11-2021,Men's Street Footwear,Midwest,Sports Direct,Online,Michigan,49,96,20
4165,16-08-2021,Men's Street Footwear,Midwest,Sports Direct,Online,Michigan,55,145,26
4166,09-04-2021,Men's Street Footwear,Midwest,Sports Direct,Online,North Dakota,30,1350,45
4167,08-03-2021,Men's Street Footwear,Midwest,Sports Direct,Online,North Dakota,30,1485,50
4168,09-06-2021,Men's Street Footwear,Midwest,Sports Direct,Online,North Dakota,36,45,13
4169,08-03-2021,Men's Street Footwear,Midwest,Sports Direct,Online,North Dakota,29,39,13
4170,09-10-2021,Men's Street Footwear,Midwest,Sports Direct,Online,North Dakota,49,57,12
4171,10-05-2021,Men's Street Footwear,Midwest,Sports Direct,Online,North Dakota,55,71,13
4172,09-04-2021,Men's Street Footwear,Midwest,Sports Direct,Online,North Dakota,28,32,11
4173,09-08-2021,Men's Street Footwear,Midwest,Sports Direct,Online,North Dakota,46,68,15
4174,08-07-2021,Men's Street Footwear,Midwest,Sports Direct,Online,North Dakota,48,77,16
4175,10-09-2021,Men's Street Footwear,Midwest,Sports Direct,Online,North Dakota,36,48,13
4176,09-01-2021,Men's Street Footwear,Midwest,Sports Direct,Online,South Dakota,35,1663,48
4177,09-02-2021,Men's Street Footwear,Midwest,Sports Direct,Online,South Dakota,35,1838,53
4178,12-11-2021,Men's Street Footwear,Midwest,Sports Direct,Online,South Dakota,55,2200,40
4179,11-12-2021,Men's Street Footwear,Midwest,Sports Direct,Online,South Dakota,60,3000,50
4180,09-01-2021,Men's Street Footwear,Midwest,Sports Direct,Online,South Dakota,33,42,13
4181,09-02-2021,Men's Street Footwear,Midwest,Sports Direct,Online,South Dakota,34,52,15
4182,11-12-2021,Men's Street Footwear,Midwest,Sports Direct,Online,South Dakota,58,81,14
4183,12-11-2021,Men's Street Footwear,Midwest,Sports Direct,Online,South Dakota,53,55,10
4184,15-09-2021,Women's Apparel,Midwest,Sports Direct,Online,Michigan,48,83,17
4185,17-06-2021,Women's Apparel,Midwest,Sports Direct,Online,Michigan,60,101,17
4186,17-02-2021,Women's Apparel,Midwest,Sports Direct,Online,Michigan,33,46,14
4187,16-08-2021,Women's Apparel,Midwest,Sports Direct,Online,Michigan,45,79,18
4188,15-03-2021,Women's Apparel,Midwest,Sports Direct,Online,Michigan,33,47,14
4189,16-04-2021,Women's Apparel,Midwest,Sports Direct,Online,Michigan,37,56,15
4190,16-11-2021,Women's Apparel,Midwest,Sports Direct,Online,Michigan,59,100,17
4191,15-07-2021,Women's Apparel,Midwest,Sports Direct,Online,Michigan,62,130,21
4192,17-10-2021,Women's Apparel,Midwest,Sports Direct,Online,Michigan,52,71,14
4193,15-05-2021,Women's Apparel,Midwest,Sports Direct,Online,Michigan,55,83,15
4194,09-02-2021,Women's Apparel,Midwest,Sports Direct,Online,North Dakota,25,688,28
4195,08-03-2021,Women's Apparel,Midwest,Sports Direct,Online,North Dakota,30,675,23
4196,09-02-2021,Women's Apparel,Midwest,Sports Direct,Online,North Dakota,23,16,7
4197,10-05-2021,Women's Apparel,Midwest,Sports Direct,Online,North Dakota,52,39,8
4198,08-03-2021,Women's Apparel,Midwest,Sports Direct,Online,North Dakota,28,18,6
4199,09-04-2021,Women's Apparel,Midwest,Sports Direct,Online,North Dakota,49,33,7
4200,09-08-2021,Women's Apparel,Midwest,Sports Direct,Online,North Dakota,54,51,10
4201,09-06-2021,Women's Apparel,Midwest,Sports Direct,Online,North Dakota,51,46,9
4202,08-07-2021,Women's Apparel,Midwest,Sports Direct,Online,North Dakota,54,53,10
4203,10-09-2021,Women's Apparel,Midwest,Sports Direct,Online,North Dakota,44,28,6
4204,09-01-2021,Women's Apparel,Midwest,Sports Direct,Online,South Dakota,35,963,28
4205,12-10-2021,Women's Apparel,Midwest,Sports Direct,Online,South Dakota,60,1500,25
4206,12-11-2021,Women's Apparel,Midwest,Sports Direct,Online,South Dakota,65,1625,25
4207,11-12-2021,Women's Apparel,Midwest,Sports Direct,Online,South Dakota,65,1950,30
4208,12-11-2021,Women's Apparel,Midwest,Sports Direct,Online,South Dakota,61,40,7
4209,09-01-2021,Women's Apparel,Midwest,Sports Direct,Online,South Dakota,33,24,7
4210,11-12-2021,Women's Apparel,Midwest,Sports Direct,Online,South Dakota,64,48,8
4211,12-10-2021,Women's Apparel,Midwest,Sports Direct,Online,South Dakota,55,39,7
4212,15-09-2021,Women's Athletic Footwear,Midwest,Sports Direct,Online,Michigan,34,40,12
4213,16-08-2021,Women's Athletic Footwear,Midwest,Sports Direct,Online,Michigan,34,48,14
4214,15-07-2021,Women's Athletic Footwear,Midwest,Sports Direct,Online,Michigan,47,74,16
4215,16-04-2021,Women's Athletic Footwear,Midwest,Sports Direct,Online,Michigan,32,35,11
4216,15-03-2021,Women's Athletic Footwear,Midwest,Sports Direct,Online,Michigan,29,26,9
4217,17-06-2021,Women's Athletic Footwear,Midwest,Sports Direct,Online,Michigan,43,68,16
4218,17-02-2021,Women's Athletic Footwear,Midwest,Sports Direct,Online,Michigan,28,31,11
4219,16-11-2021,Women's Athletic Footwear,Midwest,Sports Direct,Online,Michigan,41,57,14
4220,17-10-2021,Women's Athletic Footwear,Midwest,Sports Direct,Online,Michigan,38,44,12
4221,15-05-2021,Women's Athletic Footwear,Midwest,Sports Direct,Online,Michigan,42,53,13
4222,08-03-2021,Women's Athletic Footwear,Midwest,Sports Direct,Online,North Dakota,25,188,8
4223,09-04-2021,Women's Athletic Footwear,Midwest,Sports Direct,Online,North Dakota,25,188,8
4224,09-02-2021,Women's Athletic Footwear,Midwest,Sports Direct,Online,North Dakota,30,300,10
4225,09-10-2021,Women's Athletic Footwear,Midwest,Sports Direct,Online,North Dakota,38,13,3
4226,10-09-2021,Women's Athletic Footwear,Midwest,Sports Direct,Online,North Dakota,28,12,4
4227,09-08-2021,Women's Athletic Footwear,Midwest,Sports Direct,Online,North Dakota,38,20,5
4228,08-03-2021,Women's Athletic Footwear,Midwest,Sports Direct,Online,North Dakota,25,6,2
4229,09-06-2021,Women's Athletic Footwear,Midwest,Sports Direct,Online,North Dakota,29,15,5
4230,09-04-2021,Women's Athletic Footwear,Midwest,Sports Direct,Online,North Dakota,24,5,2
4231,08-07-2021,Women's Athletic Footwear,Midwest,Sports Direct,Online,North Dakota,38,20,5
4232,10-05-2021,Women's Athletic Footwear,Midwest,Sports Direct,Online,North Dakota,36,9,3
4233,09-02-2021,Women's Athletic Footwear,Midwest,Sports Direct,Online,North Dakota,29,9,3
4234,09-01-2021,Women's Athletic Footwear,Midwest,Sports Direct,Online,South Dakota,30,375,13
4235,12-11-2021,Women's Athletic Footwear,Midwest,Sports Direct,Online,South Dakota,45,788,18
4236,11-12-2021,Women's Athletic Footwear,Midwest,Sports Direct,Online,South Dakota,50,1000,20
4237,12-11-2021,Women's Athletic Footwear,Midwest,Sports Direct,Online,South Dakota,43,19,4
4238,09-01-2021,Women's Athletic Footwear,Midwest,Sports Direct,Online,South Dakota,28,9,3
4239,11-12-2021,Women's Athletic Footwear,Midwest,Sports Direct,Online,South Dakota,45,23,5
4240,15-03-2021,Women's Street Footwear,Midwest,Sports Direct,Online,Michigan,25,31,12
4241,15-05-2021,Women's Street Footwear,Midwest,Sports Direct,Online,Michigan,44,59,13
4242,16-04-2021,Women's Street Footwear,Midwest,Sports Direct,Online,Michigan,27,36,14
4243,15-09-2021,Women's Street Footwear,Midwest,Sports Direct,Online,Michigan,34,49,15
4244,16-08-2021,Women's Street Footwear,Midwest,Sports Direct,Online,Michigan,42,60,14
4245,17-06-2021,Women's Street Footwear,Midwest,Sports Direct,Online,Michigan,41,57,14
4246,17-10-2021,Women's Street Footwear,Midwest,Sports Direct,Online,Michigan,37,46,12
4247,16-11-2021,Women's Street Footwear,Midwest,Sports Direct,Online,Michigan,43,52,12
4248,15-07-2021,Women's Street Footwear,Midwest,Sports Direct,Online,Michigan,46,80,17
4249,09-04-2021,Women's Street Footwear,Midwest,Sports Direct,Online,North Dakota,20,300,15
4250,08-03-2021,Women's Street Footwear,Midwest,Sports Direct,Online,North Dakota,20,450,23
4251,09-06-2021,Women's Street Footwear,Midwest,Sports Direct,Online,North Dakota,27,16,6
4252,08-07-2021,Women's Street Footwear,Midwest,Sports Direct,Online,North Dakota,37,22,6
4253,09-08-2021,Women's Street Footwear,Midwest,Sports Direct,Online,North Dakota,37,23,6
4254,09-04-2021,Women's Street Footwear,Midwest,Sports Direct,Online,North Dakota,19,8,4
4255,08-03-2021,Women's Street Footwear,Midwest,Sports Direct,Online,North Dakota,19,11,6
4256,10-05-2021,Women's Street Footwear,Midwest,Sports Direct,Online,North Dakota,37,19,5
4257,10-09-2021,Women's Street Footwear,Midwest,Sports Direct,Online,North Dakota,27,14,5
4258,09-10-2021,Women's Street Footwear,Midwest,Sports Direct,Online,North Dakota,39,15,4
4259,09-02-2021,Women's Street Footwear,Midwest,Sports Direct,Online,South Dakota,25,563,23
4260,09-01-2021,Women's Street Footwear,Midwest,Sports Direct,Online,South Dakota,25,688,28
4261,12-11-2021,Women's Street Footwear,Midwest,Sports Direct,Online,South Dakota,45,878,20
4262,11-12-2021,Women's Street Footwear,Midwest,Sports Direct,Online,South Dakota,50,1250,25
4263,09-01-2021,Women's Street Footwear,Midwest,Sports Direct,Online,South Dakota,25,19,7
4264,09-02-2021,Women's Street Footwear,Midwest,Sports Direct,Online,South Dakota,24,16,7
4265,11-12-2021,Women's Street Footwear,Midwest,Sports Direct,Online,South Dakota,45,33,7
4266,12-11-2021,Women's Street Footwear,Midwest,Sports Direct,Online,South Dakota,43,25,6
4267,11-09-2021,Men's Apparel,Midwest,West Gear,Online,Indiana,33,14,4
4268,10-11-2021,Men's Apparel,Midwest,West Gear,Online,Indiana,55,41,8
4269,09-07-2021,Men's Apparel,Midwest,West Gear,Online,Indiana,51,26,5
4270,09-03-2021,Men's Apparel,Midwest,West Gear,Online,Indiana,32,14,4
4271,09-12-2021,Men's Apparel,Midwest,West Gear,Online,Indiana,54,45,8
4272,10-10-2021,Men's Apparel,Midwest,West Gear,Online,Indiana,41,16,4
4273,10-02-2021,Men's Apparel,Midwest,West Gear,Online,Indiana,41,24,6
4274,10-04-2021,Men's Apparel,Midwest,West Gear,Online,Indiana,61,27,5
4275,10-06-2021,Men's Apparel,Midwest,West Gear,Online,Indiana,36,19,5
4276,11-05-2021,Men's Apparel,Midwest,West Gear,Online,Indiana,44,26,6
4277,10-08-2021,Men's Apparel,Midwest,West Gear,Online,Indiana,47,25,5
4278,17-01-2021,Men's Apparel,Midwest,West Gear,Online,Indiana,41,22,5
4279,06-11-2021,Men's Apparel,Midwest,West Gear,Online,Iowa,55,27,5
4280,05-12-2021,Men's Apparel,Midwest,West Gear,Online,Iowa,59,35,6
4281,03-01-2021,Men's Apparel,Midwest,West Gear,Online,Iowa,38,17,5
4282,11-01-2021,Men's Apparel,Midwest,West Gear,Online,Missouri,33,32,10
4283,17-12-2021,Men's Apparel,Midwest,West Gear,Online,Missouri,42,37,9
4284,09-12-2021,Men's Apparel,Midwest,West Gear,Online,Ohio,75,3938,53
4285,09-12-2021,Men's Apparel,Midwest,West Gear,Online,Ohio,68,97,14
4286,10-01-2021,Men's Apparel,Midwest,West Gear,Online,Wisconsin,41,24,6
4287,03-06-2021,Men's Apparel,Midwest,West Gear,Online,Wisconsin,34,16,5
4288,02-12-2021,Men's Apparel,Midwest,West Gear,Online,Wisconsin,57,42,7
4289,02-03-2021,Men's Apparel,Midwest,West Gear,Online,Wisconsin,29,10,3
4290,03-02-2021,Men's Apparel,Midwest,West Gear,Online,Wisconsin,38,14,4
4291,04-05-2021,Men's Apparel,Midwest,West Gear,Online,Wisconsin,44,23,5
4292,02-07-2021,Men's Apparel,Midwest,West Gear,Online,Wisconsin,48,24,5
4293,03-04-2021,Men's Apparel,Midwest,West Gear,Online,Wisconsin,55,14,3
4294,03-11-2021,Men's Apparel,Midwest,West Gear,Online,Wisconsin,58,32,6
4295,03-10-2021,Men's Apparel,Midwest,West Gear,Online,Wisconsin,44,15,3
4296,04-09-2021,Men's Apparel,Midwest,West Gear,Online,Wisconsin,33,11,3
4297,03-08-2021,Men's Apparel,Midwest,West Gear,Online,Wisconsin,48,22,5
4298,11-09-2021,Men's Athletic Footwear,Midwest,West Gear,Online,Indiana,29,21,7
4299,09-07-2021,Men's Athletic Footwear,Midwest,West Gear,Online,Indiana,49,41,8
4300,10-04-2021,Men's Athletic Footwear,Midwest,West Gear,Online,Indiana,23,12,5
4301,10-06-2021,Men's Athletic Footwear,Midwest,West Gear,Online,Indiana,32,30,9
4302,10-08-2021,Men's Athletic Footwear,Midwest,West Gear,Online,Indiana,41,36,9
4303,09-03-2021,Men's Athletic Footwear,Midwest,West Gear,Online,Indiana,23,14,6
4304,10-10-2021,Men's Athletic Footwear,Midwest,West Gear,Online,Indiana,32,21,7
4305,17-01-2021,Men's Athletic Footwear,Midwest,West Gear,Online,Indiana,32,24,8
4306,10-11-2021,Men's Athletic Footwear,Midwest,West Gear,Online,Indiana,33,32,10
4307,11-05-2021,Men's Athletic Footwear,Midwest,West Gear,Online,Indiana,37,27,7
4308,17-02-2021,Men's Athletic Footwear,Midwest,West Gear,Online,Indiana,38,19,5
4309,09-12-2021,Men's Athletic Footwear,Midwest,West Gear,Online,Indiana,49,53,11
4310,03-01-2021,Men's Athletic Footwear,Midwest,West Gear,Online,Iowa,29,20,7
4311,05-12-2021,Men's Athletic Footwear,Midwest,West Gear,Online,Iowa,47,43,9
4312,03-02-2021,Men's Athletic Footwear,Midwest,West Gear,Online,Iowa,29,11,4
4313,06-11-2021,Men's Athletic Footwear,Midwest,West Gear,Online,Iowa,32,23,7
4314,11-01-2021,Men's Athletic Footwear,Midwest,West Gear,Online,Missouri,23,31,13
4315,11-02-2021,Men's Athletic Footwear,Midwest,West Gear,Online,Missouri,24,24,10
4316,04-09-2021,Men's Athletic Footwear,Midwest,West Gear,Online,Wisconsin,29,19,7
4317,03-04-2021,Men's Athletic Footwear,Midwest,West Gear,Online,Wisconsin,20,8,4
4318,03-11-2021,Men's Athletic Footwear,Midwest,West Gear,Online,Wisconsin,32,25,8
4319,03-08-2021,Men's Athletic Footwear,Midwest,West Gear,Online,Wisconsin,43,36,8
4320,02-12-2021,Men's Athletic Footwear,Midwest,West Gear,Online,Wisconsin,49,50,10
4321,03-10-2021,Men's Athletic Footwear,Midwest,West Gear,Online,Wisconsin,33,22,7
4322,03-06-2021,Men's Athletic Footwear,Midwest,West Gear,Online,Wisconsin,27,24,9
4323,04-05-2021,Men's Athletic Footwear,Midwest,West Gear,Online,Wisconsin,39,20,5
4324,02-07-2021,Men's Athletic Footwear,Midwest,West Gear,Online,Wisconsin,42,37,9
4325,02-03-2021,Men's Athletic Footwear,Midwest,West Gear,Online,Wisconsin,19,8,4
4326,10-01-2021,Men's Athletic Footwear,Midwest,West Gear,Online,Wisconsin,32,25,8
4327,10-02-2021,Men's Athletic Footwear,Midwest,West Gear,Online,Wisconsin,34,18,5
4328,11-05-2021,Men's Street Footwear,Midwest,West Gear,Online,Indiana,54,89,16
4329,09-03-2021,Men's Street Footwear,Midwest,West Gear,Online,Indiana,23,35,15
4330,10-11-2021,Men's Street Footwear,Midwest,West Gear,Online,Indiana,41,50,12
4331,09-12-2021,Men's Street Footwear,Midwest,West Gear,Online,Indiana,58,87,15
4332,17-01-2021,Men's Street Footwear,Midwest,West Gear,Online,Indiana,32,40,13
4333,10-10-2021,Men's Street Footwear,Midwest,West Gear,Online,Indiana,41,48,12
4334,09-07-2021,Men's Street Footwear,Midwest,West Gear,Online,Indiana,51,76,15
4335,11-09-2021,Men's Street Footwear,Midwest,West Gear,Online,Indiana,33,44,13
4336,17-02-2021,Men's Street Footwear,Midwest,West Gear,Online,Indiana,33,49,15
4337,10-04-2021,Men's Street Footwear,Midwest,West Gear,Online,Indiana,23,29,13
4338,10-06-2021,Men's Street Footwear,Midwest,West Gear,Online,Indiana,36,56,16
4339,10-08-2021,Men's Street Footwear,Midwest,West Gear,Online,Indiana,47,71,15
4340,03-02-2021,Men's Street Footwear,Midwest,West Gear,Online,Iowa,29,41,14
4341,05-12-2021,Men's Street Footwear,Midwest,West Gear,Online,Iowa,54,79,15
4342,06-11-2021,Men's Street Footwear,Midwest,West Gear,Online,Iowa,41,46,11
4343,03-01-2021,Men's Street Footwear,Midwest,West Gear,Online,Iowa,28,35,13
4344,11-02-2021,Men's Street Footwear,Midwest,West Gear,Online,Missouri,25,55,22
4345,11-01-2021,Men's Street Footwear,Midwest,West Gear,Online,Missouri,23,45,20
4346,03-04-2021,Men's Street Footwear,Midwest,West Gear,Online,Wisconsin,18,22,12
4347,02-03-2021,Men's Street Footwear,Midwest,West Gear,Online,Wisconsin,19,27,14
4348,04-09-2021,Men's Street Footwear,Midwest,West Gear,Online,Wisconsin,33,47,14
4349,04-05-2021,Men's Street Footwear,Midwest,West Gear,Online,Wisconsin,58,78,13
4350,02-12-2021,Men's Street Footwear,Midwest,West Gear,Online,Wisconsin,58,80,14
4351,03-10-2021,Men's Street Footwear,Midwest,West Gear,Online,Wisconsin,43,49,11
4352,02-07-2021,Men's Street Footwear,Midwest,West Gear,Online,Wisconsin,45,67,15
4353,03-08-2021,Men's Street Footwear,Midwest,West Gear,Online,Wisconsin,46,73,16
4354,03-11-2021,Men's Street Footwear,Midwest,West Gear,Online,Wisconsin,41,43,10
4355,03-06-2021,Men's Street Footwear,Midwest,West Gear,Online,Wisconsin,32,51,16
4356,10-01-2021,Men's Street Footwear,Midwest,West Gear,Online,Wisconsin,32,45,14
4357,10-02-2021,Men's Street Footwear,Midwest,West Gear,Online,Wisconsin,34,54,16
4358,17-01-2021,Women's Apparel,Midwest,West Gear,Online,Indiana,34,26,8
4359,09-12-2021,Women's Apparel,Midwest,West Gear,Online,Indiana,62,74,12
4360,10-02-2021,Women's Apparel,Midwest,West Gear,Online,Indiana,19,14,8
4361,09-07-2021,Women's Apparel,Midwest,West Gear,Online,Indiana,54,55,10
4362,10-06-2021,Women's Apparel,Midwest,West Gear,Online,Indiana,56,51,9
4363,09-03-2021,Women's Apparel,Midwest,West Gear,Online,Indiana,24,18,7
4364,11-09-2021,Women's Apparel,Midwest,West Gear,Online,Indiana,36,24,7
4365,11-05-2021,Women's Apparel,Midwest,West Gear,Online,Indiana,53,48,9
4366,10-10-2021,Women's Apparel,Midwest,West Gear,Online,Indiana,48,40,8
4367,10-08-2021,Women's Apparel,Midwest,West Gear,Online,Indiana,54,49,9
4368,10-11-2021,Women's Apparel,Midwest,West Gear,Online,Indiana,61,56,9
4369,10-04-2021,Women's Apparel,Midwest,West Gear,Online,Indiana,47,34,7
4370,06-11-2021,Women's Apparel,Midwest,West Gear,Online,Iowa,59,42,7
4371,06-10-2021,Women's Apparel,Midwest,West Gear,Online,Iowa,49,36,7
4372,03-01-2021,Women's Apparel,Midwest,West Gear,Online,Iowa,28,20,7
4373,05-12-2021,Women's Apparel,Midwest,West Gear,Online,Iowa,59,52,9
4374,17-12-2021,Women's Apparel,Midwest,West Gear,Online,Missouri,47,59,13
4375,11-01-2021,Women's Apparel,Midwest,West Gear,Online,Missouri,24,33,14
4376,09-12-2021,Women's Apparel,Midwest,West Gear,Online,Ohio,80,5000,63
4377,09-12-2021,Women's Apparel,Midwest,West Gear,Online,Ohio,74,115,16
4378,10-01-2021,Women's Apparel,Midwest,West Gear,Online,Wisconsin,32,27,8
4379,04-09-2021,Women's Apparel,Midwest,West Gear,Online,Wisconsin,38,20,5
4380,03-02-2021,Women's Apparel,Midwest,West Gear,Online,Wisconsin,14,9,7
4381,03-10-2021,Women's Apparel,Midwest,West Gear,Online,Wisconsin,46,30,7
4382,04-05-2021,Women's Apparel,Midwest,West Gear,Online,Wisconsin,47,42,9
4383,03-08-2021,Women's Apparel,Midwest,West Gear,Online,Wisconsin,52,53,10
4384,03-11-2021,Women's Apparel,Midwest,West Gear,Online,Wisconsin,61,46,8
4385,02-12-2021,Women's Apparel,Midwest,West Gear,Online,Wisconsin,59,52,9
4386,02-03-2021,Women's Apparel,Midwest,West Gear,Online,Wisconsin,18,11,6
4387,02-07-2021,Women's Apparel,Midwest,West Gear,Online,Wisconsin,52,49,9
4388,03-04-2021,Women's Apparel,Midwest,West Gear,Online,Wisconsin,49,30,6
4389,03-06-2021,Women's Apparel,Midwest,West Gear,Online,Wisconsin,51,50,10
4390,09-03-2021,Women's Athletic Footwear,Midwest,West Gear,Online,Indiana,19,6,3
4391,10-10-2021,Women's Athletic Footwear,Midwest,West Gear,Online,Indiana,33,15,4
4392,11-09-2021,Women's Athletic Footwear,Midwest,West Gear,Online,Indiana,24,10,4
4393,10-02-2021,Women's Athletic Footwear,Midwest,West Gear,Online,Indiana,29,10,4
4394,10-06-2021,Women's Athletic Footwear,Midwest,West Gear,Online,Indiana,29,13,5
4395,10-08-2021,Women's Athletic Footwear,Midwest,West Gear,Online,Indiana,38,23,6
4396,09-07-2021,Women's Athletic Footwear,Midwest,West Gear,Online,Indiana,42,21,5
4397,10-04-2021,Women's Athletic Footwear,Midwest,West Gear,Online,Indiana,19,7,4
4398,11-05-2021,Women's Athletic Footwear,Midwest,West Gear,Online,Indiana,34,17,5
4399,10-11-2021,Women's Athletic Footwear,Midwest,West Gear,Online,Indiana,34,28,8
4400,09-12-2021,Women's Athletic Footwear,Midwest,West Gear,Online,Indiana,45,39,9
4401,17-01-2021,Women's Athletic Footwear,Midwest,West Gear,Online,Indiana,29,13,5
4402,06-11-2021,Women's Athletic Footwear,Midwest,West Gear,Online,Iowa,34,18,5
4403,05-12-2021,Women's Athletic Footwear,Midwest,West Gear,Online,Iowa,49,30,6
4404,03-01-2021,Women's Athletic Footwear,Midwest,West Gear,Online,Iowa,23,7,3
4405,11-01-2021,Women's Athletic Footwear,Midwest,West Gear,Online,Missouri,18,16,9
4406,17-12-2021,Women's Athletic Footwear,Midwest,West Gear,Online,Missouri,34,30,9
4407,09-12-2021,Women's Athletic Footwear,Midwest,West Gear,Online,Ohio,65,3413,53
4408,09-12-2021,Women's Athletic Footwear,Midwest,West Gear,Online,Ohio,63,93,15
4409,02-03-2021,Women's Athletic Footwear,Midwest,West Gear,Online,Wisconsin,14,3,2
4410,03-04-2021,Women's Athletic Footwear,Midwest,West Gear,Online,Wisconsin,15,3,2
4411,03-06-2021,Women's Athletic Footwear,Midwest,West Gear,Online,Wisconsin,24,11,5
4412,03-10-2021,Women's Athletic Footwear,Midwest,West Gear,Online,Wisconsin,32,11,3
4413,02-07-2021,Women's Athletic Footwear,Midwest,West Gear,Online,Wisconsin,38,19,5
4414,03-02-2021,Women's Athletic Footwear,Midwest,West Gear,Online,Wisconsin,23,5,2
4415,04-05-2021,Women's Athletic Footwear,Midwest,West Gear,Online,Wisconsin,32,12,4
4416,04-09-2021,Women's Athletic Footwear,Midwest,West Gear,Online,Wisconsin,23,8,3
4417,03-11-2021,Women's Athletic Footwear,Midwest,West Gear,Online,Wisconsin,33,21,7
4418,03-08-2021,Women's Athletic Footwear,Midwest,West Gear,Online,Wisconsin,39,20,5
4419,02-12-2021,Women's Athletic Footwear,Midwest,West Gear,Online,Wisconsin,48,35,7
4420,10-01-2021,Women's Athletic Footwear,Midwest,West Gear,Online,Wisconsin,28,12,4
4421,10-06-2021,Women's Street Footwear,Midwest,West Gear,Online,Indiana,27,14,5
4422,09-07-2021,Women's Street Footwear,Midwest,West Gear,Online,Indiana,42,29,7
4423,09-12-2021,Women's Street Footwear,Midwest,West Gear,Online,Indiana,49,51,11
4424,11-09-2021,Women's Street Footwear,Midwest,West Gear,Online,Indiana,23,11,5
4425,10-10-2021,Women's Street Footwear,Midwest,West Gear,Online,Indiana,32,12,4
4426,11-05-2021,Women's Street Footwear,Midwest,West Gear,Online,Indiana,34,19,6
4427,10-08-2021,Women's Street Footwear,Midwest,West Gear,Online,Indiana,37,21,6
4428,10-11-2021,Women's Street Footwear,Midwest,West Gear,Online,Indiana,32,26,8
4429,10-04-2021,Women's Street Footwear,Midwest,West Gear,Online,Indiana,14,7,5
4430,09-03-2021,Women's Street Footwear,Midwest,West Gear,Online,Indiana,14,10,7
4431,17-02-2021,Women's Street Footwear,Midwest,West Gear,Online,Indiana,27,20,8
4432,17-01-2021,Women's Street Footwear,Midwest,West Gear,Online,Indiana,25,22,9
4433,03-01-2021,Women's Street Footwear,Midwest,West Gear,Online,Iowa,18,12,7
4434,05-12-2021,Women's Street Footwear,Midwest,West Gear,Online,Iowa,47,39,8
4435,03-02-2021,Women's Street Footwear,Midwest,West Gear,Online,Iowa,20,12,6
4436,06-11-2021,Women's Street Footwear,Midwest,West Gear,Online,Iowa,32,18,6
4437,11-02-2021,Women's Street Footwear,Midwest,West Gear,Online,Missouri,14,16,12
4438,11-01-2021,Women's Street Footwear,Midwest,West Gear,Online,Missouri,14,20,14
4439,17-12-2021,Women's Street Footwear,Midwest,West Gear,Online,Missouri,32,38,12
4440,09-12-2021,Women's Street Footwear,Midwest,West Gear,Online,Ohio,65,3738,58
4441,09-12-2021,Women's Street Footwear,Midwest,West Gear,Online,Ohio,59,95,16
4442,03-08-2021,Women's Street Footwear,Midwest,West Gear,Online,Wisconsin,39,22,6
4443,03-11-2021,Women's Street Footwear,Midwest,West Gear,Online,Wisconsin,33,23,7
4444,03-04-2021,Women's Street Footwear,Midwest,West Gear,Online,Wisconsin,9,4,4
4445,03-10-2021,Women's Street Footwear,Midwest,West Gear,Online,Wisconsin,34,11,3
4446,02-07-2021,Women's Street Footwear,Midwest,West Gear,Online,Wisconsin,38,23,6
4447,02-03-2021,Women's Street Footwear,Midwest,West Gear,Online,Wisconsin,9,5,6
4448,03-06-2021,Women's Street Footwear,Midwest,West Gear,Online,Wisconsin,24,12,5
4449,02-12-2021,Women's Street Footwear,Midwest,West Gear,Online,Wisconsin,45,39,9
4450,04-09-2021,Women's Street Footwear,Midwest,West Gear,Online,Wisconsin,24,11,4
4451,10-01-2021,Women's Street Footwear,Midwest,West Gear,Online,Wisconsin,24,21,9
4452,04-05-2021,Women's Street Footwear,Midwest,West Gear,Online,Wisconsin,33,16,5
4453,10-02-2021,Women's Street Footwear,Midwest,West Gear,Online,Wisconsin,24,18,7
4454,28-10-2021,Men's Apparel,Northeast,Amazon,Online,Maine,49,14,3
4455,15-11-2021,Men's Apparel,Northeast,Amazon,Online,Maine,50,27,5
4456,18-11-2021,Men's Apparel,Northeast,Amazon,Online,Maine,60,25,4
4457,17-12-2021,Men's Apparel,Northeast,Amazon,Online,Maine,60,32,5
4458,09-11-2021,Men's Apparel,Northeast,Amazon,Online,Maine,51,21,4
4459,31-12-2021,Men's Apparel,Northeast,Amazon,Online,Maine,52,19,4
4460,25-12-2021,Men's Apparel,Northeast,Amazon,Online,Maine,54,22,4
4461,03-11-2021,Men's Apparel,Northeast,Amazon,Online,Maine,47,9,2
4462,21-11-2021,Men's Apparel,Northeast,Amazon,Online,Maine,53,32,6
4463,19-10-2021,Men's Apparel,Northeast,Amazon,Online,Maine,61,16,3
4464,22-10-2021,Men's Apparel,Northeast,Amazon,Online,Maine,46,21,5
4465,16-10-2021,Men's Apparel,Northeast,Amazon,Online,Maine,47,20,4
4466,14-11-2021,Men's Apparel,Northeast,Amazon,Online,Massachusetts,63,44,7
4467,13-12-2021,Men's Apparel,Northeast,Amazon,Online,Massachusetts,62,52,8
4468,14-01-2021,Men's Apparel,Northeast,Amazon,Online,Massachusetts,52,35,7
4469,17-07-2021,Men's Apparel,Northeast,Amazon,Online,New Hampshire,60,61,10
4470,19-02-2021,Men's Apparel,Northeast,Amazon,Online,New Hampshire,56,46,8
4471,19-06-2021,Men's Apparel,Northeast,Amazon,Online,New Hampshire,60,56,9
4472,17-09-2021,Men's Apparel,Northeast,Amazon,Online,New Hampshire,64,40,6
4473,18-04-2021,Men's Apparel,Northeast,Amazon,Online,New Hampshire,57,30,5
4474,17-03-2021,Men's Apparel,Northeast,Amazon,Online,New Hampshire,58,35,6
4475,18-08-2021,Men's Apparel,Northeast,Amazon,Online,New Hampshire,59,43,7
4476,17-05-2021,Men's Apparel,Northeast,Amazon,Online,New Hampshire,63,49,8
4477,21-01-2021,Men's Apparel,Northeast,Amazon,Online,Vermont,59,33,6
4478,11-04-2021,Men's Apparel,Northeast,Amazon,Online,Vermont,51,19,4
4479,10-07-2021,Men's Apparel,Northeast,Amazon,Online,Vermont,54,51,9
4480,10-05-2021,Men's Apparel,Northeast,Amazon,Online,Vermont,55,40,7
4481,10-09-2021,Men's Apparel,Northeast,Amazon,Online,Vermont,58,29,5
4482,12-10-2021,Men's Apparel,Northeast,Amazon,Online,Vermont,66,34,5
4483,10-12-2021,Men's Apparel,Northeast,Amazon,Online,Vermont,67,54,8
4484,10-03-2021,Men's Apparel,Northeast,Amazon,Online,Vermont,51,24,5
4485,11-08-2021,Men's Apparel,Northeast,Amazon,Online,Vermont,57,37,7
4486,12-02-2021,Men's Apparel,Northeast,Amazon,Online,Vermont,54,34,6
4487,12-06-2021,Men's Apparel,Northeast,Amazon,Online,Vermont,58,47,8
4488,11-11-2021,Men's Apparel,Northeast,Amazon,Online,Vermont,67,54,8
4489,31-10-2021,Men's Athletic Footwear,Northeast,Amazon,Online,Maine,37,16,4
4490,19-10-2021,Men's Athletic Footwear,Northeast,Amazon,Online,Maine,38,17,5
4491,28-12-2021,Men's Athletic Footwear,Northeast,Amazon,Online,Maine,46,32,7
4492,22-12-2021,Men's Athletic Footwear,Northeast,Amazon,Online,Maine,49,44,9
4493,18-11-2021,Men's Athletic Footwear,Northeast,Amazon,Online,Maine,46,39,8
4494,25-10-2021,Men's Athletic Footwear,Northeast,Amazon,Online,Maine,39,18,5
4495,12-11-2021,Men's Athletic Footwear,Northeast,Amazon,Online,Maine,48,37,8
4496,19-10-2021,Men's Athletic Footwear,Northeast,Amazon,Online,Maine,54,32,6
4497,06-11-2021,Men's Athletic Footwear,Northeast,Amazon,Online,Maine,48,29,6
4498,18-11-2021,Men's Athletic Footwear,Northeast,Amazon,Online,Maine,52,27,5
4499,17-12-2021,Men's Athletic Footwear,Northeast,Amazon,Online,Maine,53,39,7
4500,13-12-2021,Men's Athletic Footwear,Northeast,Amazon,Online,Massachusetts,53,56,11
4501,14-11-2021,Men's Athletic Footwear,Northeast,Amazon,Online,Massachusetts,52,47,9
4502,14-01-2021,Men's Athletic Footwear,Northeast,Amazon,Online,Massachusetts,42,39,9
4503,12-02-2021,Men's Athletic Footwear,Northeast,Amazon,Online,Massachusetts,44,27,6
4504,17-07-2021,Men's Athletic Footwear,Northeast,Amazon,Online,New Hampshire,55,72,13
4505,17-03-2021,Men's Athletic Footwear,Northeast,Amazon,Online,New Hampshire,49,34,7
4506,19-06-2021,Men's Athletic Footwear,Northeast,Amazon,Online,New Hampshire,56,69,12
4507,17-09-2021,Men's Athletic Footwear,Northeast,Amazon,Online,New Hampshire,54,51,10
4508,17-05-2021,Men's Athletic Footwear,Northeast,Amazon,Online,New Hampshire,54,47,9
4509,18-08-2021,Men's Athletic Footwear,Northeast,Amazon,Online,New Hampshire,58,78,14
4510,18-04-2021,Men's Athletic Footwear,Northeast,Amazon,Online,New Hampshire,49,33,7
4511,19-02-2021,Men's Athletic Footwear,Northeast,Amazon,Online,Vermont,45,34,8
4512,21-01-2021,Men's Athletic Footwear,Northeast,Amazon,Online,Vermont,45,41,9
4513,10-12-2021,Men's Athletic Footwear,Northeast,Amazon,Online,Vermont,55,55,10
4514,10-07-2021,Men's Athletic Footwear,Northeast,Amazon,Online,Vermont,51,59,12
4515,10-05-2021,Men's Athletic Footwear,Northeast,Amazon,Online,Vermont,54,43,8
4516,10-03-2021,Men's Athletic Footwear,Northeast,Amazon,Online,Vermont,42,29,7
4517,11-04-2021,Men's Athletic Footwear,Northeast,Amazon,Online,Vermont,43,24,6
4518,11-08-2021,Men's Athletic Footwear,Northeast,Amazon,Online,Vermont,53,56,11
4519,12-06-2021,Men's Athletic Footwear,Northeast,Amazon,Online,Vermont,53,61,12
4520,12-10-2021,Men's Athletic Footwear,Northeast,Amazon,Online,Vermont,54,41,8
4521,10-09-2021,Men's Athletic Footwear,Northeast,Amazon,Online,Vermont,50,43,9
4522,05-11-2021,Men's Street Footwear,Northeast,Amazon,Online,Maine,52,75,14
4523,21-12-2021,Men's Street Footwear,Northeast,Amazon,Online,Maine,50,74,15
4524,11-11-2021,Men's Street Footwear,Northeast,Amazon,Online,Maine,54,85,16
4525,30-10-2021,Men's Street Footwear,Northeast,Amazon,Online,Maine,37,45,12
4526,27-12-2021,Men's Street Footwear,Northeast,Amazon,Online,Maine,53,65,12
4527,17-12-2021,Men's Street Footwear,Northeast,Amazon,Online,Maine,62,86,14
4528,18-10-2021,Men's Street Footwear,Northeast,Amazon,Online,Maine,38,53,14
4529,24-10-2021,Men's Street Footwear,Northeast,Amazon,Online,Maine,39,50,13
4530,17-11-2021,Men's Street Footwear,Northeast,Amazon,Online,Maine,51,73,14
4531,18-11-2021,Men's Street Footwear,Northeast,Amazon,Online,Maine,62,61,10
4532,19-10-2021,Men's Street Footwear,Northeast,Amazon,Online,Maine,55,66,12
4533,13-12-2021,Men's Street Footwear,Northeast,Amazon,Online,Massachusetts,64,96,15
4534,14-11-2021,Men's Street Footwear,Northeast,Amazon,Online,Massachusetts,62,70,11
4535,14-01-2021,Men's Street Footwear,Northeast,Amazon,Online,Massachusetts,44,67,15
4536,12-02-2021,Men's Street Footwear,Northeast,Amazon,Online,Massachusetts,41,68,17
4537,17-03-2021,Men's Street Footwear,Northeast,Amazon,Online,New Hampshire,49,81,17
4538,18-08-2021,Men's Street Footwear,Northeast,Amazon,Online,New Hampshire,60,118,20
4539,17-09-2021,Men's Street Footwear,Northeast,Amazon,Online,New Hampshire,59,91,15
4540,18-04-2021,Men's Street Footwear,Northeast,Amazon,Online,New Hampshire,48,74,15
4541,19-06-2021,Men's Street Footwear,Northeast,Amazon,Online,New Hampshire,59,100,17
4542,17-05-2021,Men's Street Footwear,Northeast,Amazon,Online,New Hampshire,64,111,17
4543,17-07-2021,Men's Street Footwear,Northeast,Amazon,Online,New Hampshire,64,125,20
4544,19-02-2021,Men's Street Footwear,Northeast,Amazon,Online,Vermont,49,88,18
4545,21-01-2021,Men's Street Footwear,Northeast,Amazon,Online,Vermont,49,64,13
4546,11-04-2021,Men's Street Footwear,Northeast,Amazon,Online,Vermont,41,56,14
4547,10-07-2021,Men's Street Footwear,Northeast,Amazon,Online,Vermont,54,98,18
4548,10-05-2021,Men's Street Footwear,Northeast,Amazon,Online,Vermont,55,85,15
4549,10-09-2021,Men's Street Footwear,Northeast,Amazon,Online,Vermont,56,77,14
4550,12-06-2021,Men's Street Footwear,Northeast,Amazon,Online,Vermont,58,95,16
4551,10-03-2021,Men's Street Footwear,Northeast,Amazon,Online,Vermont,44,62,14
4552,11-08-2021,Men's Street Footwear,Northeast,Amazon,Online,Vermont,58,102,18
4553,12-10-2021,Men's Street Footwear,Northeast,Amazon,Online,Vermont,62,82,13
4554,10-12-2021,Men's Street Footwear,Northeast,Amazon,Online,Vermont,64,108,17
4555,23-10-2021,Women's Apparel,Northeast,Amazon,Online,Maine,37,23,6
4556,04-11-2021,Women's Apparel,Northeast,Amazon,Online,Maine,39,25,6
4557,16-11-2021,Women's Apparel,Northeast,Amazon,Online,Maine,56,48,9
4558,17-10-2021,Women's Apparel,Northeast,Amazon,Online,Maine,38,26,7
4559,17-09-2021,Women's Apparel,Northeast,Amazon,Online,Maine,57,34,6
4560,10-11-2021,Women's Apparel,Northeast,Amazon,Online,Maine,56,40,7
4561,19-10-2021,Women's Apparel,Northeast,Amazon,Online,Maine,68,38,6
4562,17-12-2021,Women's Apparel,Northeast,Amazon,Online,Maine,69,52,8
4563,26-12-2021,Women's Apparel,Northeast,Amazon,Online,Maine,54,49,9
4564,20-12-2021,Women's Apparel,Northeast,Amazon,Online,Maine,58,66,11
4565,18-11-2021,Women's Apparel,Northeast,Amazon,Online,Maine,67,42,6
4566,29-10-2021,Women's Apparel,Northeast,Amazon,Online,Maine,36,18,5
4567,13-12-2021,Women's Apparel,Northeast,Amazon,Online,Massachusetts,65,73,11
4568,15-10-2021,Women's Apparel,Northeast,Amazon,Online,Massachusetts,66,43,7
4569,14-11-2021,Women's Apparel,Northeast,Amazon,Online,Massachusetts,64,63,10
4570,14-01-2021,Women's Apparel,Northeast,Amazon,Online,Massachusetts,44,43,10
4571,18-04-2021,Women's Apparel,Northeast,Amazon,Online,New Hampshire,46,45,10
4572,17-05-2021,Women's Apparel,Northeast,Amazon,Online,New Hampshire,65,75,12
4573,17-09-2021,Women's Apparel,Northeast,Amazon,Online,New Hampshire,68,67,10
4574,17-03-2021,Women's Apparel,Northeast,Amazon,Online,New Hampshire,45,34,8
4575,18-08-2021,Women's Apparel,Northeast,Amazon,Online,New Hampshire,64,68,11
4576,19-06-2021,Women's Apparel,Northeast,Amazon,Online,New Hampshire,66,91,14
4577,19-02-2021,Women's Apparel,Northeast,Amazon,Online,New Hampshire,46,45,10
4578,17-07-2021,Women's Apparel,Northeast,Amazon,Online,New Hampshire,64,88,14
4579,21-01-2021,Women's Apparel,Northeast,Amazon,Online,Vermont,49,43,9
4580,11-04-2021,Women's Apparel,Northeast,Amazon,Online,Vermont,44,40,9
4581,11-08-2021,Women's Apparel,Northeast,Amazon,Online,Vermont,61,63,10
4582,10-05-2021,Women's Apparel,Northeast,Amazon,Online,Vermont,60,72,12
4583,10-07-2021,Women's Apparel,Northeast,Amazon,Online,Vermont,61,76,13
4584,12-06-2021,Women's Apparel,Northeast,Amazon,Online,Vermont,62,73,12
4585,10-12-2021,Women's Apparel,Northeast,Amazon,Online,Vermont,68,72,11
4586,11-11-2021,Women's Apparel,Northeast,Amazon,Online,Vermont,70,66,9
4587,12-02-2021,Women's Apparel,Northeast,Amazon,Online,Vermont,43,37,9
4588,10-03-2021,Women's Apparel,Northeast,Amazon,Online,Vermont,41,33,8
4589,10-09-2021,Women's Apparel,Northeast,Amazon,Online,Vermont,59,46,8
4590,27-10-2021,Women's Athletic Footwear,Northeast,Amazon,Online,Maine,32,4,1
4591,02-11-2021,Women's Athletic Footwear,Northeast,Amazon,Online,Maine,33,7,2
4592,08-11-2021,Women's Athletic Footwear,Northeast,Amazon,Online,Maine,41,14,3
4593,19-10-2021,Women's Athletic Footwear,Northeast,Amazon,Online,Maine,50,13,3
4594,24-12-2021,Women's Athletic Footwear,Northeast,Amazon,Online,Maine,41,21,5
4595,20-11-2021,Women's Athletic Footwear,Northeast,Amazon,Online,Maine,43,19,4
4596,21-10-2021,Women's Athletic Footwear,Northeast,Amazon,Online,Maine,34,6,2
4597,14-11-2021,Women's Athletic Footwear,Northeast,Amazon,Online,Maine,41,21,5
4598,17-12-2021,Women's Athletic Footwear,Northeast,Amazon,Online,Maine,52,26,5
4599,18-11-2021,Women's Athletic Footwear,Northeast,Amazon,Online,Maine,54,25,5
4600,30-12-2021,Women's Athletic Footwear,Northeast,Amazon,Online,Maine,42,15,4
4601,13-12-2021,Women's Athletic Footwear,Northeast,Amazon,Online,Massachusetts,52,39,8
4602,14-11-2021,Women's Athletic Footwear,Northeast,Amazon,Online,Massachusetts,51,41,8
4603,14-01-2021,Women's Athletic Footwear,Northeast,Amazon,Online,Massachusetts,39,17,4
4604,17-05-2021,Women's Athletic Footwear,Northeast,Amazon,Online,New Hampshire,52,42,8
4605,18-04-2021,Women's Athletic Footwear,Northeast,Amazon,Online,New Hampshire,44,22,5
4606,17-03-2021,Women's Athletic Footwear,Northeast,Amazon,Online,New Hampshire,44,17,4
4607,18-08-2021,Women's Athletic Footwear,Northeast,Amazon,Online,New Hampshire,51,37,7
4608,19-06-2021,Women's Athletic Footwear,Northeast,Amazon,Online,New Hampshire,52,47,9
4609,17-09-2021,Women's Athletic Footwear,Northeast,Amazon,Online,New Hampshire,53,30,6
4610,19-02-2021,Women's Athletic Footwear,Northeast,Amazon,Online,New Hampshire,42,24,6
4611,17-07-2021,Women's Athletic Footwear,Northeast,Amazon,Online,New Hampshire,53,45,9
4612,21-01-2021,Women's Athletic Footwear,Northeast,Amazon,Online,Vermont,43,20,5
4613,12-06-2021,Women's Athletic Footwear,Northeast,Amazon,Online,Vermont,47,42,9
4614,10-12-2021,Women's Athletic Footwear,Northeast,Amazon,Online,Vermont,56,45,8
4615,12-02-2021,Women's Athletic Footwear,Northeast,Amazon,Online,Vermont,36,16,5
4616,10-05-2021,Women's Athletic Footwear,Northeast,Amazon,Online,Vermont,46,30,7
4617,11-08-2021,Women's Athletic Footwear,Northeast,Amazon,Online,Vermont,49,33,7
4618,12-10-2021,Women's Athletic Footwear,Northeast,Amazon,Online,Vermont,55,25,5
4619,10-03-2021,Women's Athletic Footwear,Northeast,Amazon,Online,Vermont,36,14,4
4620,10-09-2021,Women's Athletic Footwear,Northeast,Amazon,Online,Vermont,45,23,5
4621,10-07-2021,Women's Athletic Footwear,Northeast,Amazon,Online,Vermont,46,41,9
4622,11-04-2021,Women's Athletic Footwear,Northeast,Amazon,Online,Vermont,36,16,4
4623,11-11-2021,Women's Athletic Footwear,Northeast,Amazon,Online,Vermont,55,41,8
4624,23-12-2021,Women's Street Footwear,Northeast,Amazon,Online,Maine,41,28,7
4625,17-12-2021,Women's Street Footwear,Northeast,Amazon,Online,Maine,52,35,7
4626,13-11-2021,Women's Street Footwear,Northeast,Amazon,Online,Maine,42,24,6
4627,18-11-2021,Women's Street Footwear,Northeast,Amazon,Online,Maine,52,29,6
4628,20-10-2021,Women's Street Footwear,Northeast,Amazon,Online,Maine,29,17,6
4629,01-11-2021,Women's Street Footwear,Northeast,Amazon,Online,Maine,27,12,4
4630,07-11-2021,Women's Street Footwear,Northeast,Amazon,Online,Maine,42,20,5
4631,26-10-2021,Women's Street Footwear,Northeast,Amazon,Online,Maine,27,14,5
4632,29-12-2021,Women's Street Footwear,Northeast,Amazon,Online,Maine,41,16,4
4633,19-11-2021,Women's Street Footwear,Northeast,Amazon,Online,Maine,43,27,6
4634,19-10-2021,Women's Street Footwear,Northeast,Amazon,Online,Maine,52,16,3
4635,14-11-2021,Women's Street Footwear,Northeast,Amazon,Online,Massachusetts,50,42,8
4636,13-12-2021,Women's Street Footwear,Northeast,Amazon,Online,Massachusetts,51,50,10
4637,14-01-2021,Women's Street Footwear,Northeast,Amazon,Online,Massachusetts,32,29,9
4638,12-02-2021,Women's Street Footwear,Northeast,Amazon,Online,Massachusetts,33,24,7
4639,17-03-2021,Women's Street Footwear,Northeast,Amazon,Online,New Hampshire,38,29,8
4640,17-07-2021,Women's Street Footwear,Northeast,Amazon,Online,New Hampshire,54,59,11
4641,17-05-2021,Women's Street Footwear,Northeast,Amazon,Online,New Hampshire,51,50,10
4642,17-09-2021,Women's Street Footwear,Northeast,Amazon,Online,New Hampshire,52,39,8
4643,18-04-2021,Women's Street Footwear,Northeast,Amazon,Online,New Hampshire,38,28,7
4644,19-06-2021,Women's Street Footwear,Northeast,Amazon,Online,New Hampshire,53,47,9
4645,18-08-2021,Women's Street Footwear,Northeast,Amazon,Online,New Hampshire,52,55,11
4646,19-02-2021,Women's Street Footwear,Northeast,Amazon,Online,Vermont,39,35,9
4647,21-01-2021,Women's Street Footwear,Northeast,Amazon,Online,Vermont,38,31,8
4648,11-08-2021,Women's Street Footwear,Northeast,Amazon,Online,Vermont,48,50,11
4649,10-05-2021,Women's Street Footwear,Northeast,Amazon,Online,Vermont,49,37,8
4650,12-06-2021,Women's Street Footwear,Northeast,Amazon,Online,Vermont,45,36,8
4651,10-12-2021,Women's Street Footwear,Northeast,Amazon,Online,Vermont,55,62,11
4652,10-07-2021,Women's Street Footwear,Northeast,Amazon,Online,Vermont,46,45,10
4653,10-03-2021,Women's Street Footwear,Northeast,Amazon,Online,Vermont,34,26,8
4654,11-04-2021,Women's Street Footwear,Northeast,Amazon,Online,Vermont,32,21,7
4655,10-09-2021,Women's Street Footwear,Northeast,Amazon,Online,Vermont,46,26,6
4656,12-10-2021,Women's Street Footwear,Northeast,Amazon,Online,Vermont,59,32,5
4657,10-01-2021,Men's Apparel,Northeast,Foot Locker,Online,Connecticut,44,15,3
4658,04-11-2021,Men's Apparel,Northeast,Foot Locker,Online,Connecticut,60,41,7
4659,03-12-2021,Men's Apparel,Northeast,Foot Locker,Online,Connecticut,60,47,8
4660,15-06-2021,Men's Apparel,Northeast,Foot Locker,Online,Delaware,50,38,8
4661,15-10-2021,Men's Apparel,Northeast,Foot Locker,Online,Delaware,62,30,5
4662,15-02-2021,Men's Apparel,Northeast,Foot Locker,Online,Delaware,45,29,7
4663,13-03-2021,Men's Apparel,Northeast,Foot Locker,Online,Delaware,46,23,5
4664,13-07-2021,Men's Apparel,Northeast,Foot Locker,Online,Delaware,51,48,9
4665,13-05-2021,Men's Apparel,Northeast,Foot Locker,Online,Delaware,50,37,7
4666,13-09-2021,Men's Apparel,Northeast,Foot Locker,Online,Delaware,50,30,6
4667,14-04-2021,Men's Apparel,Northeast,Foot Locker,Online,Delaware,47,21,5
4668,14-08-2021,Men's Apparel,Northeast,Foot Locker,Online,Delaware,50,32,6
4669,22-10-2021,Men's Apparel,Northeast,Foot Locker,Online,Maryland,56,11,2
4670,20-12-2021,Men's Apparel,Northeast,Foot Locker,Online,Maryland,54,28,5
4671,17-01-2021,Men's Apparel,Northeast,Foot Locker,Online,Maryland,49,29,6
4672,22-06-2021,Men's Apparel,Northeast,Foot Locker,Online,Maryland,49,21,4
4673,21-11-2021,Men's Apparel,Northeast,Foot Locker,Online,Maryland,56,17,3
4674,24-01-2021,Men's Apparel,Northeast,Foot Locker,Online,New Hampshire,60,32,5
4675,18-11-2021,Men's Apparel,Northeast,Foot Locker,Online,New Hampshire,71,58,8
4676,19-10-2021,Men's Apparel,Northeast,Foot Locker,Online,New Hampshire,71,33,5
4677,17-12-2021,Men's Apparel,Northeast,Foot Locker,Online,New Hampshire,74,78,11
4678,05-01-2020,Men's Apparel,Northeast,Foot Locker,Online,New York,55,129,23
4679,04-02-2020,Men's Apparel,Northeast,Foot Locker,Online,New York,56,120,22
4680,29-01-2020,Men's Apparel,Northeast,Foot Locker,Online,New York,59,136,23
4681,14-03-2020,Men's Apparel,Northeast,Foot Locker,Online,New York,58,134,23
4682,23-01-2020,Men's Apparel,Northeast,Foot Locker,Online,New York,58,141,24
4683,08-03-2020,Men's Apparel,Northeast,Foot Locker,Online,New York,55,139,25
4684,10-02-2020,Men's Apparel,Northeast,Foot Locker,Online,New York,59,145,25
4685,07-11-2021,Men's Apparel,Northeast,Foot Locker,Online,Pennsylvania,58,12,2
4686,13-11-2021,Men's Apparel,Northeast,Foot Locker,Online,Pennsylvania,55,12,2
4687,19-11-2021,Men's Apparel,Northeast,Foot Locker,Online,Pennsylvania,59,18,3
4688,19-12-2021,Men's Apparel,Northeast,Foot Locker,Online,Pennsylvania,56,15,3
4689,13-12-2021,Men's Apparel,Northeast,Foot Locker,Online,Pennsylvania,50,18,4
4690,26-10-2021,Men's Apparel,Northeast,Foot Locker,Online,Pennsylvania,54,19,4
4691,01-11-2021,Men's Apparel,Northeast,Foot Locker,Online,Pennsylvania,51,18,4
4692,25-11-2021,Men's Apparel,Northeast,Foot Locker,Online,Pennsylvania,60,27,5
4693,07-12-2021,Men's Apparel,Northeast,Foot Locker,Online,Pennsylvania,61,28,5
4694,31-12-2021,Men's Apparel,Northeast,Foot Locker,Online,Pennsylvania,63,30,5
4695,25-12-2021,Men's Apparel,Northeast,Foot Locker,Online,Pennsylvania,64,27,4
4696,01-12-2021,Men's Apparel,Northeast,Foot Locker,Online,Pennsylvania,64,38,6
4697,07-04-2021,Men's Apparel,Northeast,Foot Locker,Online,Rhode Island,44,7,2
4698,07-08-2021,Men's Apparel,Northeast,Foot Locker,Online,Rhode Island,45,14,3
4699,06-07-2021,Men's Apparel,Northeast,Foot Locker,Online,Rhode Island,47,30,6
4700,06-05-2021,Men's Apparel,Northeast,Foot Locker,Online,Rhode Island,49,23,5
4701,08-10-2021,Men's Apparel,Northeast,Foot Locker,Online,Rhode Island,55,10,2
4702,08-02-2021,Men's Apparel,Northeast,Foot Locker,Online,Rhode Island,41,14,4
4703,06-09-2021,Men's Apparel,Northeast,Foot Locker,Online,Rhode Island,47,13,3
4704,08-06-2021,Men's Apparel,Northeast,Foot Locker,Online,Rhode Island,48,28,6
4705,06-03-2021,Men's Apparel,Northeast,Foot Locker,Online,Rhode Island,44,9,2
4706,24-01-2021,Men's Apparel,Northeast,Foot Locker,Online,West Virginia,42,14,3
4707,16-12-2021,Men's Apparel,Northeast,Foot Locker,Online,West Virginia,61,58,10
4708,17-11-2021,Men's Apparel,Northeast,Foot Locker,Online,West Virginia,62,48,8
4709,10-01-2021,Men's Athletic Footwear,Northeast,Foot Locker,Online,Connecticut,34,21,6
4710,08-02-2021,Men's Athletic Footwear,Northeast,Foot Locker,Online,Connecticut,34,12,4
4711,03-12-2021,Men's Athletic Footwear,Northeast,Foot Locker,Online,Connecticut,51,52,10
4712,04-11-2021,Men's Athletic Footwear,Northeast,Foot Locker,Online,Connecticut,51,43,8
4713,13-03-2021,Men's Athletic Footwear,Northeast,Foot Locker,Online,Delaware,39,27,7
4714,13-05-2021,Men's Athletic Footwear,Northeast,Foot Locker,Online,Delaware,47,32,7
4715,13-09-2021,Men's Athletic Footwear,Northeast,Foot Locker,Online,Delaware,47,40,9
4716,13-07-2021,Men's Athletic Footwear,Northeast,Foot Locker,Online,Delaware,47,56,12
4717,15-06-2021,Men's Athletic Footwear,Northeast,Foot Locker,Online,Delaware,48,58,12
4718,14-08-2021,Men's Athletic Footwear,Northeast,Foot Locker,Online,Delaware,47,60,13
4719,15-10-2021,Men's Athletic Footwear,Northeast,Foot Locker,Online,Delaware,51,46,9
4720,14-04-2021,Men's Athletic Footwear,Northeast,Foot Locker,Online,Delaware,38,23,6
4721,15-02-2021,Men's Athletic Footwear,Northeast,Foot Locker,Online,Maryland,37,23,6
4722,21-11-2021,Men's Athletic Footwear,Northeast,Foot Locker,Online,Maryland,45,23,5
4723,17-01-2021,Men's Athletic Footwear,Northeast,Foot Locker,Online,Maryland,38,31,8
4724,20-12-2021,Men's Athletic Footwear,Northeast,Foot Locker,Online,Maryland,46,30,7
4725,22-02-2021,Men's Athletic Footwear,Northeast,Foot Locker,Online,New Hampshire,53,31,6
4726,24-01-2021,Men's Athletic Footwear,Northeast,Foot Locker,Online,New Hampshire,50,42,8
4727,18-11-2021,Men's Athletic Footwear,Northeast,Foot Locker,Online,New Hampshire,62,61,10
4728,19-10-2021,Men's Athletic Footwear,Northeast,Foot Locker,Online,New Hampshire,62,52,8
4729,17-12-2021,Men's Athletic Footwear,Northeast,Foot Locker,Online,New Hampshire,59,68,12
4730,07-02-2020,Men's Athletic Footwear,Northeast,Foot Locker,Online,New York,50,130,26
4731,01-02-2020,Men's Athletic Footwear,Northeast,Foot Locker,Online,New York,47,110,23
4732,17-03-2020,Men's Athletic Footwear,Northeast,Foot Locker,Online,New York,53,163,31
4733,05-03-2020,Men's Athletic Footwear,Northeast,Foot Locker,Online,New York,54,146,27
4734,02-01-2020,Men's Athletic Footwear,Northeast,Foot Locker,Online,New York,47,122,26
4735,11-03-2020,Men's Athletic Footwear,Northeast,Foot Locker,Online,New York,53,142,27
4736,26-01-2020,Men's Athletic Footwear,Northeast,Foot Locker,Online,New York,48,124,26
4737,08-01-2020,Men's Athletic Footwear,Northeast,Foot Locker,Online,New York,46,120,26
4738,10-12-2021,Men's Athletic Footwear,Northeast,Foot Locker,Online,Pennsylvania,48,38,8
4739,16-11-2021,Men's Athletic Footwear,Northeast,Foot Locker,Online,Pennsylvania,54,29,5
4740,10-11-2021,Men's Athletic Footwear,Northeast,Foot Locker,Online,Pennsylvania,45,20,5
4741,16-12-2021,Men's Athletic Footwear,Northeast,Foot Locker,Online,Pennsylvania,47,30,6
4742,28-12-2021,Men's Athletic Footwear,Northeast,Foot Locker,Online,Pennsylvania,55,38,7
4743,22-11-2021,Men's Athletic Footwear,Northeast,Foot Locker,Online,Pennsylvania,59,41,7
4744,04-12-2021,Men's Athletic Footwear,Northeast,Foot Locker,Online,Pennsylvania,54,41,8
4745,22-12-2021,Men's Athletic Footwear,Northeast,Foot Locker,Online,Pennsylvania,55,33,6
4746,29-10-2021,Men's Athletic Footwear,Northeast,Foot Locker,Online,Pennsylvania,44,15,4
4747,04-11-2021,Men's Athletic Footwear,Northeast,Foot Locker,Online,Pennsylvania,47,18,4
4748,28-11-2021,Men's Athletic Footwear,Northeast,Foot Locker,Online,Pennsylvania,55,50,9
4749,06-03-2021,Men's Athletic Footwear,Northeast,Foot Locker,Online,Rhode Island,34,15,4
4750,06-05-2021,Men's Athletic Footwear,Northeast,Foot Locker,Online,Rhode Island,43,21,5
4751,07-08-2021,Men's Athletic Footwear,Northeast,Foot Locker,Online,Rhode Island,42,38,9
4752,06-09-2021,Men's Athletic Footwear,Northeast,Foot Locker,Online,Rhode Island,43,24,6
4753,08-06-2021,Men's Athletic Footwear,Northeast,Foot Locker,Online,Rhode Island,41,37,9
4754,08-10-2021,Men's Athletic Footwear,Northeast,Foot Locker,Online,Rhode Island,46,26,6
4755,07-04-2021,Men's Athletic Footwear,Northeast,Foot Locker,Online,Rhode Island,32,11,3
4756,06-07-2021,Men's Athletic Footwear,Northeast,Foot Locker,Online,Rhode Island,41,33,8
4757,24-01-2021,Men's Athletic Footwear,Northeast,Foot Locker,Online,West Virginia,34,23,7
4758,16-12-2021,Men's Athletic Footwear,Northeast,Foot Locker,Online,West Virginia,52,70,14
4759,17-11-2021,Men's Athletic Footwear,Northeast,Foot Locker,Online,West Virginia,33,31,10
4760,10-01-2021,Men's Street Footwear,Northeast,Foot Locker,Online,Connecticut,34,39,12
4761,08-02-2021,Men's Street Footwear,Northeast,Foot Locker,Online,Connecticut,34,40,12
4762,04-11-2021,Men's Street Footwear,Northeast,Foot Locker,Online,Connecticut,60,67,11
4763,03-12-2021,Men's Street Footwear,Northeast,Foot Locker,Online,Connecticut,59,89,15
4764,15-10-2021,Men's Street Footwear,Northeast,Foot Locker,Online,Delaware,56,72,13
4765,13-03-2021,Men's Street Footwear,Northeast,Foot Locker,Online,Delaware,36,57,16
4766,15-06-2021,Men's Street Footwear,Northeast,Foot Locker,Online,Delaware,51,96,19
4767,13-05-2021,Men's Street Footwear,Northeast,Foot Locker,Online,Delaware,51,82,16
4768,13-09-2021,Men's Street Footwear,Northeast,Foot Locker,Online,Delaware,50,71,14
4769,14-08-2021,Men's Street Footwear,Northeast,Foot Locker,Online,Delaware,50,82,16
4770,14-04-2021,Men's Street Footwear,Northeast,Foot Locker,Online,Delaware,36,47,13
4771,13-07-2021,Men's Street Footwear,Northeast,Foot Locker,Online,Delaware,53,96,18
4772,17-01-2021,Men's Street Footwear,Northeast,Foot Locker,Online,Maryland,36,49,14
4773,15-02-2021,Men's Street Footwear,Northeast,Foot Locker,Online,Maryland,39,56,14
4774,20-12-2021,Men's Street Footwear,Northeast,Foot Locker,Online,Maryland,57,70,12
4775,20-07-2021,Men's Street Footwear,Northeast,Foot Locker,Online,Maryland,49,64,13
4776,21-11-2021,Men's Street Footwear,Northeast,Foot Locker,Online,Maryland,58,51,9
4777,22-02-2021,Men's Street Footwear,Northeast,Foot Locker,Online,New Hampshire,52,90,17
4778,24-01-2021,Men's Street Footwear,Northeast,Foot Locker,Online,New Hampshire,52,75,15
4779,19-10-2021,Men's Street Footwear,Northeast,Foot Locker,Online,New Hampshire,64,76,12
4780,18-11-2021,Men's Street Footwear,Northeast,Foot Locker,Online,New Hampshire,68,80,12
4781,17-12-2021,Men's Street Footwear,Northeast,Foot Locker,Online,New Hampshire,71,120,17
4782,10-03-2020,Men's Street Footwear,Northeast,Foot Locker,Online,New York,59,188,32
4783,01-01-2020,Men's Street Footwear,Northeast,Foot Locker,Online,New York,47,158,34
4784,04-03-2020,Men's Street Footwear,Northeast,Foot Locker,Online,New York,55,172,31
4785,16-03-2020,Men's Street Footwear,Northeast,Foot Locker,Online,New York,58,189,33
4786,31-01-2020,Men's Street Footwear,Northeast,Foot Locker,Online,New York,45,135,30
4787,07-01-2020,Men's Street Footwear,Northeast,Foot Locker,Online,New York,46,144,31
4788,25-01-2020,Men's Street Footwear,Northeast,Foot Locker,Online,New York,46,163,35
4789,06-02-2020,Men's Street Footwear,Northeast,Foot Locker,Online,New York,54,171,32
4790,09-12-2021,Men's Street Footwear,Northeast,Foot Locker,Online,Pennsylvania,62,89,14
4791,15-12-2021,Men's Street Footwear,Northeast,Foot Locker,Online,Pennsylvania,55,57,10
4792,09-11-2021,Men's Street Footwear,Northeast,Foot Locker,Online,Pennsylvania,46,56,12
4793,15-11-2021,Men's Street Footwear,Northeast,Foot Locker,Online,Pennsylvania,58,79,14
4794,21-11-2021,Men's Street Footwear,Northeast,Foot Locker,Online,Pennsylvania,64,86,14
4795,21-12-2021,Men's Street Footwear,Northeast,Foot Locker,Online,Pennsylvania,66,75,11
4796,03-12-2021,Men's Street Footwear,Northeast,Foot Locker,Online,Pennsylvania,60,95,16
4797,28-10-2021,Men's Street Footwear,Northeast,Foot Locker,Online,Pennsylvania,42,50,12
4798,27-11-2021,Men's Street Footwear,Northeast,Foot Locker,Online,Pennsylvania,60,87,15
4799,27-12-2021,Men's Street Footwear,Northeast,Foot Locker,Online,Pennsylvania,67,83,12
4800,03-11-2021,Men's Street Footwear,Northeast,Foot Locker,Online,Pennsylvania,49,59,12
4801,06-09-2021,Men's Street Footwear,Northeast,Foot Locker,Online,Rhode Island,45,50,11
4802,06-07-2021,Men's Street Footwear,Northeast,Foot Locker,Online,Rhode Island,46,77,17
4803,08-06-2021,Men's Street Footwear,Northeast,Foot Locker,Online,Rhode Island,47,65,14
4804,07-08-2021,Men's Street Footwear,Northeast,Foot Locker,Online,Rhode Island,46,66,14
4805,07-04-2021,Men's Street Footwear,Northeast,Foot Locker,Online,Rhode Island,32,36,11
4806,06-03-2021,Men's Street Footwear,Northeast,Foot Locker,Online,Rhode Island,34,38,11
4807,06-05-2021,Men's Street Footwear,Northeast,Foot Locker,Online,Rhode Island,49,60,12
4808,08-10-2021,Men's Street Footwear,Northeast,Foot Locker,Online,Rhode Island,53,50,9
4809,24-01-2021,Men's Street Footwear,Northeast,Foot Locker,Online,West Virginia,33,35,11
4810,17-11-2021,Men's Street Footwear,Northeast,Foot Locker,Online,West Virginia,44,51,12
4811,16-12-2021,Men's Street Footwear,Northeast,Foot Locker,Online,West Virginia,60,106,18
4812,22-02-2021,Men's Street Footwear,Northeast,Foot Locker,Online,West Virginia,32,44,14
4813,03-12-2021,Women's Apparel,Northeast,Foot Locker,Online,Connecticut,67,75,11
4814,04-11-2021,Women's Apparel,Northeast,Foot Locker,Online,Connecticut,67,64,10
4815,05-10-2021,Women's Apparel,Northeast,Foot Locker,Online,Connecticut,63,47,7
4816,10-01-2021,Women's Apparel,Northeast,Foot Locker,Online,Connecticut,33,21,6
4817,13-03-2021,Women's Apparel,Northeast,Foot Locker,Online,Delaware,39,28,7
4818,13-07-2021,Women's Apparel,Northeast,Foot Locker,Online,Delaware,55,80,15
4819,14-08-2021,Women's Apparel,Northeast,Foot Locker,Online,Delaware,59,71,12
4820,15-02-2021,Women's Apparel,Northeast,Foot Locker,Online,Delaware,39,38,10
4821,15-06-2021,Women's Apparel,Northeast,Foot Locker,Online,Delaware,56,76,14
4822,14-04-2021,Women's Apparel,Northeast,Foot Locker,Online,Delaware,38,30,8
4823,13-09-2021,Women's Apparel,Northeast,Foot Locker,Online,Delaware,58,49,8
4824,13-05-2021,Women's Apparel,Northeast,Foot Locker,Online,Delaware,54,56,10
4825,22-10-2021,Women's Apparel,Northeast,Foot Locker,Online,Maryland,60,31,5
4826,20-12-2021,Women's Apparel,Northeast,Foot Locker,Online,Maryland,61,44,7
4827,21-11-2021,Women's Apparel,Northeast,Foot Locker,Online,Maryland,62,39,6
4828,22-06-2021,Women's Apparel,Northeast,Foot Locker,Online,Maryland,53,45,8
4829,17-01-2021,Women's Apparel,Northeast,Foot Locker,Online,Maryland,36,29,8
4830,24-01-2021,Women's Apparel,Northeast,Foot Locker,Online,New Hampshire,54,42,8
4831,18-11-2021,Women's Apparel,Northeast,Foot Locker,Online,New Hampshire,78,90,12
4832,19-10-2021,Women's Apparel,Northeast,Foot Locker,Online,New Hampshire,72,58,8
4833,17-12-2021,Women's Apparel,Northeast,Foot Locker,Online,New Hampshire,74,87,12
4834,30-01-2020,Women's Apparel,Northeast,Foot Locker,Online,New York,45,107,24
4835,03-03-2020,Women's Apparel,Northeast,Foot Locker,Online,New York,59,171,29
4836,06-01-2020,Women's Apparel,Northeast,Foot Locker,Online,New York,46,120,26
4837,05-02-2020,Women's Apparel,Northeast,Foot Locker,Online,New York,49,117,24
4838,24-01-2020,Women's Apparel,Northeast,Foot Locker,Online,New York,48,139,29
4839,09-03-2020,Women's Apparel,Northeast,Foot Locker,Online,New York,64,195,31
4840,15-03-2020,Women's Apparel,Northeast,Foot Locker,Online,New York,61,174,29
4841,08-11-2021,Women's Apparel,Northeast,Foot Locker,Online,Pennsylvania,47,21,4
4842,14-11-2021,Women's Apparel,Northeast,Foot Locker,Online,Pennsylvania,48,26,5
4843,20-12-2021,Women's Apparel,Northeast,Foot Locker,Online,Pennsylvania,60,38,6
4844,14-12-2021,Women's Apparel,Northeast,Foot Locker,Online,Pennsylvania,55,34,6
4845,02-12-2021,Women's Apparel,Northeast,Foot Locker,Online,Pennsylvania,64,63,10
4846,26-11-2021,Women's Apparel,Northeast,Foot Locker,Online,Pennsylvania,65,53,8
4847,08-12-2021,Women's Apparel,Northeast,Foot Locker,Online,Pennsylvania,64,61,10
4848,01-01-2020,Women's Apparel,Northeast,Foot Locker,Online,Pennsylvania,68,56,8
4849,27-10-2021,Women's Apparel,Northeast,Foot Locker,Online,Pennsylvania,43,26,6
4850,26-12-2021,Women's Apparel,Northeast,Foot Locker,Online,Pennsylvania,71,46,7
4851,02-11-2021,Women's Apparel,Northeast,Foot Locker,Online,Pennsylvania,44,30,7
4852,20-11-2021,Women's Apparel,Northeast,Foot Locker,Online,Pennsylvania,64,40,6
4853,06-07-2021,Women's Apparel,Northeast,Foot Locker,Online,Rhode Island,50,58,12
4854,08-06-2021,Women's Apparel,Northeast,Foot Locker,Online,Rhode Island,51,45,9
4855,06-09-2021,Women's Apparel,Northeast,Foot Locker,Online,Rhode Island,52,30,6
4856,07-04-2021,Women's Apparel,Northeast,Foot Locker,Online,Rhode Island,33,17,5
4857,08-02-2021,Women's Apparel,Northeast,Foot Locker,Online,Rhode Island,33,21,7
4858,06-05-2021,Women's Apparel,Northeast,Foot Locker,Online,Rhode Island,52,42,8
4859,06-03-2021,Women's Apparel,Northeast,Foot Locker,Online,Rhode Island,32,16,5
4860,07-08-2021,Women's Apparel,Northeast,Foot Locker,Online,Rhode Island,52,45,9
4861,24-01-2021,Women's Apparel,Northeast,Foot Locker,Online,West Virginia,33,19,6
4862,17-10-2021,Women's Apparel,Northeast,Foot Locker,Online,West Virginia,47,39,8
4863,17-11-2021,Women's Apparel,Northeast,Foot Locker,Online,West Virginia,64,64,10
4864,16-12-2021,Women's Apparel,Northeast,Foot Locker,Online,West Virginia,68,83,12
4865,04-11-2021,Women's Athletic Footwear,Northeast,Foot Locker,Online,Connecticut,50,40,8
4866,03-12-2021,Women's Athletic Footwear,Northeast,Foot Locker,Online,Connecticut,53,46,9
4867,10-01-2021,Women's Athletic Footwear,Northeast,Foot Locker,Online,Connecticut,29,6,2
4868,14-08-2021,Women's Athletic Footwear,Northeast,Foot Locker,Online,Delaware,41,26,6
4869,15-10-2021,Women's Athletic Footwear,Northeast,Foot Locker,Online,Delaware,52,23,4
4870,14-04-2021,Women's Athletic Footwear,Northeast,Foot Locker,Online,Delaware,32,14,4
4871,13-09-2021,Women's Athletic Footwear,Northeast,Foot Locker,Online,Delaware,41,25,6
4872,13-05-2021,Women's Athletic Footwear,Northeast,Foot Locker,Online,Delaware,41,27,7
4873,13-03-2021,Women's Athletic Footwear,Northeast,Foot Locker,Online,Delaware,32,10,3
4874,13-07-2021,Women's Athletic Footwear,Northeast,Foot Locker,Online,Delaware,43,39,9
4875,15-02-2021,Women's Athletic Footwear,Northeast,Foot Locker,Online,Delaware,33,15,5
4876,15-06-2021,Women's Athletic Footwear,Northeast,Foot Locker,Online,Delaware,41,31,8
4877,21-11-2021,Women's Athletic Footwear,Northeast,Foot Locker,Online,Maryland,48,20,4
4878,20-12-2021,Women's Athletic Footwear,Northeast,Foot Locker,Online,Maryland,49,22,4
4879,22-06-2021,Women's Athletic Footwear,Northeast,Foot Locker,Online,Maryland,37,16,4
4880,22-10-2021,Women's Athletic Footwear,Northeast,Foot Locker,Online,Maryland,49,10,2
4881,17-01-2021,Women's Athletic Footwear,Northeast,Foot Locker,Online,Maryland,32,15,5
4882,24-01-2021,Women's Athletic Footwear,Northeast,Foot Locker,Online,New Hampshire,49,19,4
4883,18-11-2021,Women's Athletic Footwear,Northeast,Foot Locker,Online,New Hampshire,64,54,9
4884,19-10-2021,Women's Athletic Footwear,Northeast,Foot Locker,Online,New Hampshire,62,29,5
4885,17-12-2021,Women's Athletic Footwear,Northeast,Foot Locker,Online,New Hampshire,62,55,9
4886,07-03-2020,Women's Athletic Footwear,Northeast,Foot Locker,Online,New York,47,123,26
4887,04-01-2020,Women's Athletic Footwear,Northeast,Foot Locker,Online,New York,41,101,25
4888,13-03-2020,Women's Athletic Footwear,Northeast,Foot Locker,Online,New York,46,112,24
4889,31-03-2020,Women's Athletic Footwear,Northeast,Foot Locker,Online,New York,47,113,24
4890,09-02-2020,Women's Athletic Footwear,Northeast,Foot Locker,Online,New York,46,106,23
4891,03-02-2020,Women's Athletic Footwear,Northeast,Foot Locker,Online,New York,41,98,24
4892,22-01-2020,Women's Athletic Footwear,Northeast,Foot Locker,Online,New York,44,91,21
4893,28-01-2020,Women's Athletic Footwear,Northeast,Foot Locker,Online,New York,43,93,22
4894,18-12-2021,Women's Athletic Footwear,Northeast,Foot Locker,Online,Pennsylvania,48,14,3
4895,12-11-2021,Women's Athletic Footwear,Northeast,Foot Locker,Online,Pennsylvania,42,8,2
4896,12-12-2021,Women's Athletic Footwear,Northeast,Foot Locker,Online,Pennsylvania,41,22,5
4897,18-11-2021,Women's Athletic Footwear,Northeast,Foot Locker,Online,Pennsylvania,51,15,3
4898,06-11-2021,Women's Athletic Footwear,Northeast,Foot Locker,Online,Pennsylvania,43,3,1
4899,24-12-2021,Women's Athletic Footwear,Northeast,Foot Locker,Online,Pennsylvania,56,25,4
4900,31-10-2021,Women's Athletic Footwear,Northeast,Foot Locker,Online,Pennsylvania,39,5,1
4901,30-11-2021,Women's Athletic Footwear,Northeast,Foot Locker,Online,Pennsylvania,51,22,4
4902,24-11-2021,Women's Athletic Footwear,Northeast,Foot Locker,Online,Pennsylvania,52,20,4
4903,30-12-2021,Women's Athletic Footwear,Northeast,Foot Locker,Online,Pennsylvania,57,30,5
4904,06-12-2021,Women's Athletic Footwear,Northeast,Foot Locker,Online,Pennsylvania,53,31,6
4905,06-03-2021,Women's Athletic Footwear,Northeast,Foot Locker,Online,Rhode Island,29,2,1
4906,08-10-2021,Women's Athletic Footwear,Northeast,Foot Locker,Online,Rhode Island,47,11,2
4907,06-07-2021,Women's Athletic Footwear,Northeast,Foot Locker,Online,Rhode Island,37,21,6
4908,06-05-2021,Women's Athletic Footwear,Northeast,Foot Locker,Online,Rhode Island,39,17,4
4909,07-04-2021,Women's Athletic Footwear,Northeast,Foot Locker,Online,Rhode Island,29,4,1
4910,07-08-2021,Women's Athletic Footwear,Northeast,Foot Locker,Online,Rhode Island,37,14,4
4911,08-02-2021,Women's Athletic Footwear,Northeast,Foot Locker,Online,Rhode Island,29,4,1
4912,06-09-2021,Women's Athletic Footwear,Northeast,Foot Locker,Online,Rhode Island,39,11,3
4913,08-06-2021,Women's Athletic Footwear,Northeast,Foot Locker,Online,Rhode Island,39,23,6
4914,24-01-2021,Women's Athletic Footwear,Northeast,Foot Locker,Online,West Virginia,28,6,2
4915,16-12-2021,Women's Athletic Footwear,Northeast,Foot Locker,Online,West Virginia,53,54,10
4916,17-11-2021,Women's Athletic Footwear,Northeast,Foot Locker,Online,West Virginia,38,35,9
4917,03-12-2021,Women's Street Footwear,Northeast,Foot Locker,Online,Connecticut,50,44,9
4918,04-11-2021,Women's Street Footwear,Northeast,Foot Locker,Online,Connecticut,51,41,8
4919,08-02-2021,Women's Street Footwear,Northeast,Foot Locker,Online,Connecticut,24,12,5
4920,10-01-2021,Women's Street Footwear,Northeast,Foot Locker,Online,Connecticut,24,15,6
4921,14-08-2021,Women's Street Footwear,Northeast,Foot Locker,Online,Delaware,42,44,11
4922,13-09-2021,Women's Street Footwear,Northeast,Foot Locker,Online,Delaware,43,26,6
4923,13-05-2021,Women's Street Footwear,Northeast,Foot Locker,Online,Delaware,41,33,8
4924,15-06-2021,Women's Street Footwear,Northeast,Foot Locker,Online,Delaware,43,37,9
4925,13-03-2021,Women's Street Footwear,Northeast,Foot Locker,Online,Delaware,29,20,7
4926,13-07-2021,Women's Street Footwear,Northeast,Foot Locker,Online,Delaware,41,42,10
4927,14-04-2021,Women's Street Footwear,Northeast,Foot Locker,Online,Delaware,27,16,6
4928,15-10-2021,Women's Street Footwear,Northeast,Foot Locker,Online,Delaware,50,26,5
4929,20-12-2021,Women's Street Footwear,Northeast,Foot Locker,Online,Maryland,45,29,7
4930,22-06-2021,Women's Street Footwear,Northeast,Foot Locker,Online,Maryland,37,17,5
4931,21-11-2021,Women's Street Footwear,Northeast,Foot Locker,Online,Maryland,49,24,5
4932,15-02-2021,Women's Street Footwear,Northeast,Foot Locker,Online,Maryland,27,19,7
4933,17-01-2021,Women's Street Footwear,Northeast,Foot Locker,Online,Maryland,29,26,9
4934,24-01-2021,Women's Street Footwear,Northeast,Foot Locker,Online,New Hampshire,44,40,9
4935,22-02-2021,Women's Street Footwear,Northeast,Foot Locker,Online,New Hampshire,43,36,8
4936,17-12-2021,Women's Street Footwear,Northeast,Foot Locker,Online,New Hampshire,62,67,11
4937,19-10-2021,Women's Street Footwear,Northeast,Foot Locker,Online,New Hampshire,59,32,5
4938,18-11-2021,Women's Street Footwear,Northeast,Foot Locker,Online,New Hampshire,63,66,10
4939,12-03-2020,Women's Street Footwear,Northeast,Foot Locker,Online,New York,46,114,25
4940,03-01-2020,Women's Street Footwear,Northeast,Foot Locker,Online,New York,36,90,25
4941,18-03-2020,Women's Street Footwear,Northeast,Foot Locker,Online,New York,45,116,26
4942,21-01-2020,Women's Street Footwear,Northeast,Foot Locker,Online,New York,36,99,28
4943,08-02-2020,Women's Street Footwear,Northeast,Foot Locker,Online,New York,46,120,26
4944,06-03-2020,Women's Street Footwear,Northeast,Foot Locker,Online,New York,46,128,28
4945,27-01-2020,Women's Street Footwear,Northeast,Foot Locker,Online,New York,39,96,25
4946,02-02-2020,Women's Street Footwear,Northeast,Foot Locker,Online,New York,39,98,25
4947,11-12-2021,Women's Street Footwear,Northeast,Foot Locker,Online,Pennsylvania,41,21,5
4948,17-12-2021,Women's Street Footwear,Northeast,Foot Locker,Online,Pennsylvania,48,16,3
4949,11-11-2021,Women's Street Footwear,Northeast,Foot Locker,Online,Pennsylvania,38,14,4
4950,17-11-2021,Women's Street Footwear,Northeast,Foot Locker,Online,Pennsylvania,52,22,4
4951,29-11-2021,Women's Street Footwear,Northeast,Foot Locker,Online,Pennsylvania,51,30,6
4952,23-11-2021,Women's Street Footwear,Northeast,Foot Locker,Online,Pennsylvania,52,23,4
4953,30-10-2021,Women's Street Footwear,Northeast,Foot Locker,Online,Pennsylvania,34,16,5
4954,23-12-2021,Women's Street Footwear,Northeast,Foot Locker,Online,Pennsylvania,55,30,6
4955,29-12-2021,Women's Street Footwear,Northeast,Foot Locker,Online,Pennsylvania,55,36,7
4956,05-11-2021,Women's Street Footwear,Northeast,Foot Locker,Online,Pennsylvania,36,18,5
4957,05-12-2021,Women's Street Footwear,Northeast,Foot Locker,Online,Pennsylvania,54,33,6
4958,06-09-2021,Women's Street Footwear,Northeast,Foot Locker,Online,Rhode Island,36,14,4
4959,06-03-2021,Women's Street Footwear,Northeast,Foot Locker,Online,Rhode Island,23,12,5
4960,07-04-2021,Women's Street Footwear,Northeast,Foot Locker,Online,Rhode Island,24,9,4
4961,06-07-2021,Women's Street Footwear,Northeast,Foot Locker,Online,Rhode Island,37,24,7
4962,08-10-2021,Women's Street Footwear,Northeast,Foot Locker,Online,Rhode Island,45,13,3
4963,06-05-2021,Women's Street Footwear,Northeast,Foot Locker,Online,Rhode Island,39,23,6
4964,07-08-2021,Women's Street Footwear,Northeast,Foot Locker,Online,Rhode Island,38,29,8
4965,08-06-2021,Women's Street Footwear,Northeast,Foot Locker,Online,Rhode Island,39,25,7
4966,24-01-2021,Women's Street Footwear,Northeast,Foot Locker,Online,West Virginia,24,15,6
4967,17-11-2021,Women's Street Footwear,Northeast,Foot Locker,Online,West Virginia,32,25,8
4968,10-01-2021,Men's Apparel,Northeast,Kohl's,Online,Delaware,41,19,5
4969,14-11-2021,Men's Apparel,Northeast,Kohl's,Online,Delaware,60,43,7
4970,13-12-2021,Men's Apparel,Northeast,Kohl's,Online,Delaware,61,56,9
4971,08-02-2021,Men's Apparel,Northeast,Kohl's,Online,New Jersey,41,19,5
4972,06-09-2021,Men's Apparel,Northeast,Kohl's,Online,New Jersey,47,19,4
4973,06-05-2021,Men's Apparel,Northeast,Kohl's,Online,New Jersey,47,32,7
4974,08-10-2021,Men's Apparel,Northeast,Kohl's,Online,New Jersey,58,22,4
4975,07-08-2021,Men's Apparel,Northeast,Kohl's,Online,New Jersey,46,21,5
4976,06-07-2021,Men's Apparel,Northeast,Kohl's,Online,New Jersey,48,36,7
4977,07-04-2021,Men's Apparel,Northeast,Kohl's,Online,New Jersey,44,12,3
4978,06-03-2021,Men's Apparel,Northeast,Kohl's,Online,New Jersey,43,15,3
4979,08-06-2021,Men's Apparel,Northeast,Kohl's,Online,New Jersey,46,30,7
4980,14-01-2021,Men's Apparel,Northeast,Kohl's,Online,New York,49,71,15
4981,08-12-2021,Men's Apparel,Northeast,Kohl's,Online,New York,60,93,16
4982,14-11-2021,Men's Athletic Footwear,Northeast,Kohl's,Online,Delaware,53,45,9
4983,10-01-2021,Men's Athletic Footwear,Northeast,Kohl's,Online,Delaware,33,25,8
4984,13-12-2021,Men's Athletic Footwear,Northeast,Kohl's,Online,Delaware,50,50,10
4985,08-02-2021,Men's Athletic Footwear,Northeast,Kohl's,Online,Delaware,32,17,5
4986,07-04-2021,Men's Athletic Footwear,Northeast,Kohl's,Online,New Jersey,33,17,5
4987,08-06-2021,Men's Athletic Footwear,Northeast,Kohl's,Online,New Jersey,44,46,11
4988,07-08-2021,Men's Athletic Footwear,Northeast,Kohl's,Online,New Jersey,42,42,10
4989,06-03-2021,Men's Athletic Footwear,Northeast,Kohl's,Online,New Jersey,32,19,6
4990,06-05-2021,Men's Athletic Footwear,Northeast,Kohl's,Online,New Jersey,41,28,7
4991,06-09-2021,Men's Athletic Footwear,Northeast,Kohl's,Online,New Jersey,41,30,7
4992,06-07-2021,Men's Athletic Footwear,Northeast,Kohl's,Online,New Jersey,42,41,10
4993,08-10-2021,Men's Athletic Footwear,Northeast,Kohl's,Online,New Jersey,48,30,6
4994,12-02-2021,Men's Athletic Footwear,Northeast,Kohl's,Online,New York,37,54,15
4995,14-01-2021,Men's Athletic Footwear,Northeast,Kohl's,Online,New York,39,61,16
4996,14-11-2021,Men's Street Footwear,Northeast,Kohl's,Online,Delaware,60,81,14
4997,13-12-2021,Men's Street Footwear,Northeast,Kohl's,Online,Delaware,62,104,17
4998,08-02-2021,Men's Street Footwear,Northeast,Kohl's,Online,Delaware,34,50,15
4999,10-01-2021,Men's Street Footwear,Northeast,Kohl's,Online,Delaware,32,44,14
5000,06-03-2021,Men's Street Footwear,Northeast,Kohl's,Online,New Jersey,32,46,14
5001,08-06-2021,Men's Street Footwear,Northeast,Kohl's,Online,New Jersey,45,70,16
5002,08-10-2021,Men's Street Footwear,Northeast,Kohl's,Online,New Jersey,53,63,12
5003,06-07-2021,Men's Street Footwear,Northeast,Kohl's,Online,New Jersey,47,88,19
5004,06-05-2021,Men's Street Footwear,Northeast,Kohl's,Online,New Jersey,48,62,13
5005,07-08-2021,Men's Street Footwear,Northeast,Kohl's,Online,New Jersey,47,85,18
5006,06-09-2021,Men's Street Footwear,Northeast,Kohl's,Online,New Jersey,46,57,12
5007,07-04-2021,Men's Street Footwear,Northeast,Kohl's,Online,New Jersey,34,45,13
5008,12-02-2021,Men's Street Footwear,Northeast,Kohl's,Online,New York,37,88,24
5009,14-01-2021,Men's Street Footwear,Northeast,Kohl's,Online,New York,39,84,22
5010,13-12-2021,Women's Apparel,Northeast,Kohl's,Online,Delaware,65,80,12
5011,10-01-2021,Women's Apparel,Northeast,Kohl's,Online,Delaware,33,23,7
5012,15-10-2021,Women's Apparel,Northeast,Kohl's,Online,Delaware,63,49,8
5013,14-11-2021,Women's Apparel,Northeast,Kohl's,Online,Delaware,64,63,10
5014,06-03-2021,Women's Apparel,Northeast,Kohl's,Online,New Jersey,32,20,6
5015,08-06-2021,Women's Apparel,Northeast,Kohl's,Online,New Jersey,50,60,12
5016,06-05-2021,Women's Apparel,Northeast,Kohl's,Online,New Jersey,51,52,10
5017,08-02-2021,Women's Apparel,Northeast,Kohl's,Online,New Jersey,32,24,7
5018,06-09-2021,Women's Apparel,Northeast,Kohl's,Online,New Jersey,50,37,7
5019,07-08-2021,Women's Apparel,Northeast,Kohl's,Online,New Jersey,52,55,11
5020,06-07-2021,Women's Apparel,Northeast,Kohl's,Online,New Jersey,54,71,13
5021,07-04-2021,Women's Apparel,Northeast,Kohl's,Online,New Jersey,33,22,7
5022,14-01-2021,Women's Apparel,Northeast,Kohl's,Online,New York,38,59,16
5023,08-12-2021,Women's Apparel,Northeast,Kohl's,Online,New York,69,126,18
5024,10-01-2021,Women's Athletic Footwear,Northeast,Kohl's,Online,Delaware,27,10,4
5025,14-11-2021,Women's Athletic Footwear,Northeast,Kohl's,Online,Delaware,51,43,8
5026,13-12-2021,Women's Athletic Footwear,Northeast,Kohl's,Online,Delaware,53,52,10
5027,06-05-2021,Women's Athletic Footwear,Northeast,Kohl's,Online,New Jersey,38,21,6
5028,07-04-2021,Women's Athletic Footwear,Northeast,Kohl's,Online,New Jersey,27,7,3
5029,07-08-2021,Women's Athletic Footwear,Northeast,Kohl's,Online,New Jersey,36,19,5
5030,06-03-2021,Women's Athletic Footwear,Northeast,Kohl's,Online,New Jersey,27,6,2
5031,08-10-2021,Women's Athletic Footwear,Northeast,Kohl's,Online,New Jersey,48,15,3
5032,08-02-2021,Women's Athletic Footwear,Northeast,Kohl's,Online,New Jersey,29,9,3
5033,06-09-2021,Women's Athletic Footwear,Northeast,Kohl's,Online,New Jersey,37,14,4
5034,06-07-2021,Women's Athletic Footwear,Northeast,Kohl's,Online,New Jersey,36,23,6
5035,08-06-2021,Women's Athletic Footwear,Northeast,Kohl's,Online,New Jersey,39,25,7
5036,08-12-2021,Women's Athletic Footwear,Northeast,Kohl's,Online,New York,54,84,16
5037,14-01-2021,Women's Athletic Footwear,Northeast,Kohl's,Online,New York,34,45,13
5038,08-02-2021,Women's Street Footwear,Northeast,Kohl's,Online,Delaware,24,15,6
5039,10-01-2021,Women's Street Footwear,Northeast,Kohl's,Online,Delaware,24,17,7
5040,14-11-2021,Women's Street Footwear,Northeast,Kohl's,Online,Delaware,52,45,9
5041,13-12-2021,Women's Street Footwear,Northeast,Kohl's,Online,Delaware,50,55,11
5042,07-04-2021,Women's Street Footwear,Northeast,Kohl's,Online,New Jersey,24,12,5
5043,06-05-2021,Women's Street Footwear,Northeast,Kohl's,Online,New Jersey,38,29,8
5044,08-10-2021,Women's Street Footwear,Northeast,Kohl's,Online,New Jersey,46,19,4
5045,06-07-2021,Women's Street Footwear,Northeast,Kohl's,Online,New Jersey,37,30,8
5046,06-03-2021,Women's Street Footwear,Northeast,Kohl's,Online,New Jersey,24,14,6
5047,08-06-2021,Women's Street Footwear,Northeast,Kohl's,Online,New Jersey,38,26,7
5048,06-09-2021,Women's Street Footwear,Northeast,Kohl's,Online,New Jersey,39,20,5
5049,07-08-2021,Women's Street Footwear,Northeast,Kohl's,Online,New Jersey,37,28,8
5050,08-12-2021,Women's Street Footwear,Northeast,Kohl's,Online,New York,52,85,16
5051,14-01-2021,Women's Street Footwear,Northeast,Kohl's,Online,New York,29,49,17
5052,12-02-2021,Women's Street Footwear,Northeast,Kohl's,Online,New York,29,41,14
5053,03-03-2021,Men's Apparel,Northeast,Sports Direct,Online,Connecticut,48,19,4
5054,03-09-2021,Men's Apparel,Northeast,Sports Direct,Online,Connecticut,50,26,5
5055,05-10-2021,Men's Apparel,Northeast,Sports Direct,Online,Connecticut,64,27,4
5056,05-02-2021,Men's Apparel,Northeast,Sports Direct,Online,Connecticut,49,29,6
5057,03-05-2021,Men's Apparel,Northeast,Sports Direct,Online,Connecticut,50,35,7
5058,04-08-2021,Men's Apparel,Northeast,Sports Direct,Online,Connecticut,51,27,5
5059,05-06-2021,Men's Apparel,Northeast,Sports Direct,Online,Connecticut,53,39,7
5060,03-07-2021,Men's Apparel,Northeast,Sports Direct,Online,Connecticut,53,43,8
5061,04-04-2021,Men's Apparel,Northeast,Sports Direct,Online,Connecticut,46,16,4
5062,20-09-2021,Men's Apparel,Northeast,Sports Direct,Online,Maryland,48,14,3
5063,20-07-2021,Men's Apparel,Northeast,Sports Direct,Online,Maryland,46,23,5
5064,21-08-2021,Men's Apparel,Northeast,Sports Direct,Online,Maryland,47,18,4
5065,15-10-2021,Men's Apparel,Northeast,Sports Direct,Online,Massachusetts,62,17,3
5066,13-09-2021,Men's Apparel,Northeast,Sports Direct,Online,Massachusetts,52,18,3
5067,14-08-2021,Men's Apparel,Northeast,Sports Direct,Online,Massachusetts,50,22,4
5068,15-02-2021,Men's Apparel,Northeast,Sports Direct,Online,Massachusetts,48,20,4
5069,14-04-2021,Men's Apparel,Northeast,Sports Direct,Online,Massachusetts,49,16,3
5070,13-05-2021,Men's Apparel,Northeast,Sports Direct,Online,Massachusetts,50,27,5
5071,15-06-2021,Men's Apparel,Northeast,Sports Direct,Online,Massachusetts,51,30,6
5072,13-03-2021,Men's Apparel,Northeast,Sports Direct,Online,Massachusetts,46,13,3
5073,13-07-2021,Men's Apparel,Northeast,Sports Direct,Online,Massachusetts,53,36,7
5074,07-01-2021,Men's Apparel,Northeast,Sports Direct,Online,New Jersey,49,29,6
5075,07-11-2021,Men's Apparel,Northeast,Sports Direct,Online,New Jersey,55,32,6
5076,06-12-2021,Men's Apparel,Northeast,Sports Direct,Online,New Jersey,55,46,8
5077,17-01-2021,Men's Apparel,Northeast,Sports Direct,Online,Rhode Island,48,20,4
5078,06-12-2021,Men's Apparel,Northeast,Sports Direct,Online,Rhode Island,56,38,7
5079,07-11-2021,Men's Apparel,Northeast,Sports Direct,Online,Rhode Island,58,26,4
5080,05-06-2021,Men's Athletic Footwear,Northeast,Sports Direct,Online,Connecticut,48,45,9
5081,05-10-2021,Men's Athletic Footwear,Northeast,Sports Direct,Online,Connecticut,52,37,7
5082,03-09-2021,Men's Athletic Footwear,Northeast,Sports Direct,Online,Connecticut,47,35,8
5083,03-05-2021,Men's Athletic Footwear,Northeast,Sports Direct,Online,Connecticut,48,35,7
5084,03-07-2021,Men's Athletic Footwear,Northeast,Sports Direct,Online,Connecticut,48,54,11
5085,03-03-2021,Men's Athletic Footwear,Northeast,Sports Direct,Online,Connecticut,38,21,6
5086,04-04-2021,Men's Athletic Footwear,Northeast,Sports Direct,Online,Connecticut,38,22,6
5087,04-08-2021,Men's Athletic Footwear,Northeast,Sports Direct,Online,Connecticut,48,52,11
5088,20-09-2021,Men's Athletic Footwear,Northeast,Sports Direct,Online,Maryland,44,28,6
5089,22-10-2021,Men's Athletic Footwear,Northeast,Sports Direct,Online,Maryland,48,28,6
5090,20-07-2021,Men's Athletic Footwear,Northeast,Sports Direct,Online,Maryland,42,30,7
5091,21-08-2021,Men's Athletic Footwear,Northeast,Sports Direct,Online,Maryland,41,34,8
5092,13-09-2021,Men's Athletic Footwear,Northeast,Sports Direct,Online,Massachusetts,49,31,6
5093,14-08-2021,Men's Athletic Footwear,Northeast,Sports Direct,Online,Massachusetts,47,41,9
5094,15-06-2021,Men's Athletic Footwear,Northeast,Sports Direct,Online,Massachusetts,47,44,9
5095,13-05-2021,Men's Athletic Footwear,Northeast,Sports Direct,Online,Massachusetts,47,25,5
5096,13-07-2021,Men's Athletic Footwear,Northeast,Sports Direct,Online,Massachusetts,49,51,11
5097,14-04-2021,Men's Athletic Footwear,Northeast,Sports Direct,Online,Massachusetts,37,17,5
5098,13-03-2021,Men's Athletic Footwear,Northeast,Sports Direct,Online,Massachusetts,38,18,5
5099,15-10-2021,Men's Athletic Footwear,Northeast,Sports Direct,Online,Massachusetts,53,30,6
5100,06-12-2021,Men's Athletic Footwear,Northeast,Sports Direct,Online,New Jersey,49,51,11
5101,07-11-2021,Men's Athletic Footwear,Northeast,Sports Direct,Online,New Jersey,46,37,8
5102,05-02-2021,Men's Athletic Footwear,Northeast,Sports Direct,Online,New Jersey,37,20,5
5103,07-01-2021,Men's Athletic Footwear,Northeast,Sports Direct,Online,New Jersey,37,32,9
5104,15-02-2021,Men's Athletic Footwear,Northeast,Sports Direct,Online,Rhode Island,38,16,4
5105,17-01-2021,Men's Athletic Footwear,Northeast,Sports Direct,Online,Rhode Island,38,26,7
5106,07-11-2021,Men's Athletic Footwear,Northeast,Sports Direct,Online,Rhode Island,46,29,6
5107,06-12-2021,Men's Athletic Footwear,Northeast,Sports Direct,Online,Rhode Island,45,35,8
5108,04-04-2021,Men's Street Footwear,Northeast,Sports Direct,Online,Connecticut,36,54,15
5109,03-03-2021,Men's Street Footwear,Northeast,Sports Direct,Online,Connecticut,39,51,13
5110,03-05-2021,Men's Street Footwear,Northeast,Sports Direct,Online,Connecticut,54,77,14
5111,03-09-2021,Men's Street Footwear,Northeast,Sports Direct,Online,Connecticut,52,65,13
5112,03-07-2021,Men's Street Footwear,Northeast,Sports Direct,Online,Connecticut,54,102,19
5113,05-06-2021,Men's Street Footwear,Northeast,Sports Direct,Online,Connecticut,50,88,18
5114,04-08-2021,Men's Street Footwear,Northeast,Sports Direct,Online,Connecticut,51,83,16
5115,05-10-2021,Men's Street Footwear,Northeast,Sports Direct,Online,Connecticut,59,67,11
5116,20-09-2021,Men's Street Footwear,Northeast,Sports Direct,Online,Maryland,49,63,13
5117,21-08-2021,Men's Street Footwear,Northeast,Sports Direct,Online,Maryland,48,65,14
5118,22-10-2021,Men's Street Footwear,Northeast,Sports Direct,Online,Maryland,52,59,11
5119,15-06-2021,Men's Street Footwear,Northeast,Sports Direct,Online,Massachusetts,51,79,16
5120,13-07-2021,Men's Street Footwear,Northeast,Sports Direct,Online,Massachusetts,52,78,15
5121,13-09-2021,Men's Street Footwear,Northeast,Sports Direct,Online,Massachusetts,53,72,14
5122,13-05-2021,Men's Street Footwear,Northeast,Sports Direct,Online,Massachusetts,53,68,13
5123,13-03-2021,Men's Street Footwear,Northeast,Sports Direct,Online,Massachusetts,38,48,13
5124,14-08-2021,Men's Street Footwear,Northeast,Sports Direct,Online,Massachusetts,50,81,16
5125,14-04-2021,Men's Street Footwear,Northeast,Sports Direct,Online,Massachusetts,38,44,12
5126,15-10-2021,Men's Street Footwear,Northeast,Sports Direct,Online,Massachusetts,57,68,12
5127,06-12-2021,Men's Street Footwear,Northeast,Sports Direct,Online,New Jersey,55,82,15
5128,07-11-2021,Men's Street Footwear,Northeast,Sports Direct,Online,New Jersey,59,64,11
5129,05-02-2021,Men's Street Footwear,Northeast,Sports Direct,Online,New Jersey,39,58,15
5130,07-01-2021,Men's Street Footwear,Northeast,Sports Direct,Online,New Jersey,38,48,13
5131,15-02-2021,Men's Street Footwear,Northeast,Sports Direct,Online,Rhode Island,36,50,14
5132,17-01-2021,Men's Street Footwear,Northeast,Sports Direct,Online,Rhode Island,38,48,13
5133,07-11-2021,Men's Street Footwear,Northeast,Sports Direct,Online,Rhode Island,55,52,10
5134,06-12-2021,Men's Street Footwear,Northeast,Sports Direct,Online,Rhode Island,54,73,14
5135,05-02-2021,Women's Apparel,Northeast,Sports Direct,Online,Connecticut,39,33,8
5136,03-07-2021,Women's Apparel,Northeast,Sports Direct,Online,Connecticut,56,80,14
5137,03-03-2021,Women's Apparel,Northeast,Sports Direct,Online,Connecticut,38,28,7
5138,03-09-2021,Women's Apparel,Northeast,Sports Direct,Online,Connecticut,54,45,8
5139,03-05-2021,Women's Apparel,Northeast,Sports Direct,Online,Connecticut,55,62,11
5140,05-06-2021,Women's Apparel,Northeast,Sports Direct,Online,Connecticut,56,69,12
5141,04-04-2021,Women's Apparel,Northeast,Sports Direct,Online,Connecticut,36,25,7
5142,04-08-2021,Women's Apparel,Northeast,Sports Direct,Online,Connecticut,55,58,11
5143,20-09-2021,Women's Apparel,Northeast,Sports Direct,Online,Maryland,54,27,5
5144,20-07-2021,Women's Apparel,Northeast,Sports Direct,Online,Maryland,54,55,10
5145,21-08-2021,Women's Apparel,Northeast,Sports Direct,Online,Maryland,53,43,8
5146,15-06-2021,Women's Apparel,Northeast,Sports Direct,Online,Massachusetts,54,55,10
5147,13-03-2021,Women's Apparel,Northeast,Sports Direct,Online,Massachusetts,39,21,5
5148,13-05-2021,Women's Apparel,Northeast,Sports Direct,Online,Massachusetts,55,48,9
5149,13-07-2021,Women's Apparel,Northeast,Sports Direct,Online,Massachusetts,55,70,13
5150,15-02-2021,Women's Apparel,Northeast,Sports Direct,Online,Massachusetts,38,29,8
5151,14-04-2021,Women's Apparel,Northeast,Sports Direct,Online,Massachusetts,39,32,8
5152,13-09-2021,Women's Apparel,Northeast,Sports Direct,Online,Massachusetts,57,36,6
5153,14-08-2021,Women's Apparel,Northeast,Sports Direct,Online,Massachusetts,58,53,9
5154,07-01-2021,Women's Apparel,Northeast,Sports Direct,Online,New Jersey,37,30,8
5155,07-11-2021,Women's Apparel,Northeast,Sports Direct,Online,New Jersey,59,54,9
5156,08-10-2021,Women's Apparel,Northeast,Sports Direct,Online,New Jersey,62,42,7
5157,06-12-2021,Women's Apparel,Northeast,Sports Direct,Online,New Jersey,59,60,10
5158,17-01-2021,Women's Apparel,Northeast,Sports Direct,Online,Rhode Island,38,27,7
5159,08-10-2021,Women's Apparel,Northeast,Sports Direct,Online,Rhode Island,64,37,6
5160,07-11-2021,Women's Apparel,Northeast,Sports Direct,Online,Rhode Island,60,46,8
5161,06-12-2021,Women's Apparel,Northeast,Sports Direct,Online,Rhode Island,60,51,9
5162,05-10-2021,Women's Athletic Footwear,Northeast,Sports Direct,Online,Connecticut,50,19,4
5163,04-08-2021,Women's Athletic Footwear,Northeast,Sports Direct,Online,Connecticut,41,28,7
5164,03-05-2021,Women's Athletic Footwear,Northeast,Sports Direct,Online,Connecticut,44,28,6
5165,03-03-2021,Women's Athletic Footwear,Northeast,Sports Direct,Online,Connecticut,32,10,3
5166,05-06-2021,Women's Athletic Footwear,Northeast,Sports Direct,Online,Connecticut,42,34,8
5167,05-02-2021,Women's Athletic Footwear,Northeast,Sports Direct,Online,Connecticut,32,11,3
5168,03-07-2021,Women's Athletic Footwear,Northeast,Sports Direct,Online,Connecticut,42,34,8
5169,04-04-2021,Women's Athletic Footwear,Northeast,Sports Direct,Online,Connecticut,32,12,4
5170,03-09-2021,Women's Athletic Footwear,Northeast,Sports Direct,Online,Connecticut,41,19,5
5171,20-09-2021,Women's Athletic Footwear,Northeast,Sports Direct,Online,Maryland,36,9,3
5172,21-08-2021,Women's Athletic Footwear,Northeast,Sports Direct,Online,Maryland,37,16,4
5173,20-07-2021,Women's Athletic Footwear,Northeast,Sports Direct,Online,Maryland,36,16,5
5174,15-06-2021,Women's Athletic Footwear,Northeast,Sports Direct,Online,Massachusetts,41,27,7
5175,13-03-2021,Women's Athletic Footwear,Northeast,Sports Direct,Online,Massachusetts,34,30,9
5176,14-08-2021,Women's Athletic Footwear,Northeast,Sports Direct,Online,Massachusetts,42,21,5
5177,13-07-2021,Women's Athletic Footwear,Northeast,Sports Direct,Online,Massachusetts,44,25,6
5178,15-02-2021,Women's Athletic Footwear,Northeast,Sports Direct,Online,Massachusetts,32,22,7
5179,15-10-2021,Women's Athletic Footwear,Northeast,Sports Direct,Online,Massachusetts,54,15,3
5180,14-04-2021,Women's Athletic Footwear,Northeast,Sports Direct,Online,Massachusetts,32,11,4
5181,13-05-2021,Women's Athletic Footwear,Northeast,Sports Direct,Online,Massachusetts,44,21,5
5182,13-09-2021,Women's Athletic Footwear,Northeast,Sports Direct,Online,Massachusetts,42,15,4
5183,07-01-2021,Women's Athletic Footwear,Northeast,Sports Direct,Online,New Jersey,33,14,4
5184,06-12-2021,Women's Athletic Footwear,Northeast,Sports Direct,Online,New Jersey,47,39,8
5185,07-11-2021,Women's Athletic Footwear,Northeast,Sports Direct,Online,New Jersey,49,32,7
5186,17-01-2021,Women's Athletic Footwear,Northeast,Sports Direct,Online,Rhode Island,34,9,3
5187,06-12-2021,Women's Athletic Footwear,Northeast,Sports Direct,Online,Rhode Island,48,31,7
5188,07-11-2021,Women's Athletic Footwear,Northeast,Sports Direct,Online,Rhode Island,48,28,6
5189,03-05-2021,Women's Street Footwear,Northeast,Sports Direct,Online,Connecticut,43,32,7
5190,04-08-2021,Women's Street Footwear,Northeast,Sports Direct,Online,Connecticut,41,35,9
5191,04-04-2021,Women's Street Footwear,Northeast,Sports Direct,Online,Connecticut,29,16,6
5192,05-10-2021,Women's Street Footwear,Northeast,Sports Direct,Online,Connecticut,53,26,5
5193,03-09-2021,Women's Street Footwear,Northeast,Sports Direct,Online,Connecticut,41,25,6
5194,03-07-2021,Women's Street Footwear,Northeast,Sports Direct,Online,Connecticut,44,36,8
5195,03-03-2021,Women's Street Footwear,Northeast,Sports Direct,Online,Connecticut,29,20,7
5196,05-06-2021,Women's Street Footwear,Northeast,Sports Direct,Online,Connecticut,42,37,9
5197,22-10-2021,Women's Street Footwear,Northeast,Sports Direct,Online,Maryland,49,12,3
5198,20-07-2021,Women's Street Footwear,Northeast,Sports Direct,Online,Maryland,37,22,6
5199,20-09-2021,Women's Street Footwear,Northeast,Sports Direct,Online,Maryland,38,14,4
5200,21-08-2021,Women's Street Footwear,Northeast,Sports Direct,Online,Maryland,39,23,6
5201,14-04-2021,Women's Street Footwear,Northeast,Sports Direct,Online,Massachusetts,29,12,4
5202,14-08-2021,Women's Street Footwear,Northeast,Sports Direct,Online,Massachusetts,42,29,7
5203,15-10-2021,Women's Street Footwear,Northeast,Sports Direct,Online,Massachusetts,53,18,3
5204,15-06-2021,Women's Street Footwear,Northeast,Sports Direct,Online,Massachusetts,42,29,7
5205,13-09-2021,Women's Street Footwear,Northeast,Sports Direct,Online,Massachusetts,41,16,4
5206,13-07-2021,Women's Street Footwear,Northeast,Sports Direct,Online,Massachusetts,41,32,8
5207,13-03-2021,Women's Street Footwear,Northeast,Sports Direct,Online,Massachusetts,28,14,5
5208,13-05-2021,Women's Street Footwear,Northeast,Sports Direct,Online,Massachusetts,41,23,6
5209,07-01-2021,Women's Street Footwear,Northeast,Sports Direct,Online,New Jersey,28,25,9
5210,05-02-2021,Women's Street Footwear,Northeast,Sports Direct,Online,New Jersey,29,19,7
5211,06-12-2021,Women's Street Footwear,Northeast,Sports Direct,Online,New Jersey,49,45,9
5212,07-11-2021,Women's Street Footwear,Northeast,Sports Direct,Online,New Jersey,48,33,7
5213,17-01-2021,Women's Street Footwear,Northeast,Sports Direct,Online,Rhode Island,27,20,7
5214,15-02-2021,Women's Street Footwear,Northeast,Sports Direct,Online,Rhode Island,29,17,6
5215,06-12-2021,Women's Street Footwear,Northeast,Sports Direct,Online,Rhode Island,47,35,7
5216,07-11-2021,Women's Street Footwear,Northeast,Sports Direct,Online,Rhode Island,48,31,6
5217,23-04-2020,Men's Apparel,Northeast,Walmart,Online,New York,58,146,25
5218,25-04-2020,Men's Apparel,Northeast,Walmart,Online,New York,64,151,24
5219,01-05-2020,Men's Apparel,Northeast,Walmart,Online,New York,64,163,25
5220,07-05-2020,Men's Apparel,Northeast,Walmart,Online,New York,60,157,26
5221,17-04-2020,Men's Apparel,Northeast,Walmart,Online,New York,54,146,27
5222,04-05-2020,Men's Athletic Footwear,Northeast,Walmart,Online,New York,51,153,30
5223,28-04-2020,Men's Athletic Footwear,Northeast,Walmart,Online,New York,53,145,27
5224,20-04-2020,Men's Athletic Footwear,Northeast,Walmart,Online,New York,50,135,27
5225,27-04-2020,Men's Street Footwear,Northeast,Walmart,Online,New York,60,179,30
5226,19-04-2020,Men's Street Footwear,Northeast,Walmart,Online,New York,56,202,36
5227,03-05-2020,Men's Street Footwear,Northeast,Walmart,Online,New York,62,193,31
5228,18-07-2020,Women's Apparel,Northeast,Walmart,Online,New York,68,197,29
5229,18-04-2020,Women's Apparel,Northeast,Walmart,Online,New York,62,180,29
5230,02-05-2020,Women's Apparel,Northeast,Walmart,Online,New York,66,174,26
5231,26-04-2020,Women's Apparel,Northeast,Walmart,Online,New York,68,197,29
5232,24-04-2020,Women's Apparel,Northeast,Walmart,Online,New York,59,165,28
5233,22-04-2020,Women's Athletic Footwear,Northeast,Walmart,Online,New York,47,118,25
5234,06-05-2020,Women's Athletic Footwear,Northeast,Walmart,Online,New York,54,122,23
5235,30-04-2020,Women's Athletic Footwear,Northeast,Walmart,Online,New York,50,126,25
5236,21-04-2020,Women's Street Footwear,Northeast,Walmart,Online,New York,47,126,27
5237,05-05-2020,Women's Street Footwear,Northeast,Walmart,Online,New York,54,154,29
5238,29-04-2020,Women's Street Footwear,Northeast,Walmart,Online,New York,52,134,26
5239,20-05-2021,Men's Apparel,Northeast,West Gear,Online,Maryland,49,18,4
5240,20-03-2021,Men's Apparel,Northeast,West Gear,Online,Maryland,43,9,2
5241,21-04-2021,Men's Apparel,Northeast,West Gear,Online,Maryland,41,6,2
5242,22-02-2021,Men's Apparel,Northeast,West Gear,Online,Maryland,41,13,3
5243,09-11-2021,Men's Apparel,Northeast,West Gear,Online,New York,62,95,15
5244,10-02-2021,Men's Apparel,Northeast,West Gear,Online,New York,50,77,15
5245,08-07-2021,Men's Apparel,Northeast,West Gear,Online,New York,62,104,17
5246,09-04-2021,Men's Apparel,Northeast,West Gear,Online,New York,50,62,12
5247,10-10-2021,Men's Apparel,Northeast,West Gear,Online,New York,59,89,15
5248,08-09-2021,Men's Apparel,Northeast,West Gear,Online,New York,51,67,13
5249,09-08-2021,Men's Apparel,Northeast,West Gear,Online,New York,52,77,15
5250,08-03-2021,Men's Apparel,Northeast,West Gear,Online,New York,51,68,13
5251,08-05-2021,Men's Apparel,Northeast,West Gear,Online,New York,56,77,14
5252,10-06-2021,Men's Apparel,Northeast,West Gear,Online,New York,62,93,15
5253,16-03-2021,Men's Apparel,Northeast,West Gear,Online,West Virginia,37,22,6
5254,18-09-2021,Men's Apparel,Northeast,West Gear,Online,West Virginia,32,20,6
5255,17-02-2021,Men's Apparel,Northeast,West Gear,Online,West Virginia,48,31,7
5256,18-05-2021,Men's Apparel,Northeast,West Gear,Online,West Virginia,42,29,7
5257,17-08-2021,Men's Apparel,Northeast,West Gear,Online,West Virginia,49,33,7
5258,16-07-2021,Men's Apparel,Northeast,West Gear,Online,West Virginia,54,47,9
5259,17-10-2021,Men's Apparel,Northeast,West Gear,Online,West Virginia,41,22,5
5260,17-06-2021,Men's Apparel,Northeast,West Gear,Online,West Virginia,41,30,7
5261,17-04-2021,Men's Apparel,Northeast,West Gear,Online,West Virginia,60,34,6
5262,20-05-2021,Men's Athletic Footwear,Northeast,West Gear,Online,Maryland,42,20,5
5263,21-04-2021,Men's Athletic Footwear,Northeast,West Gear,Online,Maryland,32,10,3
5264,20-03-2021,Men's Athletic Footwear,Northeast,West Gear,Online,Maryland,34,13,4
5265,22-06-2021,Men's Athletic Footwear,Northeast,West Gear,Online,Maryland,41,31,8
5266,09-04-2021,Men's Athletic Footwear,Northeast,West Gear,Online,New York,43,63,15
5267,08-09-2021,Men's Athletic Footwear,Northeast,West Gear,Online,New York,48,78,16
5268,09-08-2021,Men's Athletic Footwear,Northeast,West Gear,Online,New York,55,116,21
5269,08-07-2021,Men's Athletic Footwear,Northeast,West Gear,Online,New York,56,110,20
5270,08-03-2021,Men's Athletic Footwear,Northeast,West Gear,Online,New York,44,73,17
5271,10-10-2021,Men's Athletic Footwear,Northeast,West Gear,Online,New York,46,72,16
5272,08-05-2021,Men's Athletic Footwear,Northeast,West Gear,Online,New York,53,85,16
5273,10-06-2021,Men's Athletic Footwear,Northeast,West Gear,Online,New York,54,95,18
5274,09-11-2021,Men's Athletic Footwear,Northeast,West Gear,Online,New York,49,79,16
5275,08-12-2021,Men's Athletic Footwear,Northeast,West Gear,Online,New York,51,86,17
5276,11-11-2021,Men's Athletic Footwear,Northeast,West Gear,Online,Vermont,55,45,8
5277,22-02-2021,Men's Athletic Footwear,Northeast,West Gear,Online,West Virginia,34,13,4
5278,17-06-2021,Men's Athletic Footwear,Northeast,West Gear,Online,West Virginia,37,44,12
5279,18-05-2021,Men's Athletic Footwear,Northeast,West Gear,Online,West Virginia,37,32,9
5280,17-10-2021,Men's Athletic Footwear,Northeast,West Gear,Online,West Virginia,32,26,8
5281,18-09-2021,Men's Athletic Footwear,Northeast,West Gear,Online,West Virginia,29,26,9
5282,16-07-2021,Men's Athletic Footwear,Northeast,West Gear,Online,West Virginia,50,58,12
5283,16-03-2021,Men's Athletic Footwear,Northeast,West Gear,Online,West Virginia,27,19,7
5284,17-04-2021,Men's Athletic Footwear,Northeast,West Gear,Online,West Virginia,28,21,8
5285,17-08-2021,Men's Athletic Footwear,Northeast,West Gear,Online,West Virginia,42,38,9
5286,22-06-2021,Men's Street Footwear,Northeast,West Gear,Online,Maryland,47,59,13
5287,21-04-2021,Men's Street Footwear,Northeast,West Gear,Online,Maryland,33,42,13
5288,20-05-2021,Men's Street Footwear,Northeast,West Gear,Online,Maryland,49,58,12
5289,20-03-2021,Men's Street Footwear,Northeast,West Gear,Online,Maryland,32,40,13
5290,09-11-2021,Men's Street Footwear,Northeast,West Gear,Online,New York,56,122,22
5291,08-07-2021,Men's Street Footwear,Northeast,West Gear,Online,New York,59,146,25
5292,09-04-2021,Men's Street Footwear,Northeast,West Gear,Online,New York,42,104,25
5293,10-06-2021,Men's Street Footwear,Northeast,West Gear,Online,New York,59,155,26
5294,09-08-2021,Men's Street Footwear,Northeast,West Gear,Online,New York,62,155,25
5295,10-10-2021,Men's Street Footwear,Northeast,West Gear,Online,New York,57,119,21
5296,08-12-2021,Men's Street Footwear,Northeast,West Gear,Online,New York,59,145,25
5297,08-03-2021,Men's Street Footwear,Northeast,West Gear,Online,New York,44,111,25
5298,08-09-2021,Men's Street Footwear,Northeast,West Gear,Online,New York,50,119,24
5299,08-05-2021,Men's Street Footwear,Northeast,West Gear,Online,New York,50,131,26
5300,11-11-2021,Men's Street Footwear,Northeast,West Gear,Online,Vermont,64,81,13
5301,17-04-2021,Men's Street Footwear,Northeast,West Gear,Online,West Virginia,27,39,14
5302,16-03-2021,Men's Street Footwear,Northeast,West Gear,Online,West Virginia,28,46,17
5303,18-09-2021,Men's Street Footwear,Northeast,West Gear,Online,West Virginia,34,52,15
5304,17-06-2021,Men's Street Footwear,Northeast,West Gear,Online,West Virginia,43,65,15
5305,17-08-2021,Men's Street Footwear,Northeast,West Gear,Online,West Virginia,46,60,13
5306,16-07-2021,Men's Street Footwear,Northeast,West Gear,Online,West Virginia,55,100,18
5307,18-05-2021,Men's Street Footwear,Northeast,West Gear,Online,West Virginia,58,104,18
5308,17-10-2021,Men's Street Footwear,Northeast,West Gear,Online,West Virginia,41,47,12
5309,20-05-2021,Women's Apparel,Northeast,West Gear,Online,Maryland,52,33,6
5310,22-02-2021,Women's Apparel,Northeast,West Gear,Online,Maryland,34,21,6
5311,21-04-2021,Women's Apparel,Northeast,West Gear,Online,Maryland,32,17,5
5312,20-03-2021,Women's Apparel,Northeast,West Gear,Online,Maryland,33,16,5
5313,08-03-2021,Women's Apparel,Northeast,West Gear,Online,New York,43,69,16
5314,09-08-2021,Women's Apparel,Northeast,West Gear,Online,New York,55,120,22
5315,08-09-2021,Women's Apparel,Northeast,West Gear,Online,New York,59,92,16
5316,10-10-2021,Women's Apparel,Northeast,West Gear,Online,New York,64,100,16
5317,10-06-2021,Women's Apparel,Northeast,West Gear,Online,New York,69,125,18
5318,08-05-2021,Women's Apparel,Northeast,West Gear,Online,New York,59,100,17
5319,10-02-2021,Women's Apparel,Northeast,West Gear,Online,New York,42,76,18
5320,09-11-2021,Women's Apparel,Northeast,West Gear,Online,New York,68,120,18
5321,09-04-2021,Women's Apparel,Northeast,West Gear,Online,New York,41,64,16
5322,08-07-2021,Women's Apparel,Northeast,West Gear,Online,New York,66,128,19
5323,12-10-2021,Women's Apparel,Northeast,West Gear,Online,Vermont,71,58,8
5324,18-09-2021,Women's Apparel,Northeast,West Gear,Online,West Virginia,36,27,8
5325,17-04-2021,Women's Apparel,Northeast,West Gear,Online,West Virginia,47,44,9
5326,17-06-2021,Women's Apparel,Northeast,West Gear,Online,West Virginia,59,68,12
5327,17-02-2021,Women's Apparel,Northeast,West Gear,Online,West Virginia,24,25,11
5328,16-03-2021,Women's Apparel,Northeast,West Gear,Online,West Virginia,29,23,8
5329,17-08-2021,Women's Apparel,Northeast,West Gear,Online,West Virginia,54,62,12
5330,16-07-2021,Women's Apparel,Northeast,West Gear,Online,West Virginia,63,84,13
5331,18-05-2021,Women's Apparel,Northeast,West Gear,Online,West Virginia,52,49,10
5332,20-03-2021,Women's Athletic Footwear,Northeast,West Gear,Online,Maryland,29,2,1
5333,21-04-2021,Women's Athletic Footwear,Northeast,West Gear,Online,Maryland,27,4,1
5334,20-05-2021,Women's Athletic Footwear,Northeast,West Gear,Online,Maryland,37,11,3
5335,22-02-2021,Women's Athletic Footwear,Northeast,West Gear,Online,Maryland,28,4,1
5336,09-08-2021,Women's Athletic Footwear,Northeast,West Gear,Online,New York,41,62,15
5337,08-05-2021,Women's Athletic Footwear,Northeast,West Gear,Online,New York,47,61,13
5338,09-11-2021,Women's Athletic Footwear,Northeast,West Gear,Online,New York,47,68,14
5339,09-04-2021,Women's Athletic Footwear,Northeast,West Gear,Online,New York,37,50,14
5340,08-03-2021,Women's Athletic Footwear,Northeast,West Gear,Online,New York,39,41,11
5341,08-09-2021,Women's Athletic Footwear,Northeast,West Gear,Online,New York,44,60,14
5342,10-10-2021,Women's Athletic Footwear,Northeast,West Gear,Online,New York,45,61,14
5343,10-06-2021,Women's Athletic Footwear,Northeast,West Gear,Online,New York,49,71,14
5344,10-02-2021,Women's Athletic Footwear,Northeast,West Gear,Online,New York,37,49,13
5345,08-07-2021,Women's Athletic Footwear,Northeast,West Gear,Online,New York,53,80,15
5346,18-09-2021,Women's Athletic Footwear,Northeast,West Gear,Online,West Virginia,23,14,6
5347,17-08-2021,Women's Athletic Footwear,Northeast,West Gear,Online,West Virginia,36,26,7
5348,16-07-2021,Women's Athletic Footwear,Northeast,West Gear,Online,West Virginia,48,37,8
5349,17-04-2021,Women's Athletic Footwear,Northeast,West Gear,Online,West Virginia,25,12,5
5350,17-06-2021,Women's Athletic Footwear,Northeast,West Gear,Online,West Virginia,33,23,7
5351,16-03-2021,Women's Athletic Footwear,Northeast,West Gear,Online,West Virginia,23,11,5
5352,17-10-2021,Women's Athletic Footwear,Northeast,West Gear,Online,West Virginia,32,15,5
5353,17-02-2021,Women's Athletic Footwear,Northeast,West Gear,Online,West Virginia,34,17,5
5354,18-05-2021,Women's Athletic Footwear,Northeast,West Gear,Online,West Virginia,33,17,5
5355,20-05-2021,Women's Street Footwear,Northeast,West Gear,Online,Maryland,36,14,4
5356,21-04-2021,Women's Street Footwear,Northeast,West Gear,Online,Maryland,24,8,3
5357,20-03-2021,Women's Street Footwear,Northeast,West Gear,Online,Maryland,24,13,5
5358,08-09-2021,Women's Street Footwear,Northeast,West Gear,Online,New York,41,57,14
5359,08-07-2021,Women's Street Footwear,Northeast,West Gear,Online,New York,51,86,17
5360,08-03-2021,Women's Street Footwear,Northeast,West Gear,Online,New York,33,53,16
5361,09-04-2021,Women's Street Footwear,Northeast,West Gear,Online,New York,34,52,15
5362,09-11-2021,Women's Street Footwear,Northeast,West Gear,Online,New York,45,66,15
5363,08-05-2021,Women's Street Footwear,Northeast,West Gear,Online,New York,49,78,16
5364,09-08-2021,Women's Street Footwear,Northeast,West Gear,Online,New York,51,96,19
5365,10-06-2021,Women's Street Footwear,Northeast,West Gear,Online,New York,48,72,15
5366,10-10-2021,Women's Street Footwear,Northeast,West Gear,Online,New York,46,63,14
5367,11-11-2021,Women's Street Footwear,Northeast,West Gear,Online,Vermont,57,55,10
5368,22-02-2021,Women's Street Footwear,Northeast,West Gear,Online,West Virginia,24,11,5
5369,17-08-2021,Women's Street Footwear,Northeast,West Gear,Online,West Virginia,38,33,9
5370,17-10-2021,Women's Street Footwear,Northeast,West Gear,Online,West Virginia,33,15,4
5371,16-07-2021,Women's Street Footwear,Northeast,West Gear,Online,West Virginia,49,48,10
5372,16-12-2021,Women's Street Footwear,Northeast,West Gear,Online,West Virginia,50,56,11
5373,17-04-2021,Women's Street Footwear,Northeast,West Gear,Online,West Virginia,19,13,7
5374,16-03-2021,Women's Street Footwear,Northeast,West Gear,Online,West Virginia,19,17,9
5375,18-09-2021,Women's Street Footwear,Northeast,West Gear,Online,West Virginia,24,16,7
5376,17-06-2021,Women's Street Footwear,Northeast,West Gear,Online,West Virginia,33,27,8
5377,18-05-2021,Women's Street Footwear,Northeast,West Gear,Online,West Virginia,32,25,8
5378,13-10-2021,Men's Athletic Footwear,South,Amazon,Online,Alabama,38,29,8
5379,12-10-2021,Men's Street Footwear,South,Amazon,Online,Alabama,38,44,12
5380,15-10-2021,Women's Athletic Footwear,South,Amazon,Online,Alabama,34,10,3
5381,14-10-2021,Women's Street Footwear,South,Amazon,Online,Alabama,28,18,6
5382,16-03-2021,Men's Apparel,South,Foot Locker,Online,Mississippi,35,1138,33
5383,17-04-2021,Men's Apparel,South,Foot Locker,Online,Mississippi,40,1300,33
5384,18-02-2021,Men's Apparel,South,Foot Locker,Online,Mississippi,40,1600,40
5385,16-05-2021,Men's Apparel,South,Foot Locker,Online,Mississippi,45,1800,40
5386,18-06-2021,Men's Apparel,South,Foot Locker,Online,Mississippi,60,2700,45
5387,18-06-2021,Men's Apparel,South,Foot Locker,Online,Mississippi,57,77,14
5388,16-03-2021,Men's Apparel,South,Foot Locker,Online,Mississippi,32,26,8
5389,18-02-2021,Men's Apparel,South,Foot Locker,Online,Mississippi,39,42,11
5390,16-05-2021,Men's Apparel,South,Foot Locker,Online,Mississippi,41,48,12
5391,17-04-2021,Men's Apparel,South,Foot Locker,Online,Mississippi,38,31,8
5392,17-04-2021,Men's Athletic Footwear,South,Foot Locker,Online,Mississippi,25,938,38
5393,16-03-2021,Men's Athletic Footwear,South,Foot Locker,Online,Mississippi,25,1000,40
5394,16-05-2021,Men's Athletic Footwear,South,Foot Locker,Online,Mississippi,40,1800,45
5395,18-06-2021,Men's Athletic Footwear,South,Foot Locker,Online,Mississippi,40,2000,50
5396,16-05-2021,Men's Athletic Footwear,South,Foot Locker,Online,Mississippi,37,48,13
5397,16-03-2021,Men's Athletic Footwear,South,Foot Locker,Online,Mississippi,24,24,10
5398,18-06-2021,Men's Athletic Footwear,South,Foot Locker,Online,Mississippi,37,46,13
5399,17-04-2021,Men's Athletic Footwear,South,Foot Locker,Online,Mississippi,23,25,11
5400,22-05-2021,Men's Athletic Footwear,South,Foot Locker,Online,Tennessee,32,18,6
5401,23-10-2021,Men's Athletic Footwear,South,Foot Locker,Online,Texas,41,28,7
5402,17-04-2021,Men's Street Footwear,South,Foot Locker,Online,Mississippi,25,1688,68
5403,16-03-2021,Men's Street Footwear,South,Foot Locker,Online,Mississippi,25,1800,72
5404,16-05-2021,Men's Street Footwear,South,Foot Locker,Online,Mississippi,40,2980,75
5405,18-06-2021,Men's Street Footwear,South,Foot Locker,Online,Mississippi,45,3375,75
5406,16-07-2021,Men's Street Footwear,South,Foot Locker,Online,Mississippi,60,5100,85
5407,16-07-2021,Men's Street Footwear,South,Foot Locker,Online,Mississippi,58,128,22
5408,18-06-2021,Men's Street Footwear,South,Foot Locker,Online,Mississippi,44,92,21
5409,17-04-2021,Men's Street Footwear,South,Foot Locker,Online,Mississippi,23,39,17
5410,16-03-2021,Men's Street Footwear,South,Foot Locker,Online,Mississippi,23,43,19
5411,16-05-2021,Men's Street Footwear,South,Foot Locker,Online,Mississippi,39,76,19
5412,21-05-2021,Men's Street Footwear,South,Foot Locker,Online,Tennessee,32,38,12
5413,22-10-2021,Men's Street Footwear,South,Foot Locker,Online,Texas,44,49,11
5414,16-03-2021,Women's Apparel,South,Foot Locker,Online,Mississippi,25,1063,43
5415,18-02-2021,Women's Apparel,South,Foot Locker,Online,Mississippi,25,1250,50
5416,17-04-2021,Women's Apparel,South,Foot Locker,Online,Mississippi,30,1425,48
5417,16-05-2021,Women's Apparel,South,Foot Locker,Online,Mississippi,50,2500,50
5418,18-06-2021,Women's Apparel,South,Foot Locker,Online,Mississippi,65,4063,63
5419,18-02-2021,Women's Apparel,South,Foot Locker,Online,Mississippi,24,30,13
5420,17-04-2021,Women's Apparel,South,Foot Locker,Online,Mississippi,28,35,12
5421,16-03-2021,Women's Apparel,South,Foot Locker,Online,Mississippi,24,30,12
5422,18-06-2021,Women's Apparel,South,Foot Locker,Online,Mississippi,60,113,19
5423,16-05-2021,Women's Apparel,South,Foot Locker,Online,Mississippi,47,66,14
5424,16-03-2021,Women's Athletic Footwear,South,Foot Locker,Online,Mississippi,20,550,28
5425,17-04-2021,Women's Athletic Footwear,South,Foot Locker,Online,Mississippi,20,600,30
5426,18-02-2021,Women's Athletic Footwear,South,Foot Locker,Online,Mississippi,25,813,33
5427,16-05-2021,Women's Athletic Footwear,South,Foot Locker,Online,Mississippi,35,1313,38
5428,18-06-2021,Women's Athletic Footwear,South,Foot Locker,Online,Mississippi,45,2025,45
5429,18-02-2021,Women's Athletic Footwear,South,Foot Locker,Online,Mississippi,25,23,9
5430,18-06-2021,Women's Athletic Footwear,South,Foot Locker,Online,Mississippi,43,50,12
5431,16-05-2021,Women's Athletic Footwear,South,Foot Locker,Online,Mississippi,33,33,10
5432,17-04-2021,Women's Athletic Footwear,South,Foot Locker,Online,Mississippi,19,14,8
5433,16-03-2021,Women's Athletic Footwear,South,Foot Locker,Online,Mississippi,19,15,8
5434,24-05-2021,Women's Athletic Footwear,South,Foot Locker,Online,Tennessee,27,5,2
5435,25-10-2021,Women's Athletic Footwear,South,Foot Locker,Online,Texas,38,7,2
5436,17-04-2021,Women's Street Footwear,South,Foot Locker,Online,Mississippi,15,563,38
5437,16-03-2021,Women's Street Footwear,South,Foot Locker,Online,Mississippi,15,638,43
5438,16-05-2021,Women's Street Footwear,South,Foot Locker,Online,Mississippi,35,1488,43
5439,18-06-2021,Women's Street Footwear,South,Foot Locker,Online,Mississippi,45,2138,48
5440,16-03-2021,Women's Street Footwear,South,Foot Locker,Online,Mississippi,14,18,13
5441,16-05-2021,Women's Street Footwear,South,Foot Locker,Online,Mississippi,33,39,12
5442,17-04-2021,Women's Street Footwear,South,Foot Locker,Online,Mississippi,14,14,10
5443,18-06-2021,Women's Street Footwear,South,Foot Locker,Online,Mississippi,41,59,14
5444,23-05-2021,Women's Street Footwear,South,Foot Locker,Online,Tennessee,24,16,7
5445,24-10-2021,Women's Street Footwear,South,Foot Locker,Online,Texas,33,18,6
5446,16-12-2021,Men's Apparel,South,Sports Direct,Online,Mississippi,70,3325,48
5447,17-11-2021,Men's Apparel,South,Sports Direct,Online,Mississippi,75,3188,43
5448,17-11-2021,Men's Apparel,South,Sports Direct,Online,Mississippi,71,87,12
5449,16-12-2021,Men's Apparel,South,Sports Direct,Online,Mississippi,65,81,12
5450,17-11-2021,Men's Athletic Footwear,South,Sports Direct,Online,Mississippi,20,900,45
5451,16-12-2021,Men's Athletic Footwear,South,Sports Direct,Online,Mississippi,60,3450,58
5452,17-11-2021,Men's Athletic Footwear,South,Sports Direct,Online,Mississippi,18,21,12
5453,16-12-2021,Men's Athletic Footwear,South,Sports Direct,Online,Mississippi,58,90,16
5454,17-11-2021,Men's Street Footwear,South,Sports Direct,Online,Mississippi,30,1875,63
5455,16-12-2021,Men's Street Footwear,South,Sports Direct,Online,Mississippi,70,5425,78
5456,16-12-2021,Men's Street Footwear,South,Sports Direct,Online,Mississippi,68,132,19
5457,17-11-2021,Men's Street Footwear,South,Sports Direct,Online,Mississippi,28,46,16
5458,18-10-2021,Women's Apparel,South,Sports Direct,Online,Mississippi,35,1663,48
5459,17-11-2021,Women's Apparel,South,Sports Direct,Online,Mississippi,75,3938,53
5460,16-12-2021,Women's Apparel,South,Sports Direct,Online,Mississippi,75,4313,58
5461,17-11-2021,Women's Apparel,South,Sports Direct,Online,Mississippi,68,107,16
5462,16-12-2021,Women's Apparel,South,Sports Direct,Online,Mississippi,71,102,14
5463,18-10-2021,Women's Apparel,South,Sports Direct,Online,Mississippi,33,41,12
5464,16-12-2021,Women's Athletic Footwear,South,Sports Direct,Online,Mississippi,60,2850,48
5465,17-11-2021,Women's Athletic Footwear,South,Sports Direct,Online,Mississippi,60,2700,45
5466,16-12-2021,Women's Athletic Footwear,South,Sports Direct,Online,Mississippi,56,74,13
5467,17-11-2021,Women's Athletic Footwear,South,Sports Direct,Online,Mississippi,54,63,12
5468,17-11-2021,Women's Street Footwear,South,Sports Direct,Online,Mississippi,30,1185,40
5469,16-12-2021,Women's Street Footwear,South,Sports Direct,Online,Mississippi,60,3150,53
5470,17-11-2021,Women's Street Footwear,South,Sports Direct,Online,Mississippi,28,31,11
5471,16-12-2021,Women's Street Footwear,South,Sports Direct,Online,Mississippi,59,81,14
5472,16-09-2021,Men's Apparel,South,Walmart,Online,Mississippi,30,1200,40
5473,18-10-2021,Men's Apparel,South,Walmart,Online,Mississippi,35,1225,35
5474,17-08-2021,Men's Apparel,South,Walmart,Online,Mississippi,50,2250,45
5475,16-07-2021,Men's Apparel,South,Walmart,Online,Mississippi,60,3000,50
5476,17-08-2021,Men's Apparel,South,Walmart,Online,Mississippi,46,56,12
5477,16-09-2021,Men's Apparel,South,Walmart,Online,Mississippi,29,31,11
5478,16-07-2021,Men's Apparel,South,Walmart,Online,Mississippi,59,89,15
5479,18-10-2021,Men's Apparel,South,Walmart,Online,Mississippi,32,31,10
5480,18-10-2021,Men's Athletic Footwear,South,Walmart,Online,Mississippi,25,1250,50
5481,16-09-2021,Men's Athletic Footwear,South,Walmart,Online,Mississippi,45,2363,53
5482,16-07-2021,Men's Athletic Footwear,South,Walmart,Online,Mississippi,55,3300,60
5483,17-08-2021,Men's Athletic Footwear,South,Walmart,Online,Mississippi,55,3300,60
5484,18-10-2021,Men's Athletic Footwear,South,Walmart,Online,Mississippi,25,36,15
5485,16-09-2021,Men's Athletic Footwear,South,Walmart,Online,Mississippi,42,62,15
5486,16-07-2021,Men's Athletic Footwear,South,Walmart,Online,Mississippi,53,83,16
5487,17-08-2021,Men's Athletic Footwear,South,Walmart,Online,Mississippi,50,84,17
5488,18-10-2021,Men's Street Footwear,South,Walmart,Online,Mississippi,35,2363,68
5489,16-09-2021,Men's Street Footwear,South,Walmart,Online,Mississippi,50,3625,73
5490,17-08-2021,Men's Street Footwear,South,Walmart,Online,Mississippi,60,4950,83
5491,18-10-2021,Men's Street Footwear,South,Walmart,Online,Mississippi,32,56,18
5492,16-09-2021,Men's Street Footwear,South,Walmart,Online,Mississippi,47,95,20
5493,17-08-2021,Men's Street Footwear,South,Walmart,Online,Mississippi,56,120,22
5494,16-09-2021,Women's Apparel,South,Walmart,Online,Mississippi,35,1750,50
5495,17-08-2021,Women's Apparel,South,Walmart,Online,Mississippi,55,3438,63
5496,16-07-2021,Women's Apparel,South,Walmart,Online,Mississippi,65,4388,68
5497,16-07-2021,Women's Apparel,South,Walmart,Online,Mississippi,61,107,18
5498,16-09-2021,Women's Apparel,South,Walmart,Online,Mississippi,32,42,13
5499,17-08-2021,Women's Apparel,South,Walmart,Online,Mississippi,53,90,17
5500,16-09-2021,Women's Athletic Footwear,South,Walmart,Online,Mississippi,20,800,40
5501,18-10-2021,Women's Athletic Footwear,South,Walmart,Online,Mississippi,25,875,35
5502,17-08-2021,Women's Athletic Footwear,South,Walmart,Online,Mississippi,40,1900,48
5503,16-07-2021,Women's Athletic Footwear,South,Walmart,Online,Mississippi,50,2375,48
5504,18-10-2021,Women's Athletic Footwear,South,Walmart,Online,Mississippi,23,24,11
5505,17-08-2021,Women's Athletic Footwear,South,Walmart,Online,Mississippi,39,50,13
5506,16-07-2021,Women's Athletic Footwear,South,Walmart,Online,Mississippi,48,60,12
5507,16-09-2021,Women's Athletic Footwear,South,Walmart,Online,Mississippi,19,19,10
5508,16-09-2021,Women's Street Footwear,South,Walmart,Online,Mississippi,20,850,43
5509,18-10-2021,Women's Street Footwear,South,Walmart,Online,Mississippi,25,938,38
5510,16-07-2021,Women's Street Footwear,South,Walmart,Online,Mississippi,50,2625,53
5511,17-08-2021,Women's Street Footwear,South,Walmart,Online,Mississippi,50,2625,53
5512,16-09-2021,Women's Street Footwear,South,Walmart,Online,Mississippi,19,23,12
5513,16-07-2021,Women's Street Footwear,South,Walmart,Online,Mississippi,48,68,14
5514,17-08-2021,Women's Street Footwear,South,Walmart,Online,Mississippi,48,71,15
5515,18-10-2021,Women's Street Footwear,South,Walmart,Online,Mississippi,24,24,10
5516,23-09-2021,Men's Apparel,Southeast,Amazon,Online,Kentucky,45,900,20
5517,22-02-2021,Men's Apparel,Southeast,Amazon,Online,Kentucky,50,1000,20
5518,22-04-2021,Men's Apparel,Southeast,Amazon,Online,Kentucky,50,625,13
5519,23-05-2021,Men's Apparel,Southeast,Amazon,Online,Kentucky,50,750,15
5520,22-06-2021,Men's Apparel,Southeast,Amazon,Online,Kentucky,50,1000,20
5521,22-08-2021,Men's Apparel,Southeast,Amazon,Online,Kentucky,50,1125,23
5522,21-07-2021,Men's Apparel,Southeast,Amazon,Online,Kentucky,50,1250,25
5523,21-03-2021,Men's Apparel,Southeast,Amazon,Online,Kentucky,55,825,15
5524,22-10-2021,Men's Apparel,Southeast,Amazon,Online,Kentucky,55,825,15
5525,23-05-2021,Men's Apparel,Southeast,Amazon,Online,Kentucky,46,19,4
5526,21-07-2021,Men's Apparel,Southeast,Amazon,Online,Kentucky,46,35,8
5527,21-03-2021,Men's Apparel,Southeast,Amazon,Online,Kentucky,52,23,4
5528,23-09-2021,Men's Apparel,Southeast,Amazon,Online,Kentucky,43,25,6
5529,22-02-2021,Men's Apparel,Southeast,Amazon,Online,Kentucky,48,26,5
5530,22-04-2021,Men's Apparel,Southeast,Amazon,Online,Kentucky,47,16,4
5531,22-06-2021,Men's Apparel,Southeast,Amazon,Online,Kentucky,49,26,5
5532,22-08-2021,Men's Apparel,Southeast,Amazon,Online,Kentucky,49,32,7
5533,22-10-2021,Men's Apparel,Southeast,Amazon,Online,Kentucky,53,22,4
5534,13-01-2021,Men's Apparel,Southeast,Amazon,Online,North Carolina,45,2138,48
5535,02-12-2021,Men's Apparel,Southeast,Amazon,Online,North Carolina,70,4725,68
5536,02-12-2021,Men's Apparel,Southeast,Amazon,Online,North Carolina,65,110,17
5537,13-01-2021,Men's Apparel,Southeast,Amazon,Online,North Carolina,44,56,13
5538,22-06-2021,Men's Athletic Footwear,Southeast,Amazon,Online,Kentucky,35,963,28
5539,22-11-2021,Men's Athletic Footwear,Southeast,Amazon,Online,Kentucky,40,1100,28
5540,22-04-2021,Men's Athletic Footwear,Southeast,Amazon,Online,Kentucky,45,788,18
5541,21-03-2021,Men's Athletic Footwear,Southeast,Amazon,Online,Kentucky,45,1013,23
5542,22-10-2021,Men's Athletic Footwear,Southeast,Amazon,Online,Kentucky,45,1238,28
5543,23-05-2021,Men's Athletic Footwear,Southeast,Amazon,Online,Kentucky,45,1013,23
5544,23-09-2021,Men's Athletic Footwear,Southeast,Amazon,Online,Kentucky,45,1463,33
5545,21-07-2021,Men's Athletic Footwear,Southeast,Amazon,Online,Kentucky,45,1575,35
5546,22-08-2021,Men's Athletic Footwear,Southeast,Amazon,Online,Kentucky,45,1575,35
5547,22-11-2021,Men's Athletic Footwear,Southeast,Amazon,Online,Kentucky,39,28,7
5548,22-08-2021,Men's Athletic Footwear,Southeast,Amazon,Online,Kentucky,41,37,9
5549,22-04-2021,Men's Athletic Footwear,Southeast,Amazon,Online,Kentucky,41,20,5
5550,22-06-2021,Men's Athletic Footwear,Southeast,Amazon,Online,Kentucky,33,25,8
5551,21-03-2021,Men's Athletic Footwear,Southeast,Amazon,Online,Kentucky,41,24,6
5552,23-09-2021,Men's Athletic Footwear,Southeast,Amazon,Online,Kentucky,44,41,9
5553,21-07-2021,Men's Athletic Footwear,Southeast,Amazon,Online,Kentucky,44,42,10
5554,22-10-2021,Men's Athletic Footwear,Southeast,Amazon,Online,Kentucky,41,34,8
5555,23-05-2021,Men's Athletic Footwear,Southeast,Amazon,Online,Kentucky,42,29,7
5556,11-02-2021,Men's Athletic Footwear,Southeast,Amazon,Online,North Carolina,35,1663,48
5557,13-01-2021,Men's Athletic Footwear,Southeast,Amazon,Online,North Carolina,35,2013,58
5558,11-02-2021,Men's Athletic Footwear,Southeast,Amazon,Online,North Carolina,33,47,14
5559,13-01-2021,Men's Athletic Footwear,Southeast,Amazon,Online,North Carolina,33,50,15
5560,22-06-2021,Men's Street Footwear,Southeast,Amazon,Online,Kentucky,40,2100,53
5561,22-04-2021,Men's Street Footwear,Southeast,Amazon,Online,Kentucky,45,2138,48
5562,21-03-2021,Men's Street Footwear,Southeast,Amazon,Online,Kentucky,45,2340,52
5563,22-11-2021,Men's Street Footwear,Southeast,Amazon,Online,Kentucky,50,2125,43
5564,23-05-2021,Men's Street Footwear,Southeast,Amazon,Online,Kentucky,50,2600,52
5565,23-09-2021,Men's Street Footwear,Southeast,Amazon,Online,Kentucky,50,2625,53
5566,22-08-2021,Men's Street Footwear,Southeast,Amazon,Online,Kentucky,50,2875,58
5567,21-07-2021,Men's Street Footwear,Southeast,Amazon,Online,Kentucky,50,3000,60
5568,22-10-2021,Men's Street Footwear,Southeast,Amazon,Online,Kentucky,55,2475,45
5569,22-06-2021,Men's Street Footwear,Southeast,Amazon,Online,Kentucky,36,51,14
5570,21-03-2021,Men's Street Footwear,Southeast,Amazon,Online,Kentucky,41,64,16
5571,23-05-2021,Men's Street Footwear,Southeast,Amazon,Online,Kentucky,49,76,16
5572,22-11-2021,Men's Street Footwear,Southeast,Amazon,Online,Kentucky,48,59,12
5573,23-09-2021,Men's Street Footwear,Southeast,Amazon,Online,Kentucky,48,66,14
5574,22-08-2021,Men's Street Footwear,Southeast,Amazon,Online,Kentucky,46,77,17
5575,22-04-2021,Men's Street Footwear,Southeast,Amazon,Online,Kentucky,41,49,12
5576,21-07-2021,Men's Street Footwear,Southeast,Amazon,Online,Kentucky,47,79,17
5577,22-10-2021,Men's Street Footwear,Southeast,Amazon,Online,Kentucky,53,67,13
5578,13-01-2021,Men's Street Footwear,Southeast,Amazon,Online,North Carolina,35,2713,78
5579,11-02-2021,Men's Street Footwear,Southeast,Amazon,Online,North Carolina,35,2888,83
5580,11-02-2021,Men's Street Footwear,Southeast,Amazon,Online,North Carolina,32,74,23
5581,13-01-2021,Men's Street Footwear,Southeast,Amazon,Online,North Carolina,32,62,19
5582,22-04-2021,Women's Apparel,Southeast,Amazon,Online,Kentucky,40,1000,25
5583,22-02-2021,Women's Apparel,Southeast,Amazon,Online,Kentucky,40,1200,30
5584,21-03-2021,Women's Apparel,Southeast,Amazon,Online,Kentucky,45,1125,25
5585,23-09-2021,Women's Apparel,Southeast,Amazon,Online,Kentucky,50,1375,28
5586,22-10-2021,Women's Apparel,Southeast,Amazon,Online,Kentucky,55,1513,28
5587,23-05-2021,Women's Apparel,Southeast,Amazon,Online,Kentucky,55,1513,28
5588,22-06-2021,Women's Apparel,Southeast,Amazon,Online,Kentucky,55,2063,38
5589,22-08-2021,Women's Apparel,Southeast,Amazon,Online,Kentucky,55,2200,40
5590,21-07-2021,Women's Apparel,Southeast,Amazon,Online,Kentucky,55,2338,43
5591,22-04-2021,Women's Apparel,Southeast,Amazon,Online,Kentucky,36,27,8
5592,22-10-2021,Women's Apparel,Southeast,Amazon,Online,Kentucky,53,44,8
5593,22-02-2021,Women's Apparel,Southeast,Amazon,Online,Kentucky,39,30,8
5594,21-03-2021,Women's Apparel,Southeast,Amazon,Online,Kentucky,42,27,7
5595,23-05-2021,Women's Apparel,Southeast,Amazon,Online,Kentucky,51,42,8
5596,23-09-2021,Women's Apparel,Southeast,Amazon,Online,Kentucky,49,36,7
5597,22-06-2021,Women's Apparel,Southeast,Amazon,Online,Kentucky,52,53,10
5598,21-07-2021,Women's Apparel,Southeast,Amazon,Online,Kentucky,50,58,12
5599,22-08-2021,Women's Apparel,Southeast,Amazon,Online,Kentucky,51,61,12
5600,13-01-2021,Women's Apparel,Southeast,Amazon,Online,North Carolina,35,2013,58
5601,02-12-2021,Women's Apparel,Southeast,Amazon,Online,North Carolina,75,5813,78
5602,13-01-2021,Women's Apparel,Southeast,Amazon,Online,North Carolina,32,55,17
5603,02-12-2021,Women's Apparel,Southeast,Amazon,Online,North Carolina,69,155,23
5604,22-06-2021,Women's Athletic Footwear,Southeast,Amazon,Online,Kentucky,30,600,20
5605,22-02-2021,Women's Athletic Footwear,Southeast,Amazon,Online,Kentucky,35,438,13
5606,23-09-2021,Women's Athletic Footwear,Southeast,Amazon,Online,Kentucky,35,700,20
5607,21-03-2021,Women's Athletic Footwear,Southeast,Amazon,Online,Kentucky,40,400,10
5608,23-05-2021,Women's Athletic Footwear,Southeast,Amazon,Online,Kentucky,40,500,13
5609,21-07-2021,Women's Athletic Footwear,Southeast,Amazon,Online,Kentucky,40,900,23
5610,22-08-2021,Women's Athletic Footwear,Southeast,Amazon,Online,Kentucky,40,1000,25
5611,22-04-2021,Women's Athletic Footwear,Southeast,Amazon,Online,Kentucky,45,450,10
5612,22-10-2021,Women's Athletic Footwear,Southeast,Amazon,Online,Kentucky,45,675,15
5613,22-08-2021,Women's Athletic Footwear,Southeast,Amazon,Online,Kentucky,38,29,8
5614,22-04-2021,Women's Athletic Footwear,Southeast,Amazon,Online,Kentucky,42,12,3
5615,23-09-2021,Women's Athletic Footwear,Southeast,Amazon,Online,Kentucky,32,17,5
5616,21-03-2021,Women's Athletic Footwear,Southeast,Amazon,Online,Kentucky,36,10,3
5617,22-10-2021,Women's Athletic Footwear,Southeast,Amazon,Online,Kentucky,41,17,4
5618,22-02-2021,Women's Athletic Footwear,Southeast,Amazon,Online,Kentucky,34,12,3
5619,21-07-2021,Women's Athletic Footwear,Southeast,Amazon,Online,Kentucky,37,23,6
5620,23-05-2021,Women's Athletic Footwear,Southeast,Amazon,Online,Kentucky,38,14,4
5621,22-06-2021,Women's Athletic Footwear,Southeast,Amazon,Online,Kentucky,29,15,5
5622,13-01-2021,Women's Athletic Footwear,Southeast,Amazon,Online,North Carolina,30,1275,43
5623,02-12-2021,Women's Athletic Footwear,Southeast,Amazon,Online,North Carolina,60,4050,68
5624,13-01-2021,Women's Athletic Footwear,Southeast,Amazon,Online,North Carolina,29,36,12
5625,02-12-2021,Women's Athletic Footwear,Southeast,Amazon,Online,North Carolina,55,108,20
5626,22-06-2021,Women's Street Footwear,Southeast,Amazon,Online,Kentucky,30,675,23
5627,23-09-2021,Women's Street Footwear,Southeast,Amazon,Online,Kentucky,35,788,23
5628,21-03-2021,Women's Street Footwear,Southeast,Amazon,Online,Kentucky,35,875,25
5629,22-04-2021,Women's Street Footwear,Southeast,Amazon,Online,Kentucky,40,700,18
5630,23-05-2021,Women's Street Footwear,Southeast,Amazon,Online,Kentucky,40,800,20
5631,21-07-2021,Women's Street Footwear,Southeast,Amazon,Online,Kentucky,40,1100,28
5632,22-08-2021,Women's Street Footwear,Southeast,Amazon,Online,Kentucky,40,1100,28
5633,22-10-2021,Women's Street Footwear,Southeast,Amazon,Online,Kentucky,45,788,18
5634,22-11-2021,Women's Street Footwear,Southeast,Amazon,Online,Kentucky,45,990,22
5635,21-03-2021,Women's Street Footwear,Southeast,Amazon,Online,Kentucky,34,25,7
5636,22-11-2021,Women's Street Footwear,Southeast,Amazon,Online,Kentucky,41,23,6
5637,23-05-2021,Women's Street Footwear,Southeast,Amazon,Online,Kentucky,38,22,6
5638,21-07-2021,Women's Street Footwear,Southeast,Amazon,Online,Kentucky,38,26,7
5639,23-09-2021,Women's Street Footwear,Southeast,Amazon,Online,Kentucky,33,21,7
5640,22-08-2021,Women's Street Footwear,Southeast,Amazon,Online,Kentucky,36,29,8
5641,22-10-2021,Women's Street Footwear,Southeast,Amazon,Online,Kentucky,43,20,5
5642,22-06-2021,Women's Street Footwear,Southeast,Amazon,Online,Kentucky,28,16,6
5643,22-04-2021,Women's Street Footwear,Southeast,Amazon,Online,Kentucky,38,19,5
5644,11-02-2021,Women's Street Footwear,Southeast,Amazon,Online,North Carolina,25,1313,53
5645,13-01-2021,Women's Street Footwear,Southeast,Amazon,Online,North Carolina,25,1438,58
5646,02-12-2021,Women's Street Footwear,Southeast,Amazon,Online,North Carolina,60,4350,73
5647,11-02-2021,Women's Street Footwear,Southeast,Amazon,Online,North Carolina,23,36,16
5648,02-12-2021,Women's Street Footwear,Southeast,Amazon,Online,North Carolina,55,120,22
5649,13-01-2021,Women's Street Footwear,Southeast,Amazon,Online,North Carolina,24,40,17
5650,21-09-2020,Men's Apparel,Southeast,Foot Locker,Online,Florida,52,117,23
5651,22-08-2020,Men's Apparel,Southeast,Foot Locker,Online,Florida,53,96,18
5652,16-08-2020,Men's Apparel,Southeast,Foot Locker,Online,Florida,53,116,22
5653,24-05-2020,Men's Apparel,Southeast,Foot Locker,Online,Florida,60,121,20
5654,10-08-2020,Men's Apparel,Southeast,Foot Locker,Online,Florida,50,98,20
5655,09-01-2021,Men's Apparel,Southeast,Foot Locker,Online,Georgia,50,3625,73
5656,09-01-2021,Men's Apparel,Southeast,Foot Locker,Online,Georgia,47,89,19
5657,20-01-2021,Men's Apparel,Southeast,Foot Locker,Online,Kentucky,40,1700,43
5658,21-12-2021,Men's Apparel,Southeast,Foot Locker,Online,Kentucky,60,1350,23
5659,22-11-2021,Men's Apparel,Southeast,Foot Locker,Online,Kentucky,65,1138,18
5660,21-12-2021,Men's Apparel,Southeast,Foot Locker,Online,Kentucky,54,37,7
5661,20-01-2021,Men's Apparel,Southeast,Foot Locker,Online,Kentucky,38,44,12
5662,22-11-2021,Men's Apparel,Southeast,Foot Locker,Online,Kentucky,59,31,5
5663,05-03-2021,Men's Apparel,Southeast,Foot Locker,Online,South Carolina,45,2813,63
5664,06-04-2021,Men's Apparel,Southeast,Foot Locker,Online,South Carolina,50,3125,63
5665,07-02-2021,Men's Apparel,Southeast,Foot Locker,Online,South Carolina,50,3500,70
5666,05-09-2021,Men's Apparel,Southeast,Foot Locker,Online,South Carolina,50,3500,70
5667,05-05-2021,Men's Apparel,Southeast,Foot Locker,Online,South Carolina,55,3850,70
5668,07-10-2021,Men's Apparel,Southeast,Foot Locker,Online,South Carolina,55,3575,65
5669,06-08-2021,Men's Apparel,Southeast,Foot Locker,Online,South Carolina,55,4125,75
5670,07-06-2021,Men's Apparel,Southeast,Foot Locker,Online,South Carolina,65,4875,75
5671,05-07-2021,Men's Apparel,Southeast,Foot Locker,Online,South Carolina,65,5200,80
5672,06-11-2021,Men's Apparel,Southeast,Foot Locker,Online,South Carolina,70,5075,73
5673,07-06-2021,Men's Apparel,Southeast,Foot Locker,Online,South Carolina,62,121,20
5674,05-07-2021,Men's Apparel,Southeast,Foot Locker,Online,South Carolina,64,154,24
5675,05-09-2021,Men's Apparel,Southeast,Foot Locker,Online,South Carolina,48,84,18
5676,06-08-2021,Men's Apparel,Southeast,Foot Locker,Online,South Carolina,51,115,23
5677,07-02-2021,Men's Apparel,Southeast,Foot Locker,Online,South Carolina,49,93,19
5678,06-11-2021,Men's Apparel,Southeast,Foot Locker,Online,South Carolina,66,129,20
5679,05-03-2021,Men's Apparel,Southeast,Foot Locker,Online,South Carolina,41,74,18
5680,07-10-2021,Men's Apparel,Southeast,Foot Locker,Online,South Carolina,52,98,19
5681,06-04-2021,Men's Apparel,Southeast,Foot Locker,Online,South Carolina,47,88,19
5682,05-05-2021,Men's Apparel,Southeast,Foot Locker,Online,South Carolina,53,104,20
5683,18-10-2020,Men's Athletic Footwear,Southeast,Foot Locker,Online,Florida,33,21,7
5684,24-09-2020,Men's Athletic Footwear,Southeast,Foot Locker,Online,Florida,46,117,26
5685,19-08-2020,Men's Athletic Footwear,Southeast,Foot Locker,Online,Florida,42,95,23
5686,13-08-2020,Men's Athletic Footwear,Southeast,Foot Locker,Online,Florida,43,84,20
5687,24-04-2020,Men's Athletic Footwear,Southeast,Foot Locker,Online,Florida,41,86,21
5688,07-02-2021,Men's Athletic Footwear,Southeast,Foot Locker,Online,Georgia,40,2900,73
5689,09-01-2021,Men's Athletic Footwear,Southeast,Foot Locker,Online,Georgia,40,3300,83
5690,09-01-2021,Men's Athletic Footwear,Southeast,Foot Locker,Online,Georgia,37,76,21
5691,07-02-2021,Men's Athletic Footwear,Southeast,Foot Locker,Online,Georgia,39,85,22
5692,18-02-2021,Men's Athletic Footwear,Southeast,Foot Locker,Online,Kentucky,30,1275,43
5693,20-01-2021,Men's Athletic Footwear,Southeast,Foot Locker,Online,Kentucky,30,1575,53
5694,21-12-2021,Men's Athletic Footwear,Southeast,Foot Locker,Online,Kentucky,55,1788,33
5695,20-01-2021,Men's Athletic Footwear,Southeast,Foot Locker,Online,Kentucky,29,41,14
5696,18-02-2021,Men's Athletic Footwear,Southeast,Foot Locker,Online,Kentucky,27,29,11
5697,21-12-2021,Men's Athletic Footwear,Southeast,Foot Locker,Online,Kentucky,52,51,10
5698,06-04-2021,Men's Athletic Footwear,Southeast,Foot Locker,Online,South Carolina,35,2363,68
5699,05-03-2021,Men's Athletic Footwear,Southeast,Foot Locker,Online,South Carolina,35,2450,70
5700,06-11-2021,Men's Athletic Footwear,Southeast,Foot Locker,Online,South Carolina,45,3375,75
5701,07-10-2021,Men's Athletic Footwear,Southeast,Foot Locker,Online,South Carolina,45,3600,80
5702,05-05-2021,Men's Athletic Footwear,Southeast,Foot Locker,Online,South Carolina,50,3750,75
5703,07-06-2021,Men's Athletic Footwear,Southeast,Foot Locker,Online,South Carolina,50,4000,80
5704,05-09-2021,Men's Athletic Footwear,Southeast,Foot Locker,Online,South Carolina,50,4125,83
5705,05-12-2021,Men's Athletic Footwear,Southeast,Foot Locker,Online,South Carolina,60,5250,88
5706,05-07-2021,Men's Athletic Footwear,Southeast,Foot Locker,Online,South Carolina,60,5400,90
5707,06-08-2021,Men's Athletic Footwear,Southeast,Foot Locker,Online,South Carolina,60,5400,90
5708,06-11-2021,Men's Athletic Footwear,Southeast,Foot Locker,Online,South Carolina,44,83,19
5709,05-05-2021,Men's Athletic Footwear,Southeast,Foot Locker,Online,South Carolina,45,85,19
5710,07-06-2021,Men's Athletic Footwear,Southeast,Foot Locker,Online,South Carolina,49,98,20
5711,05-12-2021,Men's Athletic Footwear,Southeast,Foot Locker,Online,South Carolina,58,127,22
5712,06-04-2021,Men's Athletic Footwear,Southeast,Foot Locker,Online,South Carolina,34,62,18
5713,05-09-2021,Men's Athletic Footwear,Southeast,Foot Locker,Online,South Carolina,48,107,22
5714,05-03-2021,Men's Athletic Footwear,Southeast,Foot Locker,Online,South Carolina,32,67,21
5715,06-08-2021,Men's Athletic Footwear,Southeast,Foot Locker,Online,South Carolina,54,131,24
5716,05-07-2021,Men's Athletic Footwear,Southeast,Foot Locker,Online,South Carolina,58,157,27
5717,07-10-2021,Men's Athletic Footwear,Southeast,Foot Locker,Online,South Carolina,42,87,21
5718,17-10-2020,Men's Street Footwear,Southeast,Foot Locker,Online,Florida,33,43,13
5719,23-09-2020,Men's Street Footwear,Southeast,Foot Locker,Online,Florida,53,151,28
5720,12-08-2020,Men's Street Footwear,Southeast,Foot Locker,Online,Florida,43,137,32
5721,24-04-2020,Men's Street Footwear,Southeast,Foot Locker,Online,Florida,42,108,26
5722,18-08-2020,Men's Street Footwear,Southeast,Foot Locker,Online,Florida,41,110,27
5723,09-01-2021,Men's Street Footwear,Southeast,Foot Locker,Online,Georgia,40,4100,103
5724,07-02-2021,Men's Street Footwear,Southeast,Foot Locker,Online,Georgia,40,4300,108
5725,09-01-2021,Men's Street Footwear,Southeast,Foot Locker,Online,Georgia,39,100,26
5726,07-02-2021,Men's Street Footwear,Southeast,Foot Locker,Online,Georgia,38,119,31
5727,20-01-2021,Men's Street Footwear,Southeast,Foot Locker,Online,Kentucky,30,2175,73
5728,18-02-2021,Men's Street Footwear,Southeast,Foot Locker,Online,Kentucky,30,2325,78
5729,21-12-2021,Men's Street Footwear,Southeast,Foot Locker,Online,Kentucky,65,3413,53
5730,18-02-2021,Men's Street Footwear,Southeast,Foot Locker,Online,Kentucky,28,63,23
5731,20-01-2021,Men's Street Footwear,Southeast,Foot Locker,Online,Kentucky,29,55,19
5732,21-12-2021,Men's Street Footwear,Southeast,Foot Locker,Online,Kentucky,59,93,16
5733,06-04-2021,Men's Street Footwear,Southeast,Foot Locker,Online,South Carolina,35,3413,98
5734,05-03-2021,Men's Street Footwear,Southeast,Foot Locker,Online,South Carolina,35,3570,102
5735,05-05-2021,Men's Street Footwear,Southeast,Foot Locker,Online,South Carolina,50,5225,105
5736,07-06-2021,Men's Street Footwear,Southeast,Foot Locker,Online,South Carolina,55,5775,105
5737,06-11-2021,Men's Street Footwear,Southeast,Foot Locker,Online,South Carolina,55,5088,93
5738,07-10-2021,Men's Street Footwear,Southeast,Foot Locker,Online,South Carolina,55,5363,98
5739,05-09-2021,Men's Street Footwear,Southeast,Foot Locker,Online,South Carolina,55,5638,103
5740,06-08-2021,Men's Street Footwear,Southeast,Foot Locker,Online,South Carolina,65,7313,113
5741,05-07-2021,Men's Street Footwear,Southeast,Foot Locker,Online,South Carolina,65,7475,115
5742,05-12-2021,Men's Street Footwear,Southeast,Foot Locker,Online,South Carolina,70,7525,108
5743,05-05-2021,Men's Street Footwear,Southeast,Foot Locker,Online,South Carolina,48,135,28
5744,07-06-2021,Men's Street Footwear,Southeast,Foot Locker,Online,South Carolina,51,139,27
5745,06-04-2021,Men's Street Footwear,Southeast,Foot Locker,Online,South Carolina,33,93,28
5746,06-11-2021,Men's Street Footwear,Southeast,Foot Locker,Online,South Carolina,50,139,28
5747,06-08-2021,Men's Street Footwear,Southeast,Foot Locker,Online,South Carolina,62,202,33
5748,05-03-2021,Men's Street Footwear,Southeast,Foot Locker,Online,South Carolina,33,87,27
5749,05-09-2021,Men's Street Footwear,Southeast,Foot Locker,Online,South Carolina,51,146,29
5750,05-07-2021,Men's Street Footwear,Southeast,Foot Locker,Online,South Carolina,63,196,31
5751,07-10-2021,Men's Street Footwear,Southeast,Foot Locker,Online,South Carolina,50,122,24
5752,05-12-2021,Men's Street Footwear,Southeast,Foot Locker,Online,South Carolina,67,194,29
5753,22-09-2020,Women's Apparel,Southeast,Foot Locker,Online,Florida,56,156,28
5754,11-08-2020,Women's Apparel,Southeast,Foot Locker,Online,Florida,41,101,25
5755,24-05-2020,Women's Apparel,Southeast,Foot Locker,Online,Florida,64,140,22
5756,23-08-2020,Women's Apparel,Southeast,Foot Locker,Online,Florida,42,95,23
5757,17-08-2020,Women's Apparel,Southeast,Foot Locker,Online,Florida,41,91,22
5758,09-01-2021,Women's Apparel,Southeast,Foot Locker,Online,Georgia,40,3300,83
5759,09-01-2021,Women's Apparel,Southeast,Foot Locker,Online,Georgia,37,88,24
5760,21-12-2021,Women's Apparel,Southeast,Foot Locker,Online,Kentucky,65,2113,33
5761,22-11-2021,Women's Apparel,Southeast,Foot Locker,Online,Kentucky,70,1925,28
5762,20-01-2021,Women's Apparel,Southeast,Foot Locker,Online,Kentucky,30,1575,53
5763,21-12-2021,Women's Apparel,Southeast,Foot Locker,Online,Kentucky,64,63,10
5764,22-11-2021,Women's Apparel,Southeast,Foot Locker,Online,Kentucky,66,53,8
5765,20-01-2021,Women's Apparel,Southeast,Foot Locker,Online,Kentucky,29,46,16
5766,05-03-2021,Women's Apparel,Southeast,Foot Locker,Online,South Carolina,35,2538,73
5767,07-02-2021,Women's Apparel,Southeast,Foot Locker,Online,South Carolina,35,2800,80
5768,06-04-2021,Women's Apparel,Southeast,Foot Locker,Online,South Carolina,40,3100,78
5769,05-09-2021,Women's Apparel,Southeast,Foot Locker,Online,South Carolina,55,4400,80
5770,07-10-2021,Women's Apparel,Southeast,Foot Locker,Online,South Carolina,60,4650,78
5771,05-05-2021,Women's Apparel,Southeast,Foot Locker,Online,South Carolina,60,4800,80
5772,06-08-2021,Women's Apparel,Southeast,Foot Locker,Online,South Carolina,60,5550,93
5773,07-06-2021,Women's Apparel,Southeast,Foot Locker,Online,South Carolina,70,6475,93
5774,05-07-2021,Women's Apparel,Southeast,Foot Locker,Online,South Carolina,70,6825,98
5775,06-11-2021,Women's Apparel,Southeast,Foot Locker,Online,South Carolina,75,6188,83
5776,05-09-2021,Women's Apparel,Southeast,Foot Locker,Online,South Carolina,52,121,23
5777,05-05-2021,Women's Apparel,Southeast,Foot Locker,Online,South Carolina,59,118,20
5778,06-08-2021,Women's Apparel,Southeast,Foot Locker,Online,South Carolina,58,161,28
5779,05-03-2021,Women's Apparel,Southeast,Foot Locker,Online,South Carolina,32,60,19
5780,06-04-2021,Women's Apparel,Southeast,Foot Locker,Online,South Carolina,39,82,21
5781,06-11-2021,Women's Apparel,Southeast,Foot Locker,Online,South Carolina,74,152,21
5782,07-06-2021,Women's Apparel,Southeast,Foot Locker,Online,South Carolina,65,163,25
5783,07-02-2021,Women's Apparel,Southeast,Foot Locker,Online,South Carolina,34,73,22
5784,07-10-2021,Women's Apparel,Southeast,Foot Locker,Online,South Carolina,56,126,23
5785,05-07-2021,Women's Apparel,Southeast,Foot Locker,Online,South Carolina,66,161,24
5786,21-08-2020,Women's Athletic Footwear,Southeast,Foot Locker,Online,Florida,36,63,18
5787,20-09-2020,Women's Athletic Footwear,Southeast,Foot Locker,Online,Florida,44,103,23
5788,20-10-2020,Women's Athletic Footwear,Southeast,Foot Locker,Online,Florida,29,8,3
5789,09-01-2021,Women's Athletic Footwear,Southeast,Foot Locker,Online,Georgia,35,2363,68
5790,09-01-2021,Women's Athletic Footwear,Southeast,Foot Locker,Online,Georgia,34,69,20
5791,20-01-2021,Women's Athletic Footwear,Southeast,Foot Locker,Online,Kentucky,25,938,38
5792,21-12-2021,Women's Athletic Footwear,Southeast,Foot Locker,Online,Kentucky,50,1125,23
5793,22-11-2021,Women's Athletic Footwear,Southeast,Foot Locker,Online,Kentucky,55,1100,20
5794,22-11-2021,Women's Athletic Footwear,Southeast,Foot Locker,Online,Kentucky,52,27,5
5795,20-01-2021,Women's Athletic Footwear,Southeast,Foot Locker,Online,Kentucky,23,23,10
5796,21-12-2021,Women's Athletic Footwear,Southeast,Foot Locker,Online,Kentucky,49,33,7
5797,05-03-2021,Women's Athletic Footwear,Southeast,Foot Locker,Online,South Carolina,30,1725,58
5798,06-04-2021,Women's Athletic Footwear,Southeast,Foot Locker,Online,South Carolina,30,1800,60
5799,07-02-2021,Women's Athletic Footwear,Southeast,Foot Locker,Online,South Carolina,35,2188,63
5800,05-09-2021,Women's Athletic Footwear,Southeast,Foot Locker,Online,South Carolina,40,2800,70
5801,05-05-2021,Women's Athletic Footwear,Southeast,Foot Locker,Online,South Carolina,45,3038,68
5802,06-08-2021,Women's Athletic Footwear,Southeast,Foot Locker,Online,South Carolina,45,3488,78
5803,07-10-2021,Women's Athletic Footwear,Southeast,Foot Locker,Online,South Carolina,45,2925,65
5804,07-06-2021,Women's Athletic Footwear,Southeast,Foot Locker,Online,South Carolina,50,3750,75
5805,05-07-2021,Women's Athletic Footwear,Southeast,Foot Locker,Online,South Carolina,55,4263,78
5806,06-11-2021,Women's Athletic Footwear,Southeast,Foot Locker,Online,South Carolina,55,4125,75
5807,05-09-2021,Women's Athletic Footwear,Southeast,Foot Locker,Online,South Carolina,39,82,21
5808,07-10-2021,Women's Athletic Footwear,Southeast,Foot Locker,Online,South Carolina,41,72,18
5809,06-08-2021,Women's Athletic Footwear,Southeast,Foot Locker,Online,South Carolina,44,103,23
5810,05-03-2021,Women's Athletic Footwear,Southeast,Foot Locker,Online,South Carolina,27,39,14
5811,05-05-2021,Women's Athletic Footwear,Southeast,Foot Locker,Online,South Carolina,43,78,18
5812,05-07-2021,Women's Athletic Footwear,Southeast,Foot Locker,Online,South Carolina,52,105,20
5813,06-11-2021,Women's Athletic Footwear,Southeast,Foot Locker,Online,South Carolina,53,119,23
5814,06-04-2021,Women's Athletic Footwear,Southeast,Foot Locker,Online,South Carolina,27,49,18
5815,07-02-2021,Women's Athletic Footwear,Southeast,Foot Locker,Online,South Carolina,33,56,17
5816,07-06-2021,Women's Athletic Footwear,Southeast,Foot Locker,Online,South Carolina,47,102,22
5817,20-08-2020,Women's Street Footwear,Southeast,Foot Locker,Online,Florida,32,69,22
5818,14-08-2020,Women's Street Footwear,Southeast,Foot Locker,Online,Florida,32,77,24
5819,19-10-2020,Women's Street Footwear,Southeast,Foot Locker,Online,Florida,24,15,6
5820,07-02-2021,Women's Street Footwear,Southeast,Foot Locker,Online,Georgia,30,2325,78
5821,09-01-2021,Women's Street Footwear,Southeast,Foot Locker,Online,Georgia,30,2475,83
5822,07-02-2021,Women's Street Footwear,Southeast,Foot Locker,Online,Georgia,29,63,22
5823,09-01-2021,Women's Street Footwear,Southeast,Foot Locker,Online,Georgia,29,72,25
5824,18-02-2021,Women's Street Footwear,Southeast,Foot Locker,Online,Kentucky,20,950,48
5825,20-01-2021,Women's Street Footwear,Southeast,Foot Locker,Online,Kentucky,20,1050,53
5826,21-12-2021,Women's Street Footwear,Southeast,Foot Locker,Online,Kentucky,55,1513,28
5827,18-02-2021,Women's Street Footwear,Southeast,Foot Locker,Online,Kentucky,18,22,12
5828,20-01-2021,Women's Street Footwear,Southeast,Foot Locker,Online,Kentucky,18,28,16
5829,21-12-2021,Women's Street Footwear,Southeast,Foot Locker,Online,Kentucky,51,38,7
5830,06-04-2021,Women's Street Footwear,Southeast,Foot Locker,Online,South Carolina,25,1688,68
5831,05-03-2021,Women's Street Footwear,Southeast,Foot Locker,Online,South Carolina,25,1813,73
5832,05-09-2021,Women's Street Footwear,Southeast,Foot Locker,Online,South Carolina,40,2900,73
5833,05-05-2021,Women's Street Footwear,Southeast,Foot Locker,Online,South Carolina,45,3263,73
5834,07-10-2021,Women's Street Footwear,Southeast,Foot Locker,Online,South Carolina,45,3038,68
5835,06-11-2021,Women's Street Footwear,Southeast,Foot Locker,Online,South Carolina,45,3128,70
5836,07-06-2021,Women's Street Footwear,Southeast,Foot Locker,Online,South Carolina,50,3875,78
5837,05-07-2021,Women's Street Footwear,Southeast,Foot Locker,Online,South Carolina,55,4538,83
5838,06-08-2021,Women's Street Footwear,Southeast,Foot Locker,Online,South Carolina,55,4538,83
5839,06-11-2021,Women's Street Footwear,Southeast,Foot Locker,Online,South Carolina,43,87,20
5840,07-06-2021,Women's Street Footwear,Southeast,Foot Locker,Online,South Carolina,47,98,21
5841,05-07-2021,Women's Street Footwear,Southeast,Foot Locker,Online,South Carolina,51,126,25
5842,05-05-2021,Women's Street Footwear,Southeast,Foot Locker,Online,South Carolina,41,86,21
5843,05-03-2021,Women's Street Footwear,Southeast,Foot Locker,Online,South Carolina,24,43,18
5844,06-04-2021,Women's Street Footwear,Southeast,Foot Locker,Online,South Carolina,24,44,18
5845,05-09-2021,Women's Street Footwear,Southeast,Foot Locker,Online,South Carolina,38,74,20
5846,07-10-2021,Women's Street Footwear,Southeast,Foot Locker,Online,South Carolina,41,72,18
5847,06-08-2021,Women's Street Footwear,Southeast,Foot Locker,Online,South Carolina,50,116,23
5848,27-09-2020,Men's Apparel,Southeast,Sports Direct,Online,Florida,50,105,21
5849,03-10-2020,Men's Apparel,Southeast,Sports Direct,Online,Florida,57,108,19
5850,09-10-2020,Men's Apparel,Southeast,Sports Direct,Online,Florida,64,125,20
5851,02-09-2021,Men's Apparel,Southeast,Sports Direct,Online,North Carolina,40,2400,60
5852,02-03-2021,Men's Apparel,Southeast,Sports Direct,Online,North Carolina,40,2100,53
5853,03-04-2021,Men's Apparel,Southeast,Sports Direct,Online,North Carolina,45,2363,53
5854,04-02-2021,Men's Apparel,Southeast,Sports Direct,Online,North Carolina,45,2700,60
5855,04-10-2021,Men's Apparel,Southeast,Sports Direct,Online,North Carolina,45,2475,55
5856,02-05-2021,Men's Apparel,Southeast,Sports Direct,Online,North Carolina,50,3000,60
5857,03-08-2021,Men's Apparel,Southeast,Sports Direct,Online,North Carolina,55,3575,65
5858,04-06-2021,Men's Apparel,Southeast,Sports Direct,Online,North Carolina,65,4225,65
5859,02-07-2021,Men's Apparel,Southeast,Sports Direct,Online,North Carolina,65,4550,70
5860,03-11-2021,Men's Apparel,Southeast,Sports Direct,Online,North Carolina,75,4688,63
5861,02-03-2021,Men's Apparel,Southeast,Sports Direct,Online,North Carolina,37,58,16
5862,02-09-2021,Men's Apparel,Southeast,Sports Direct,Online,North Carolina,38,59,16
5863,04-10-2021,Men's Apparel,Southeast,Sports Direct,Online,North Carolina,42,63,15
5864,03-08-2021,Men's Apparel,Southeast,Sports Direct,Online,North Carolina,53,93,18
5865,02-05-2021,Men's Apparel,Southeast,Sports Direct,Online,North Carolina,46,69,15
5866,02-07-2021,Men's Apparel,Southeast,Sports Direct,Online,North Carolina,59,107,18
5867,04-06-2021,Men's Apparel,Southeast,Sports Direct,Online,North Carolina,61,99,16
5868,03-11-2021,Men's Apparel,Southeast,Sports Direct,Online,North Carolina,72,117,16
5869,03-04-2021,Men's Apparel,Southeast,Sports Direct,Online,North Carolina,42,55,13
5870,04-02-2021,Men's Apparel,Southeast,Sports Direct,Online,North Carolina,44,79,18
5871,06-01-2021,Men's Apparel,Southeast,Sports Direct,Online,South Carolina,45,2813,63
5872,05-12-2021,Men's Apparel,Southeast,Sports Direct,Online,South Carolina,70,5425,78
5873,05-12-2021,Men's Apparel,Southeast,Sports Direct,Online,South Carolina,66,149,23
5874,06-01-2021,Men's Apparel,Southeast,Sports Direct,Online,South Carolina,42,66,16
5875,19-01-2021,Men's Apparel,Southeast,Sports Direct,Online,Virginia,43,52,12
5876,30-09-2020,Men's Athletic Footwear,Southeast,Sports Direct,Online,Florida,47,101,22
5877,24-05-2020,Men's Athletic Footwear,Southeast,Sports Direct,Online,Florida,51,130,25
5878,06-10-2020,Men's Athletic Footwear,Southeast,Sports Direct,Online,Florida,49,110,22
5879,03-04-2021,Men's Athletic Footwear,Southeast,Sports Direct,Online,North Carolina,30,1725,58
5880,02-03-2021,Men's Athletic Footwear,Southeast,Sports Direct,Online,North Carolina,30,1800,60
5881,03-11-2021,Men's Athletic Footwear,Southeast,Sports Direct,Online,North Carolina,35,2275,65
5882,04-10-2021,Men's Athletic Footwear,Southeast,Sports Direct,Online,North Carolina,35,2450,70
5883,02-05-2021,Men's Athletic Footwear,Southeast,Sports Direct,Online,North Carolina,45,2925,65
5884,04-06-2021,Men's Athletic Footwear,Southeast,Sports Direct,Online,North Carolina,45,3150,70
5885,02-09-2021,Men's Athletic Footwear,Southeast,Sports Direct,Online,North Carolina,50,3625,73
5886,02-12-2021,Men's Athletic Footwear,Southeast,Sports Direct,Online,North Carolina,60,4650,78
5887,02-07-2021,Men's Athletic Footwear,Southeast,Sports Direct,Online,North Carolina,60,4800,80
5888,03-08-2021,Men's Athletic Footwear,Southeast,Sports Direct,Online,North Carolina,60,4800,80
5889,02-03-2021,Men's Athletic Footwear,Southeast,Sports Direct,Online,North Carolina,29,44,15
5890,02-12-2021,Men's Athletic Footwear,Southeast,Sports Direct,Online,North Carolina,55,111,20
5891,03-08-2021,Men's Athletic Footwear,Southeast,Sports Direct,Online,North Carolina,58,116,20
5892,04-10-2021,Men's Athletic Footwear,Southeast,Sports Direct,Online,North Carolina,33,65,20
5893,02-05-2021,Men's Athletic Footwear,Southeast,Sports Direct,Online,North Carolina,42,76,18
5894,03-04-2021,Men's Athletic Footwear,Southeast,Sports Direct,Online,North Carolina,28,43,16
5895,03-11-2021,Men's Athletic Footwear,Southeast,Sports Direct,Online,North Carolina,32,62,20
5896,04-06-2021,Men's Athletic Footwear,Southeast,Sports Direct,Online,North Carolina,42,76,18
5897,02-09-2021,Men's Athletic Footwear,Southeast,Sports Direct,Online,North Carolina,49,89,18
5898,02-07-2021,Men's Athletic Footwear,Southeast,Sports Direct,Online,North Carolina,58,130,22
5899,04-02-2021,Men's Athletic Footwear,Southeast,Sports Direct,Online,South Carolina,35,2188,63
5900,06-01-2021,Men's Athletic Footwear,Southeast,Sports Direct,Online,South Carolina,35,2538,73
5901,04-02-2021,Men's Athletic Footwear,Southeast,Sports Direct,Online,South Carolina,34,64,19
5902,06-01-2021,Men's Athletic Footwear,Southeast,Sports Direct,Online,South Carolina,34,62,18
5903,19-01-2021,Men's Athletic Footwear,Southeast,Sports Direct,Online,Virginia,34,52,15
5904,17-02-2021,Men's Athletic Footwear,Southeast,Sports Direct,Online,Virginia,33,39,12
5905,24-05-2020,Men's Street Footwear,Southeast,Sports Direct,Online,Florida,63,203,32
5906,05-10-2020,Men's Street Footwear,Southeast,Sports Direct,Online,Florida,56,137,24
5907,29-09-2020,Men's Street Footwear,Southeast,Sports Direct,Online,Florida,56,151,27
5908,03-04-2021,Men's Street Footwear,Southeast,Sports Direct,Online,North Carolina,30,2625,88
5909,02-03-2021,Men's Street Footwear,Southeast,Sports Direct,Online,North Carolina,30,2760,92
5910,02-05-2021,Men's Street Footwear,Southeast,Sports Direct,Online,North Carolina,45,4253,95
5911,03-11-2021,Men's Street Footwear,Southeast,Sports Direct,Online,North Carolina,45,3713,83
5912,04-10-2021,Men's Street Footwear,Southeast,Sports Direct,Online,North Carolina,45,3938,88
5913,04-06-2021,Men's Street Footwear,Southeast,Sports Direct,Online,North Carolina,50,4750,95
5914,02-09-2021,Men's Street Footwear,Southeast,Sports Direct,Online,North Carolina,55,5088,93
5915,03-08-2021,Men's Street Footwear,Southeast,Sports Direct,Online,North Carolina,65,6663,103
5916,02-07-2021,Men's Street Footwear,Southeast,Sports Direct,Online,North Carolina,65,6825,105
5917,02-12-2021,Men's Street Footwear,Southeast,Sports Direct,Online,North Carolina,70,6825,98
5918,02-07-2021,Men's Street Footwear,Southeast,Sports Direct,Online,North Carolina,60,176,29
5919,02-12-2021,Men's Street Footwear,Southeast,Sports Direct,Online,North Carolina,64,156,24
5920,02-09-2021,Men's Street Footwear,Southeast,Sports Direct,Online,North Carolina,53,133,25
5921,03-08-2021,Men's Street Footwear,Southeast,Sports Direct,Online,North Carolina,61,188,31
5922,03-04-2021,Men's Street Footwear,Southeast,Sports Direct,Online,North Carolina,27,71,26
5923,02-03-2021,Men's Street Footwear,Southeast,Sports Direct,Online,North Carolina,28,77,28
5924,04-10-2021,Men's Street Footwear,Southeast,Sports Direct,Online,North Carolina,42,103,25
5925,02-05-2021,Men's Street Footwear,Southeast,Sports Direct,Online,North Carolina,41,101,25
5926,03-11-2021,Men's Street Footwear,Southeast,Sports Direct,Online,North Carolina,44,95,22
5927,04-06-2021,Men's Street Footwear,Southeast,Sports Direct,Online,North Carolina,46,109,24
5928,06-01-2021,Men's Street Footwear,Southeast,Sports Direct,Online,South Carolina,35,3238,93
5929,04-02-2021,Men's Street Footwear,Southeast,Sports Direct,Online,South Carolina,35,3413,98
5930,06-01-2021,Men's Street Footwear,Southeast,Sports Direct,Online,South Carolina,33,76,23
5931,04-02-2021,Men's Street Footwear,Southeast,Sports Direct,Online,South Carolina,34,89,26
5932,19-01-2021,Men's Street Footwear,Southeast,Sports Direct,Online,Virginia,34,69,20
5933,17-02-2021,Men's Street Footwear,Southeast,Sports Direct,Online,Virginia,34,68,20
5934,10-10-2020,Women's Apparel,Southeast,Sports Direct,Online,Florida,64,136,21
5935,28-09-2020,Women's Apparel,Southeast,Sports Direct,Online,Florida,55,123,22
5936,04-10-2020,Women's Apparel,Southeast,Sports Direct,Online,Florida,59,132,22
5937,02-03-2021,Women's Apparel,Southeast,Sports Direct,Online,North Carolina,30,1875,63
5938,04-02-2021,Women's Apparel,Southeast,Sports Direct,Online,North Carolina,30,2100,70
5939,03-04-2021,Women's Apparel,Southeast,Sports Direct,Online,North Carolina,35,2363,68
5940,02-09-2021,Women's Apparel,Southeast,Sports Direct,Online,North Carolina,45,3150,70
5941,04-10-2021,Women's Apparel,Southeast,Sports Direct,Online,North Carolina,50,3375,68
5942,02-05-2021,Women's Apparel,Southeast,Sports Direct,Online,North Carolina,55,3850,70
5943,03-08-2021,Women's Apparel,Southeast,Sports Direct,Online,North Carolina,60,4950,83
5944,04-06-2021,Women's Apparel,Southeast,Sports Direct,Online,North Carolina,70,5775,83
5945,02-07-2021,Women's Apparel,Southeast,Sports Direct,Online,North Carolina,70,6125,88
5946,03-11-2021,Women's Apparel,Southeast,Sports Direct,Online,North Carolina,75,5438,73
5947,04-02-2021,Women's Apparel,Southeast,Sports Direct,Online,North Carolina,29,59,20
5948,04-06-2021,Women's Apparel,Southeast,Sports Direct,Online,North Carolina,67,155,23
5949,03-04-2021,Women's Apparel,Southeast,Sports Direct,Online,North Carolina,32,60,19
5950,02-09-2021,Women's Apparel,Southeast,Sports Direct,Online,North Carolina,41,83,20
5951,02-03-2021,Women's Apparel,Southeast,Sports Direct,Online,North Carolina,27,46,17
5952,02-05-2021,Women's Apparel,Southeast,Sports Direct,Online,North Carolina,51,104,20
5953,04-10-2021,Women's Apparel,Southeast,Sports Direct,Online,North Carolina,48,84,18
5954,02-07-2021,Women's Apparel,Southeast,Sports Direct,Online,North Carolina,64,168,26
5955,03-08-2021,Women's Apparel,Southeast,Sports Direct,Online,North Carolina,54,125,23
5956,03-11-2021,Women's Apparel,Southeast,Sports Direct,Online,North Carolina,72,151,21
5957,06-01-2021,Women's Apparel,Southeast,Sports Direct,Online,South Carolina,35,2538,73
5958,05-12-2021,Women's Apparel,Southeast,Sports Direct,Online,South Carolina,75,6563,88
5959,05-12-2021,Women's Apparel,Southeast,Sports Direct,Online,South Carolina,68,155,23
5960,06-01-2021,Women's Apparel,Southeast,Sports Direct,Online,South Carolina,34,67,20
5961,19-01-2021,Women's Apparel,Southeast,Sports Direct,Online,Virginia,33,46,14
5962,26-09-2020,Women's Athletic Footwear,Southeast,Sports Direct,Online,Florida,42,88,21
5963,24-05-2020,Women's Athletic Footwear,Southeast,Sports Direct,Online,Florida,54,113,21
5964,02-10-2020,Women's Athletic Footwear,Southeast,Sports Direct,Online,Florida,45,82,18
5965,08-10-2020,Women's Athletic Footwear,Southeast,Sports Direct,Online,Florida,49,99,20
5966,02-03-2021,Women's Athletic Footwear,Southeast,Sports Direct,Online,North Carolina,25,1188,48
5967,03-04-2021,Women's Athletic Footwear,Southeast,Sports Direct,Online,North Carolina,25,1250,50
5968,04-02-2021,Women's Athletic Footwear,Southeast,Sports Direct,Online,North Carolina,30,1575,53
5969,02-09-2021,Women's Athletic Footwear,Southeast,Sports Direct,Online,North Carolina,30,1800,60
5970,04-10-2021,Women's Athletic Footwear,Southeast,Sports Direct,Online,North Carolina,35,1925,55
5971,02-05-2021,Women's Athletic Footwear,Southeast,Sports Direct,Online,North Carolina,40,2300,58
5972,03-08-2021,Women's Athletic Footwear,Southeast,Sports Direct,Online,North Carolina,45,3038,68
5973,04-06-2021,Women's Athletic Footwear,Southeast,Sports Direct,Online,North Carolina,50,3250,65
5974,02-07-2021,Women's Athletic Footwear,Southeast,Sports Direct,Online,North Carolina,55,3713,68
5975,03-11-2021,Women's Athletic Footwear,Southeast,Sports Direct,Online,North Carolina,60,3900,65
5976,02-09-2021,Women's Athletic Footwear,Southeast,Sports Direct,Online,North Carolina,28,42,15
5977,04-02-2021,Women's Athletic Footwear,Southeast,Sports Direct,Online,North Carolina,29,41,14
5978,04-06-2021,Women's Athletic Footwear,Southeast,Sports Direct,Online,North Carolina,49,83,17
5979,02-07-2021,Women's Athletic Footwear,Southeast,Sports Direct,Online,North Carolina,52,106,20
5980,03-11-2021,Women's Athletic Footwear,Southeast,Sports Direct,Online,North Carolina,55,90,16
5981,03-08-2021,Women's Athletic Footwear,Southeast,Sports Direct,Online,North Carolina,44,80,18
5982,03-04-2021,Women's Athletic Footwear,Southeast,Sports Direct,Online,North Carolina,24,34,14
5983,02-03-2021,Women's Athletic Footwear,Southeast,Sports Direct,Online,North Carolina,25,31,12
5984,04-10-2021,Women's Athletic Footwear,Southeast,Sports Direct,Online,North Carolina,34,54,16
5985,02-05-2021,Women's Athletic Footwear,Southeast,Sports Direct,Online,North Carolina,38,57,15
5986,05-12-2021,Women's Athletic Footwear,Southeast,Sports Direct,Online,South Carolina,60,4650,78
5987,06-01-2021,Women's Athletic Footwear,Southeast,Sports Direct,Online,South Carolina,30,1725,58
5988,05-12-2021,Women's Athletic Footwear,Southeast,Sports Direct,Online,South Carolina,59,114,19
5989,06-01-2021,Women's Athletic Footwear,Southeast,Sports Direct,Online,South Carolina,29,50,17
5990,19-01-2021,Women's Athletic Footwear,Southeast,Sports Direct,Online,Virginia,29,34,12
5991,25-09-2020,Women's Street Footwear,Southeast,Sports Direct,Online,Florida,41,92,23
5992,07-10-2020,Women's Street Footwear,Southeast,Sports Direct,Online,Florida,46,103,22
5993,24-05-2020,Women's Street Footwear,Southeast,Sports Direct,Online,Florida,52,129,25
5994,01-10-2020,Women's Street Footwear,Southeast,Sports Direct,Online,Florida,47,95,20
5995,03-04-2021,Women's Street Footwear,Southeast,Sports Direct,Online,North Carolina,20,1150,58
5996,02-03-2021,Women's Street Footwear,Southeast,Sports Direct,Online,North Carolina,20,1250,63
5997,02-09-2021,Women's Street Footwear,Southeast,Sports Direct,Online,North Carolina,30,1875,63
5998,04-10-2021,Women's Street Footwear,Southeast,Sports Direct,Online,North Carolina,35,2013,58
5999,02-05-2021,Women's Street Footwear,Southeast,Sports Direct,Online,North Carolina,40,2500,63
6000,03-11-2021,Women's Street Footwear,Southeast,Sports Direct,Online,North Carolina,40,2380,60
6001,04-06-2021,Women's Street Footwear,Southeast,Sports Direct,Online,North Carolina,50,3375,68
6002,02-07-2021,Women's Street Footwear,Southeast,Sports Direct,Online,North Carolina,55,3988,73
6003,03-08-2021,Women's Street Footwear,Southeast,Sports Direct,Online,North Carolina,55,3988,73
6004,02-09-2021,Women's Street Footwear,Southeast,Sports Direct,Online,North Carolina,28,49,18
6005,04-10-2021,Women's Street Footwear,Southeast,Sports Direct,Online,North Carolina,34,51,15
6006,02-03-2021,Women's Street Footwear,Southeast,Sports Direct,Online,North Carolina,19,34,18
6007,02-05-2021,Women's Street Footwear,Southeast,Sports Direct,Online,North Carolina,37,63,17
6008,03-08-2021,Women's Street Footwear,Southeast,Sports Direct,Online,North Carolina,54,113,21
6009,03-11-2021,Women's Street Footwear,Southeast,Sports Direct,Online,North Carolina,38,63,17
6010,04-06-2021,Women's Street Footwear,Southeast,Sports Direct,Online,North Carolina,47,79,17
6011,03-04-2021,Women's Street Footwear,Southeast,Sports Direct,Online,North Carolina,20,29,14
6012,02-07-2021,Women's Street Footwear,Southeast,Sports Direct,Online,North Carolina,53,104,20
6013,05-12-2021,Women's Street Footwear,Southeast,Sports Direct,Online,South Carolina,60,4950,83
6014,05-12-2021,Women's Street Footwear,Southeast,Sports Direct,Online,South Carolina,56,120,22
6015,04-02-2021,Women's Street Footwear,Southeast,Sports Direct,Online,South Carolina,25,1688,68
6016,06-01-2021,Women's Street Footwear,Southeast,Sports Direct,Online,South Carolina,25,1813,73
6017,06-01-2021,Women's Street Footwear,Southeast,Sports Direct,Online,South Carolina,24,45,19
6018,04-02-2021,Women's Street Footwear,Southeast,Sports Direct,Online,South Carolina,23,39,17
6019,19-01-2021,Women's Street Footwear,Southeast,Sports Direct,Online,Virginia,23,34,15
6020,17-02-2021,Women's Street Footwear,Southeast,Sports Direct,Online,Virginia,23,35,15
6021,24-04-2020,Men's Apparel,Southeast,West Gear,Online,Florida,52,102,20
6022,24-04-2020,Men's Apparel,Southeast,West Gear,Online,Florida,58,114,20
6023,15-09-2020,Men's Apparel,Southeast,West Gear,Online,Florida,61,127,21
6024,09-09-2020,Men's Apparel,Southeast,West Gear,Online,Florida,62,144,23
6025,12-01-2021,Men's Apparel,Southeast,West Gear,Online,Florida,51,84,17
6026,18-09-2020,Men's Athletic Footwear,Southeast,West Gear,Online,Florida,55,139,25
6027,12-09-2020,Men's Athletic Footwear,Southeast,West Gear,Online,Florida,57,128,23
6028,24-04-2020,Men's Athletic Footwear,Southeast,West Gear,Online,Florida,54,111,21
6029,24-04-2020,Men's Athletic Footwear,Southeast,West Gear,Online,Florida,54,105,19
6030,12-01-2021,Men's Athletic Footwear,Southeast,West Gear,Online,Florida,44,83,19
6031,10-02-2021,Men's Athletic Footwear,Southeast,West Gear,Online,Florida,42,58,14
6032,24-04-2020,Men's Street Footwear,Southeast,West Gear,Online,Florida,52,156,30
6033,17-09-2020,Men's Street Footwear,Southeast,West Gear,Online,Florida,60,182,30
6034,24-04-2020,Men's Street Footwear,Southeast,West Gear,Online,Florida,55,160,29
6035,11-09-2020,Men's Street Footwear,Southeast,West Gear,Online,Florida,60,179,30
6036,12-01-2021,Men's Street Footwear,Southeast,West Gear,Online,Florida,41,105,26
6037,10-02-2021,Men's Street Footwear,Southeast,West Gear,Online,Florida,44,103,23
6038,24-04-2020,Women's Apparel,Southeast,West Gear,Online,Florida,44,92,21
6039,24-04-2020,Women's Apparel,Southeast,West Gear,Online,Florida,64,159,25
6040,10-09-2020,Women's Apparel,Southeast,West Gear,Online,Florida,63,163,26
6041,16-09-2020,Women's Apparel,Southeast,West Gear,Online,Florida,67,163,24
6042,12-01-2021,Women's Apparel,Southeast,West Gear,Online,Florida,44,77,18
6043,08-09-2020,Women's Athletic Footwear,Southeast,West Gear,Online,Florida,47,102,22
6044,24-04-2020,Women's Athletic Footwear,Southeast,West Gear,Online,Florida,49,86,18
6045,14-09-2020,Women's Athletic Footwear,Southeast,West Gear,Online,Florida,53,123,23
6046,15-08-2020,Women's Athletic Footwear,Southeast,West Gear,Online,Florida,38,64,17
6047,24-04-2020,Women's Athletic Footwear,Southeast,West Gear,Online,Florida,38,72,19
6048,12-01-2021,Women's Athletic Footwear,Southeast,West Gear,Online,Florida,37,54,15
6049,07-09-2020,Women's Street Footwear,Southeast,West Gear,Online,Florida,49,102,21
6050,24-04-2020,Women's Street Footwear,Southeast,West Gear,Online,Florida,47,88,19
6051,13-09-2020,Women's Street Footwear,Southeast,West Gear,Online,Florida,50,108,22
6052,19-09-2020,Women's Street Footwear,Southeast,West Gear,Online,Florida,53,122,23
6053,24-04-2020,Women's Street Footwear,Southeast,West Gear,Online,Florida,32,65,20
6054,10-02-2021,Women's Street Footwear,Southeast,West Gear,Online,Florida,33,57,17
6055,12-01-2021,Women's Street Footwear,Southeast,West Gear,Online,Florida,32,54,17
6056,10-12-2021,Men's Apparel,West,Foot Locker,Online,Wyoming,54,78,15
6057,01-06-2021,Men's Athletic Footwear,West,Foot Locker,Online,California,41,32,8
6058,07-08-2020,Men's Athletic Footwear,West,Foot Locker,Online,Washington,41,91,22
6059,31-05-2021,Men's Street Footwear,West,Foot Locker,Online,California,44,55,12
6060,06-08-2020,Men's Street Footwear,West,Foot Locker,Online,Washington,44,120,27
6061,10-12-2021,Women's Apparel,West,Foot Locker,Online,Wyoming,56,97,17
6062,03-06-2021,Women's Athletic Footwear,West,Foot Locker,Online,California,37,13,3
6063,09-08-2020,Women's Athletic Footwear,West,Foot Locker,Online,Washington,38,67,18
6064,10-12-2021,Women's Athletic Footwear,West,Foot Locker,Online,Wyoming,44,59,14
6065,02-06-2021,Women's Street Footwear,West,Foot Locker,Online,California,32,27,8
6066,08-08-2020,Women's Street Footwear,West,Foot Locker,Online,Washington,34,78,23
6067,10-12-2021,Women's Street Footwear,West,Foot Locker,Online,Wyoming,44,73,17
6068,11-08-2021,Men's Apparel,West,Kohl's,Online,Wyoming,47,66,14
6069,12-02-2021,Men's Apparel,West,Kohl's,Online,Wyoming,47,68,15
6070,11-11-2021,Men's Apparel,West,Kohl's,Online,Wyoming,51,73,14
6071,10-05-2021,Men's Apparel,West,Kohl's,Online,Wyoming,45,60,13
6072,11-04-2021,Men's Apparel,West,Kohl's,Online,Wyoming,47,50,11
6073,10-07-2021,Men's Apparel,West,Kohl's,Online,Wyoming,48,66,14
6074,10-09-2021,Men's Apparel,West,Kohl's,Online,Wyoming,48,60,13
6075,12-06-2021,Men's Apparel,West,Kohl's,Online,Wyoming,49,66,14
6076,12-10-2021,Men's Apparel,West,Kohl's,Online,Wyoming,54,69,13
6077,10-03-2021,Men's Apparel,West,Kohl's,Online,Wyoming,47,59,13
6078,10-05-2021,Men's Athletic Footwear,West,Kohl's,Online,Wyoming,41,62,15
6079,12-10-2021,Men's Athletic Footwear,West,Kohl's,Online,Wyoming,44,77,17
6080,12-06-2021,Men's Athletic Footwear,West,Kohl's,Online,Wyoming,42,71,17
6081,11-08-2021,Men's Athletic Footwear,West,Kohl's,Online,Wyoming,43,70,16
6082,10-12-2021,Men's Athletic Footwear,West,Kohl's,Online,Wyoming,44,74,17
6083,11-11-2021,Men's Athletic Footwear,West,Kohl's,Online,Wyoming,42,70,17
6084,10-09-2021,Men's Athletic Footwear,West,Kohl's,Online,Wyoming,44,66,15
6085,10-07-2021,Men's Athletic Footwear,West,Kohl's,Online,Wyoming,44,72,16
6086,10-03-2021,Men's Athletic Footwear,West,Kohl's,Online,Wyoming,37,48,13
6087,11-04-2021,Men's Athletic Footwear,West,Kohl's,Online,Wyoming,39,55,14
6088,10-03-2021,Men's Street Footwear,West,Kohl's,Online,Wyoming,38,93,25
6089,10-12-2021,Men's Street Footwear,West,Kohl's,Online,Wyoming,52,116,22
6090,11-11-2021,Men's Street Footwear,West,Kohl's,Online,Wyoming,53,116,22
6091,11-04-2021,Men's Street Footwear,West,Kohl's,Online,Wyoming,39,81,21
6092,12-06-2021,Men's Street Footwear,West,Kohl's,Online,Wyoming,46,114,25
6093,11-08-2021,Men's Street Footwear,West,Kohl's,Online,Wyoming,47,120,26
6094,10-09-2021,Men's Street Footwear,West,Kohl's,Online,Wyoming,48,100,21
6095,10-07-2021,Men's Street Footwear,West,Kohl's,Online,Wyoming,48,109,23
6096,12-10-2021,Men's Street Footwear,West,Kohl's,Online,Wyoming,50,101,20
6097,10-05-2021,Men's Street Footwear,West,Kohl's,Online,Wyoming,45,111,25
6098,11-04-2021,Women's Apparel,West,Kohl's,Online,Wyoming,36,54,15
6099,10-07-2021,Women's Apparel,West,Kohl's,Online,Wyoming,51,100,20
6100,10-03-2021,Women's Apparel,West,Kohl's,Online,Wyoming,37,61,17
6101,12-06-2021,Women's Apparel,West,Kohl's,Online,Wyoming,50,82,16
6102,12-10-2021,Women's Apparel,West,Kohl's,Online,Wyoming,55,83,15
6103,12-02-2021,Women's Apparel,West,Kohl's,Online,Wyoming,38,66,17
6104,11-11-2021,Women's Apparel,West,Kohl's,Online,Wyoming,55,89,16
6105,10-05-2021,Women's Apparel,West,Kohl's,Online,Wyoming,52,81,16
6106,10-09-2021,Women's Apparel,West,Kohl's,Online,Wyoming,52,90,17
6107,11-08-2021,Women's Apparel,West,Kohl's,Online,Wyoming,52,102,20
6108,12-10-2021,Women's Athletic Footwear,West,Kohl's,Online,Wyoming,41,49,12
6109,10-03-2021,Women's Athletic Footwear,West,Kohl's,Online,Wyoming,33,37,11
6110,11-04-2021,Women's Athletic Footwear,West,Kohl's,Online,Wyoming,33,39,12
6111,12-06-2021,Women's Athletic Footwear,West,Kohl's,Online,Wyoming,38,53,14
6112,10-07-2021,Women's Athletic Footwear,West,Kohl's,Online,Wyoming,39,59,15
6113,12-02-2021,Women's Athletic Footwear,West,Kohl's,Online,Wyoming,32,39,12
6114,10-09-2021,Women's Athletic Footwear,West,Kohl's,Online,Wyoming,38,51,14
6115,11-08-2021,Women's Athletic Footwear,West,Kohl's,Online,Wyoming,38,56,15
6116,11-11-2021,Women's Athletic Footwear,West,Kohl's,Online,Wyoming,42,57,14
6117,10-05-2021,Women's Athletic Footwear,West,Kohl's,Online,Wyoming,39,51,13
6118,10-03-2021,Women's Street Footwear,West,Kohl's,Online,Wyoming,27,40,15
6119,12-06-2021,Women's Street Footwear,West,Kohl's,Online,Wyoming,38,50,13
6120,11-08-2021,Women's Street Footwear,West,Kohl's,Online,Wyoming,38,54,14
6121,11-04-2021,Women's Street Footwear,West,Kohl's,Online,Wyoming,28,41,15
6122,10-09-2021,Women's Street Footwear,West,Kohl's,Online,Wyoming,38,52,14
6123,12-10-2021,Women's Street Footwear,West,Kohl's,Online,Wyoming,42,53,13
6124,10-07-2021,Women's Street Footwear,West,Kohl's,Online,Wyoming,38,57,15
6125,10-05-2021,Women's Street Footwear,West,Kohl's,Online,Wyoming,39,57,15
6126,11-11-2021,Women's Street Footwear,West,Kohl's,Online,Wyoming,42,61,15
6127,11-02-2021,Men's Apparel,West,West Gear,Online,Utah,32,32,10
6128,11-06-2021,Men's Apparel,West,West Gear,Online,Utah,34,37,11
6129,11-08-2021,Men's Apparel,West,West Gear,Online,Utah,29,30,11
6130,10-07-2021,Men's Apparel,West,West Gear,Online,Utah,32,41,13
6131,11-04-2021,Men's Apparel,West,West Gear,Online,Utah,33,24,7
6132,11-11-2021,Men's Apparel,West,West Gear,Online,Utah,39,35,9
6133,12-09-2021,Men's Apparel,West,West Gear,Online,Utah,19,17,9
6134,11-10-2021,Men's Apparel,West,West Gear,Online,Utah,29,24,8
6135,10-03-2021,Men's Apparel,West,West Gear,Online,Utah,38,29,8
6136,10-12-2021,Men's Apparel,West,West Gear,Online,Utah,38,43,11
6137,12-05-2021,Men's Apparel,West,West Gear,Online,Utah,39,29,8
6138,12-09-2021,Men's Athletic Footwear,West,West Gear,Online,Utah,23,28,12
6139,11-04-2021,Men's Athletic Footwear,West,West Gear,Online,Utah,25,24,9
6140,11-11-2021,Men's Athletic Footwear,West,West Gear,Online,Utah,20,22,11
6141,11-08-2021,Men's Athletic Footwear,West,West Gear,Online,Utah,34,45,13
6142,10-07-2021,Men's Athletic Footwear,West,West Gear,Online,Utah,29,46,16
6143,11-06-2021,Men's Athletic Footwear,West,West Gear,Online,Utah,24,27,11
6144,10-12-2021,Men's Athletic Footwear,West,West Gear,Online,Utah,28,41,15
6145,12-05-2021,Men's Athletic Footwear,West,West Gear,Online,Utah,29,29,10
6146,11-10-2021,Men's Athletic Footwear,West,West Gear,Online,Utah,19,19,10
6147,10-03-2021,Men's Athletic Footwear,West,West Gear,Online,Utah,28,29,10
6148,11-04-2021,Men's Street Footwear,West,West Gear,Online,Utah,27,49,18
6149,11-11-2021,Men's Street Footwear,West,West Gear,Online,Utah,29,43,15
6150,11-08-2021,Men's Street Footwear,West,West Gear,Online,Utah,33,67,20
6151,11-10-2021,Men's Street Footwear,West,West Gear,Online,Utah,28,48,17
6152,11-06-2021,Men's Street Footwear,West,West Gear,Online,Utah,28,51,18
6153,12-05-2021,Men's Street Footwear,West,West Gear,Online,Utah,32,56,17
6154,10-03-2021,Men's Street Footwear,West,West Gear,Online,Utah,29,49,17
6155,12-09-2021,Men's Street Footwear,West,West Gear,Online,Utah,29,49,17
6156,10-07-2021,Men's Street Footwear,West,West Gear,Online,Utah,34,76,22
6157,10-12-2021,Men's Street Footwear,West,West Gear,Online,Utah,39,79,20
6158,11-04-2021,Women's Apparel,West,West Gear,Online,Utah,24,27,11
6159,11-08-2021,Women's Apparel,West,West Gear,Online,Utah,32,49,15
6160,11-06-2021,Women's Apparel,West,West Gear,Online,Utah,38,57,15
6161,10-12-2021,Women's Apparel,West,West Gear,Online,Utah,42,53,13
6162,11-02-2021,Women's Apparel,West,West Gear,Online,Utah,24,31,13
6163,11-10-2021,Women's Apparel,West,West Gear,Online,Utah,32,33,10
6164,12-09-2021,Women's Apparel,West,West Gear,Online,Utah,24,29,12
6165,10-03-2021,Women's Apparel,West,West Gear,Online,Utah,29,29,10
6166,10-07-2021,Women's Apparel,West,West Gear,Online,Utah,38,57,15
6167,11-11-2021,Women's Apparel,West,West Gear,Online,Utah,43,49,11
6168,12-05-2021,Women's Apparel,West,West Gear,Online,Utah,44,53,12
6169,11-02-2021,Women's Athletic Footwear,West,West Gear,Online,Utah,19,17,9
6170,10-07-2021,Women's Athletic Footwear,West,West Gear,Online,Utah,23,26,12
6171,12-09-2021,Women's Athletic Footwear,West,West Gear,Online,Utah,10,9,9
6172,11-06-2021,Women's Athletic Footwear,West,West Gear,Online,Utah,19,21,11
6173,11-11-2021,Women's Athletic Footwear,West,West Gear,Online,Utah,19,21,11
6174,10-12-2021,Women's Athletic Footwear,West,West Gear,Online,Utah,27,30,11
6175,11-04-2021,Women's Athletic Footwear,West,West Gear,Online,Utah,18,13,7
6176,11-08-2021,Women's Athletic Footwear,West,West Gear,Online,Utah,19,19,10
6177,10-03-2021,Women's Athletic Footwear,West,West Gear,Online,Utah,23,17,7
6178,11-10-2021,Women's Athletic Footwear,West,West Gear,Online,Utah,19,14,7
6179,12-05-2021,Women's Athletic Footwear,West,West Gear,Online,Utah,23,17,7
6180,11-04-2021,Women's Street Footwear,West,West Gear,Online,Utah,14,14,10
6181,10-12-2021,Women's Street Footwear,West,West Gear,Online,Utah,29,33,11
6182,11-11-2021,Women's Street Footwear,West,West Gear,Online,Utah,19,18,9
6183,10-07-2021,Women's Street Footwear,West,West Gear,Online,Utah,24,33,14
6184,11-10-2021,Women's Street Footwear,West,West Gear,Online,Utah,19,17,9
6185,11-06-2021,Women's Street Footwear,West,West Gear,Online,Utah,19,22,12
6186,11-08-2021,Women's Street Footwear,West,West Gear,Online,Utah,29,33,11
6187,12-09-2021,Women's Street Footwear,West,West Gear,Online,Utah,9,8,9
6188,10-03-2021,Women's Street Footwear,West,West Gear,Online,Utah,18,20,11
6189,12-05-2021,Women's Street Footwear,West,West Gear,Online,Utah,25,25,10
6190,06-02-2021,Men's Apparel,Midwest,Kohl's,Online,Montana,42,52,12
6191,12-02-2021,Men's Apparel,Midwest,Kohl's,Online,Montana,52,55,11
6192,13-01-2021,Men's Apparel,Midwest,Kohl's,Online,Montana,48,29,6
6193,07-01-2021,Men's Apparel,Midwest,Kohl's,Online,Montana,48,28,6
6194,18-02-2021,Men's Apparel,Midwest,Kohl's,Online,Montana,50,50,10
6195,08-03-2021,Men's Apparel,Midwest,Kohl's,Online,Montana,53,64,12
6196,25-01-2021,Men's Apparel,Midwest,Kohl's,Online,Montana,41,25,6
6197,31-01-2021,Men's Apparel,Midwest,Kohl's,Online,Montana,41,31,8
6198,19-01-2021,Men's Apparel,Midwest,Kohl's,Online,Montana,44,25,6
6199,02-03-2021,Men's Apparel,Midwest,Kohl's,Online,Montana,51,58,11
6200,01-01-2021,Men's Apparel,Midwest,Kohl's,Online,Montana,47,36,8
6201,24-02-2021,Men's Apparel,Midwest,Kohl's,Online,Montana,54,53,10
6202,29-12-2020,Men's Athletic Footwear,Midwest,Kohl's,Online,Minnesota,43,55,13
6203,10-01-2021,Men's Athletic Footwear,Midwest,Kohl's,Online,Montana,41,47,12
6204,28-01-2021,Men's Athletic Footwear,Midwest,Kohl's,Online,Montana,42,62,15
6205,27-02-2021,Men's Athletic Footwear,Midwest,Kohl's,Online,Montana,42,73,17
6206,03-02-2021,Men's Athletic Footwear,Midwest,Kohl's,Online,Montana,41,64,16
6207,05-03-2021,Men's Athletic Footwear,Midwest,Kohl's,Online,Montana,45,82,18
6208,21-02-2021,Men's Athletic Footwear,Midwest,Kohl's,Online,Montana,49,78,16
6209,09-02-2021,Men's Athletic Footwear,Midwest,Kohl's,Online,Montana,54,102,19
6210,22-01-2021,Men's Athletic Footwear,Midwest,Kohl's,Online,Montana,41,43,11
6211,15-02-2021,Men's Athletic Footwear,Midwest,Kohl's,Online,Montana,48,75,16
6212,04-01-2021,Men's Athletic Footwear,Midwest,Kohl's,Online,Montana,42,52,12
6213,16-01-2021,Men's Athletic Footwear,Midwest,Kohl's,Online,Montana,43,43,10
6214,28-12-2020,Men's Street Footwear,Midwest,Kohl's,Online,Minnesota,32,38,12
6215,09-01-2021,Men's Street Footwear,Midwest,Kohl's,Online,Montana,32,55,17
6216,04-03-2021,Men's Street Footwear,Midwest,Kohl's,Online,Montana,41,80,20
6217,20-02-2021,Men's Street Footwear,Midwest,Kohl's,Online,Montana,44,70,16
6218,03-01-2021,Men's Street Footwear,Midwest,Kohl's,Online,Montana,34,54,16
6219,21-01-2021,Men's Street Footwear,Midwest,Kohl's,Online,Montana,39,59,15
6220,14-02-2021,Men's Street Footwear,Midwest,Kohl's,Online,Montana,41,74,18
6221,08-02-2021,Men's Street Footwear,Midwest,Kohl's,Online,Montana,42,85,20
6222,27-01-2021,Men's Street Footwear,Midwest,Kohl's,Online,Montana,36,61,17
6223,02-02-2021,Men's Street Footwear,Midwest,Kohl's,Online,Montana,37,75,20
6224,26-02-2021,Men's Street Footwear,Midwest,Kohl's,Online,Montana,38,63,17
6225,15-01-2021,Men's Street Footwear,Midwest,Kohl's,Online,Montana,44,71,16
6226,07-02-2021,Women's Apparel,Midwest,Kohl's,Online,Montana,58,83,14
6227,01-02-2021,Women's Apparel,Midwest,Kohl's,Online,Montana,55,83,15
6228,08-01-2021,Women's Apparel,Midwest,Kohl's,Online,Montana,43,51,12
6229,13-02-2021,Women's Apparel,Midwest,Kohl's,Online,Montana,56,63,11
6230,03-03-2021,Women's Apparel,Midwest,Kohl's,Online,Montana,56,74,13
6231,26-01-2021,Women's Apparel,Midwest,Kohl's,Online,Montana,59,64,11
6232,14-01-2021,Women's Apparel,Midwest,Kohl's,Online,Montana,42,47,11
6233,02-01-2021,Women's Apparel,Midwest,Kohl's,Online,Montana,43,59,14
6234,20-01-2021,Women's Apparel,Midwest,Kohl's,Online,Montana,55,56,10
6235,25-02-2021,Women's Apparel,Midwest,Kohl's,Online,Montana,58,63,11
6236,09-03-2021,Women's Apparel,Midwest,Kohl's,Online,Montana,55,72,13
6237,19-02-2021,Women's Apparel,Midwest,Kohl's,Online,Montana,59,72,12
6238,31-12-2020,Women's Athletic Footwear,Midwest,Kohl's,Online,Minnesota,44,43,10
6239,18-01-2021,Women's Athletic Footwear,Midwest,Kohl's,Online,Montana,36,28,8
6240,07-03-2021,Women's Athletic Footwear,Midwest,Kohl's,Online,Montana,43,61,14
6241,23-02-2021,Women's Athletic Footwear,Midwest,Kohl's,Online,Montana,44,46,11
6242,05-02-2021,Women's Athletic Footwear,Midwest,Kohl's,Online,Montana,36,41,11
6243,24-01-2021,Women's Athletic Footwear,Midwest,Kohl's,Online,Montana,38,33,9
6244,30-01-2021,Women's Athletic Footwear,Midwest,Kohl's,Online,Montana,38,40,11
6245,12-01-2021,Women's Athletic Footwear,Midwest,Kohl's,Online,Montana,44,40,9
6246,11-02-2021,Women's Athletic Footwear,Midwest,Kohl's,Online,Montana,41,43,11
6247,01-03-2021,Women's Athletic Footwear,Midwest,Kohl's,Online,Montana,39,46,12
6248,17-02-2021,Women's Athletic Footwear,Midwest,Kohl's,Online,Montana,41,48,12
6249,06-01-2021,Women's Athletic Footwear,Midwest,Kohl's,Online,Montana,44,36,8
6250,30-12-2020,Women's Street Footwear,Midwest,Kohl's,Online,Minnesota,41,49,12
6251,23-01-2021,Women's Street Footwear,Midwest,Kohl's,Online,Montana,44,49,11
6252,29-01-2021,Women's Street Footwear,Midwest,Kohl's,Online,Montana,44,73,17
6253,16-02-2021,Women's Street Footwear,Midwest,Kohl's,Online,Montana,42,49,12
6254,28-02-2021,Women's Street Footwear,Midwest,Kohl's,Online,Montana,37,46,12
6255,22-02-2021,Women's Street Footwear,Midwest,Kohl's,Online,Montana,41,48,12
6256,11-01-2021,Women's Street Footwear,Midwest,Kohl's,Online,Montana,42,54,13
6257,05-01-2021,Women's Street Footwear,Midwest,Kohl's,Online,Montana,43,52,12
6258,04-02-2021,Women's Street Footwear,Midwest,Kohl's,Online,Montana,44,63,14
6259,10-02-2021,Women's Street Footwear,Midwest,Kohl's,Online,Montana,49,64,13
6260,06-03-2021,Women's Street Footwear,Midwest,Kohl's,Online,Montana,42,56,13
6261,17-01-2021,Women's Street Footwear,Midwest,Kohl's,Online,Montana,44,53,12
6262,17-04-2021,Men's Apparel,West,Kohl's,Online,California,45,59,13
6263,29-05-2021,Men's Apparel,West,Kohl's,Online,California,55,86,16
6264,29-04-2021,Men's Apparel,West,Kohl's,Online,California,46,87,19
6265,11-04-2021,Men's Apparel,West,Kohl's,Online,California,49,58,12
6266,11-03-2021,Men's Apparel,West,Kohl's,Online,California,49,71,15
6267,11-05-2021,Men's Apparel,West,Kohl's,Online,California,58,95,16
6268,05-05-2021,Men's Apparel,West,Kohl's,Online,California,58,106,18
6269,23-03-2021,Men's Apparel,West,Kohl's,Online,California,46,49,11
6270,17-03-2021,Men's Apparel,West,Kohl's,Online,California,46,52,11
6271,17-05-2021,Men's Apparel,West,Kohl's,Online,California,56,97,17
6272,23-04-2021,Men's Apparel,West,Kohl's,Online,California,45,56,13
6273,23-05-2021,Men's Apparel,West,Kohl's,Online,California,55,96,17
6274,20-03-2021,Men's Athletic Footwear,West,Kohl's,Online,California,41,80,20
6275,14-04-2021,Men's Athletic Footwear,West,Kohl's,Online,California,47,79,17
6276,20-04-2021,Men's Athletic Footwear,West,Kohl's,Online,California,47,106,23
6277,08-04-2021,Men's Athletic Footwear,West,Kohl's,Online,California,49,76,16
6278,14-05-2021,Men's Athletic Footwear,West,Kohl's,Online,California,51,118,23
6279,08-05-2021,Men's Athletic Footwear,West,Kohl's,Online,California,50,124,25
6280,26-04-2021,Men's Athletic Footwear,West,Kohl's,Online,California,46,99,22
6281,26-05-2021,Men's Athletic Footwear,West,Kohl's,Online,California,50,122,24
6282,20-05-2021,Men's Athletic Footwear,West,Kohl's,Online,California,54,116,22
6283,14-03-2021,Men's Athletic Footwear,West,Kohl's,Online,California,43,84,20
6284,02-05-2021,Men's Athletic Footwear,West,Kohl's,Online,California,51,113,22
6285,18-02-2021,Men's Athletic Footwear,West,Kohl's,Online,California,41,80,20
6286,19-03-2021,Men's Street Footwear,West,Kohl's,Online,California,32,69,22
6287,07-04-2021,Men's Street Footwear,West,Kohl's,Online,California,43,103,24
6288,13-05-2021,Men's Street Footwear,West,Kohl's,Online,California,49,110,22
6289,19-05-2021,Men's Street Footwear,West,Kohl's,Online,California,49,113,23
6290,25-04-2021,Men's Street Footwear,West,Kohl's,Online,California,41,98,24
6291,25-05-2021,Men's Street Footwear,West,Kohl's,Online,California,49,110,23
6292,13-04-2021,Men's Street Footwear,West,Kohl's,Online,California,41,85,21
6293,01-05-2021,Men's Street Footwear,West,Kohl's,Online,California,47,118,25
6294,13-03-2021,Men's Street Footwear,West,Kohl's,Online,California,34,77,23
6295,07-05-2021,Men's Street Footwear,West,Kohl's,Online,California,47,100,21
6296,19-04-2021,Men's Street Footwear,West,Kohl's,Online,California,44,119,27
6297,17-02-2021,Men's Street Footwear,West,Kohl's,Online,California,32,65,20
6298,18-03-2021,Women's Apparel,West,Kohl's,Online,California,41,72,18
6299,30-04-2021,Women's Apparel,West,Kohl's,Online,California,59,120,20
6300,12-03-2021,Women's Apparel,West,Kohl's,Online,California,41,75,18
6301,12-05-2021,Women's Apparel,West,Kohl's,Online,California,59,112,19
6302,24-04-2021,Women's Apparel,West,Kohl's,Online,California,60,120,20
6303,18-04-2021,Women's Apparel,West,Kohl's,Online,California,64,116,18
6304,12-04-2021,Women's Apparel,West,Kohl's,Online,California,62,108,17
6305,24-05-2021,Women's Apparel,West,Kohl's,Online,California,59,112,19
6306,06-04-2021,Women's Apparel,West,Kohl's,Online,California,41,77,19
6307,30-05-2021,Women's Apparel,West,Kohl's,Online,California,59,116,20
6308,06-05-2021,Women's Apparel,West,Kohl's,Online,California,61,115,19
6309,18-05-2021,Women's Apparel,West,Kohl's,Online,California,62,109,18
6310,22-03-2021,Women's Athletic Footwear,West,Kohl's,Online,California,41,63,15
6311,22-05-2021,Women's Athletic Footwear,West,Kohl's,Online,California,47,83,18
6312,16-05-2021,Women's Athletic Footwear,West,Kohl's,Online,California,48,84,18
6313,16-04-2021,Women's Athletic Footwear,West,Kohl's,Online,California,41,63,15
6314,22-04-2021,Women's Athletic Footwear,West,Kohl's,Online,California,44,77,18
6315,28-04-2021,Women's Athletic Footwear,West,Kohl's,Online,California,44,83,19
6316,04-05-2021,Women's Athletic Footwear,West,Kohl's,Online,California,47,79,17
6317,16-03-2021,Women's Athletic Footwear,West,Kohl's,Online,California,41,62,15
6318,10-04-2021,Women's Athletic Footwear,West,Kohl's,Online,California,43,65,15
6319,10-05-2021,Women's Athletic Footwear,West,Kohl's,Online,California,46,81,18
6320,28-05-2021,Women's Athletic Footwear,West,Kohl's,Online,California,49,103,21
6321,10-03-2021,Women's Athletic Footwear,West,Kohl's,Online,California,41,66,16
6322,15-03-2021,Women's Street Footwear,West,Kohl's,Online,California,44,74,17
6323,09-05-2021,Women's Street Footwear,West,Kohl's,Online,California,46,90,20
6324,21-05-2021,Women's Street Footwear,West,Kohl's,Online,California,47,79,17
6325,03-05-2021,Women's Street Footwear,West,Kohl's,Online,California,48,105,22
6326,15-05-2021,Women's Street Footwear,West,Kohl's,Online,California,49,86,18
6327,15-04-2021,Women's Street Footwear,West,Kohl's,Online,California,45,73,16
6328,27-04-2021,Women's Street Footwear,West,Kohl's,Online,California,47,102,22
6329,27-05-2021,Women's Street Footwear,West,Kohl's,Online,California,46,84,18
6330,21-03-2021,Women's Street Footwear,West,Kohl's,Online,California,42,71,17
6331,21-04-2021,Women's Street Footwear,West,Kohl's,Online,California,48,97,20
6332,09-04-2021,Women's Street Footwear,West,Kohl's,Online,California,49,86,18
6333,09-03-2021,Women's Street Footwear,West,Kohl's,Online,California,41,77,19
6334,12-12-2021,Men's Apparel,Midwest,Foot Locker,Online,Kansas,70,2100,30
6335,13-11-2021,Men's Apparel,Midwest,Foot Locker,Online,Kansas,75,1875,25
6336,13-11-2021,Men's Apparel,Midwest,Foot Locker,Online,Kansas,68,48,7
6337,12-12-2021,Men's Apparel,Midwest,Foot Locker,Online,Kansas,64,52,8
6338,13-11-2021,Men's Athletic Footwear,Midwest,Foot Locker,Online,Kansas,15,413,28
6339,12-12-2021,Men's Athletic Footwear,Midwest,Foot Locker,Online,Kansas,60,2400,40
6340,13-11-2021,Men's Athletic Footwear,Midwest,Foot Locker,Online,Kansas,14,10,7
6341,12-12-2021,Men's Athletic Footwear,Midwest,Foot Locker,Online,Kansas,59,71,12
6342,13-11-2021,Men's Street Footwear,Midwest,Foot Locker,Online,Kansas,25,1125,45
6343,12-12-2021,Men's Street Footwear,Midwest,Foot Locker,Online,Kansas,70,4200,60
6344,13-11-2021,Men's Street Footwear,Midwest,Foot Locker,Online,Kansas,23,28,12
6345,12-12-2021,Men's Street Footwear,Midwest,Foot Locker,Online,Kansas,66,99,15
6346,14-10-2021,Women's Apparel,Midwest,Foot Locker,Online,Kansas,30,900,30
6347,13-11-2021,Women's Apparel,Midwest,Foot Locker,Online,Kansas,75,2625,35
6348,12-12-2021,Women's Apparel,Midwest,Foot Locker,Online,Kansas,75,3000,40
6349,12-12-2021,Women's Apparel,Midwest,Foot Locker,Online,Kansas,68,76,11
6350,13-11-2021,Women's Apparel,Midwest,Foot Locker,Online,Kansas,73,64,9
6351,14-10-2021,Women's Apparel,Midwest,Foot Locker,Online,Kansas,28,25,9
6352,13-11-2021,Women's Athletic Footwear,Midwest,Foot Locker,Online,Kansas,55,1513,28
6353,12-12-2021,Women's Athletic Footwear,Midwest,Foot Locker,Online,Kansas,60,1800,30
6354,12-12-2021,Women's Athletic Footwear,Midwest,Foot Locker,Online,Kansas,59,53,9
6355,13-11-2021,Women's Athletic Footwear,Midwest,Foot Locker,Online,Kansas,54,45,8
6356,13-11-2021,Women's Street Footwear,Midwest,Foot Locker,Online,Kansas,25,550,22
6357,12-12-2021,Women's Street Footwear,Midwest,Foot Locker,Online,Kansas,60,2100,35
6358,12-12-2021,Women's Street Footwear,Midwest,Foot Locker,Online,Kansas,58,55,10
6359,13-11-2021,Women's Street Footwear,Midwest,Foot Locker,Online,Kansas,23,13,6
6360,12-09-2021,Men's Apparel,Midwest,Kohl's,Online,Kansas,25,563,23
6361,14-10-2021,Men's Apparel,Midwest,Kohl's,Online,Kansas,30,525,18
6362,14-02-2021,Men's Apparel,Midwest,Kohl's,Online,Kansas,35,788,23
6363,12-03-2021,Men's Apparel,Midwest,Kohl's,Online,Kansas,35,525,15
6364,13-04-2021,Men's Apparel,Midwest,Kohl's,Online,Kansas,40,600,15
6365,12-05-2021,Men's Apparel,Midwest,Kohl's,Online,Kansas,45,1013,23
6366,13-08-2021,Men's Apparel,Midwest,Kohl's,Online,Kansas,50,1375,28
6367,14-06-2021,Men's Apparel,Midwest,Kohl's,Online,Kansas,55,1513,28
6368,12-07-2021,Men's Apparel,Midwest,Kohl's,Online,Kansas,60,1950,33
6369,12-03-2021,Men's Apparel,Midwest,Kohl's,Online,Kansas,32,13,4
6370,12-07-2021,Men's Apparel,Midwest,Kohl's,Online,Kansas,56,51,9
6371,14-02-2021,Men's Apparel,Midwest,Kohl's,Online,Kansas,32,22,7
6372,14-06-2021,Men's Apparel,Midwest,Kohl's,Online,Kansas,54,45,8
6373,12-09-2021,Men's Apparel,Midwest,Kohl's,Online,Kansas,24,15,6
6374,14-10-2021,Men's Apparel,Midwest,Kohl's,Online,Kansas,29,13,5
6375,13-04-2021,Men's Apparel,Midwest,Kohl's,Online,Kansas,39,15,4
6376,12-05-2021,Men's Apparel,Midwest,Kohl's,Online,Kansas,43,24,6
6377,13-08-2021,Men's Apparel,Midwest,Kohl's,Online,Kansas,47,32,7
6378,12-03-2021,Men's Athletic Footwear,Midwest,Kohl's,Online,Kansas,20,450,23
6379,14-10-2021,Men's Athletic Footwear,Midwest,Kohl's,Online,Kansas,20,650,33
6380,13-04-2021,Men's Athletic Footwear,Midwest,Kohl's,Online,Kansas,25,500,20
6381,14-06-2021,Men's Athletic Footwear,Midwest,Kohl's,Online,Kansas,35,1138,33
6382,12-05-2021,Men's Athletic Footwear,Midwest,Kohl's,Online,Kansas,40,1100,28
6383,12-09-2021,Men's Athletic Footwear,Midwest,Kohl's,Online,Kansas,40,1400,35
6384,12-07-2021,Men's Athletic Footwear,Midwest,Kohl's,Online,Kansas,50,2125,43
6385,13-08-2021,Men's Athletic Footwear,Midwest,Kohl's,Online,Kansas,55,2338,43
6386,12-09-2021,Men's Athletic Footwear,Midwest,Kohl's,Online,Kansas,38,35,9
6387,13-08-2021,Men's Athletic Footwear,Midwest,Kohl's,Online,Kansas,51,57,11
6388,14-10-2021,Men's Athletic Footwear,Midwest,Kohl's,Online,Kansas,19,16,9
6389,12-03-2021,Men's Athletic Footwear,Midwest,Kohl's,Online,Kansas,19,11,6
6390,13-04-2021,Men's Athletic Footwear,Midwest,Kohl's,Online,Kansas,25,15,6
6391,14-06-2021,Men's Athletic Footwear,Midwest,Kohl's,Online,Kansas,32,30,9
6392,12-05-2021,Men's Athletic Footwear,Midwest,Kohl's,Online,Kansas,39,30,8
6393,12-07-2021,Men's Athletic Footwear,Midwest,Kohl's,Online,Kansas,49,58,12
6394,12-03-2021,Men's Street Footwear,Midwest,Kohl's,Online,Kansas,20,1090,55
6395,13-04-2021,Men's Street Footwear,Midwest,Kohl's,Online,Kansas,25,1250,50
6396,14-10-2021,Men's Street Footwear,Midwest,Kohl's,Online,Kansas,30,1500,50
6397,12-05-2021,Men's Street Footwear,Midwest,Kohl's,Online,Kansas,40,2280,57
6398,14-06-2021,Men's Street Footwear,Midwest,Kohl's,Online,Kansas,40,2300,58
6399,12-09-2021,Men's Street Footwear,Midwest,Kohl's,Online,Kansas,50,2750,55
6400,12-07-2021,Men's Street Footwear,Midwest,Kohl's,Online,Kansas,55,3713,68
6401,13-08-2021,Men's Street Footwear,Midwest,Kohl's,Online,Kansas,60,3900,65
6402,13-04-2021,Men's Street Footwear,Midwest,Kohl's,Online,Kansas,24,36,15
6403,12-05-2021,Men's Street Footwear,Midwest,Kohl's,Online,Kansas,36,51,14
6404,14-10-2021,Men's Street Footwear,Midwest,Kohl's,Online,Kansas,29,42,15
6405,12-03-2021,Men's Street Footwear,Midwest,Kohl's,Online,Kansas,20,31,15
6406,14-06-2021,Men's Street Footwear,Midwest,Kohl's,Online,Kansas,37,53,14
6407,12-09-2021,Men's Street Footwear,Midwest,Kohl's,Online,Kansas,47,78,17
6408,12-07-2021,Men's Street Footwear,Midwest,Kohl's,Online,Kansas,51,93,18
6409,13-08-2021,Men's Street Footwear,Midwest,Kohl's,Online,Kansas,56,106,19
6410,14-02-2021,Women's Apparel,Midwest,Kohl's,Online,Kansas,20,650,33
6411,12-03-2021,Women's Apparel,Midwest,Kohl's,Online,Kansas,25,625,25
6412,13-04-2021,Women's Apparel,Midwest,Kohl's,Online,Kansas,30,900,30
6413,12-09-2021,Women's Apparel,Midwest,Kohl's,Online,Kansas,30,975,33
6414,12-05-2021,Women's Apparel,Midwest,Kohl's,Online,Kansas,45,1463,33
6415,13-08-2021,Women's Apparel,Midwest,Kohl's,Online,Kansas,55,2475,45
6416,14-06-2021,Women's Apparel,Midwest,Kohl's,Online,Kansas,60,2700,45
6417,12-07-2021,Women's Apparel,Midwest,Kohl's,Online,Kansas,65,3250,50
6418,12-05-2021,Women's Apparel,Midwest,Kohl's,Online,Kansas,42,39,9
6419,14-02-2021,Women's Apparel,Midwest,Kohl's,Online,Kansas,18,18,10
6420,13-04-2021,Women's Apparel,Midwest,Kohl's,Online,Kansas,29,23,8
6421,12-09-2021,Women's Apparel,Midwest,Kohl's,Online,Kansas,29,27,9
6422,14-06-2021,Women's Apparel,Midwest,Kohl's,Online,Kansas,58,68,12
6423,12-07-2021,Women's Apparel,Midwest,Kohl's,Online,Kansas,60,84,14
6424,12-03-2021,Women's Apparel,Midwest,Kohl's,Online,Kansas,23,15,7
6425,13-08-2021,Women's Apparel,Midwest,Kohl's,Online,Kansas,52,59,11
6426,12-09-2021,Women's Athletic Footwear,Midwest,Kohl's,Online,Kansas,15,338,23
6427,12-03-2021,Women's Athletic Footwear,Midwest,Kohl's,Online,Kansas,20,200,10
6428,13-04-2021,Women's Athletic Footwear,Midwest,Kohl's,Online,Kansas,20,250,13
6429,14-02-2021,Women's Athletic Footwear,Midwest,Kohl's,Online,Kansas,20,300,15
6430,14-10-2021,Women's Athletic Footwear,Midwest,Kohl's,Online,Kansas,20,350,18
6431,12-05-2021,Women's Athletic Footwear,Midwest,Kohl's,Online,Kansas,35,700,20
6432,14-06-2021,Women's Athletic Footwear,Midwest,Kohl's,Online,Kansas,40,1100,28
6433,13-08-2021,Women's Athletic Footwear,Midwest,Kohl's,Online,Kansas,40,1200,30
6434,12-07-2021,Women's Athletic Footwear,Midwest,Kohl's,Online,Kansas,45,1350,30
6435,13-04-2021,Women's Athletic Footwear,Midwest,Kohl's,Online,Kansas,19,7,4
6436,14-02-2021,Women's Athletic Footwear,Midwest,Kohl's,Online,Kansas,20,8,4
6437,14-06-2021,Women's Athletic Footwear,Midwest,Kohl's,Online,Kansas,38,30,8
6438,12-09-2021,Women's Athletic Footwear,Midwest,Kohl's,Online,Kansas,14,9,7
6439,14-10-2021,Women's Athletic Footwear,Midwest,Kohl's,Online,Kansas,19,9,5
6440,12-03-2021,Women's Athletic Footwear,Midwest,Kohl's,Online,Kansas,20,5,3
6441,13-08-2021,Women's Athletic Footwear,Midwest,Kohl's,Online,Kansas,37,33,9
6442,12-07-2021,Women's Athletic Footwear,Midwest,Kohl's,Online,Kansas,43,32,8
6443,12-05-2021,Women's Athletic Footwear,Midwest,Kohl's,Online,Kansas,32,19,6
6444,12-03-2021,Women's Street Footwear,Midwest,Kohl's,Online,Kansas,10,250,25
6445,13-04-2021,Women's Street Footwear,Midwest,Kohl's,Online,Kansas,15,300,20
6446,12-09-2021,Women's Street Footwear,Midwest,Kohl's,Online,Kansas,15,375,25
6447,14-10-2021,Women's Street Footwear,Midwest,Kohl's,Online,Kansas,20,400,20
6448,12-05-2021,Women's Street Footwear,Midwest,Kohl's,Online,Kansas,35,875,25
6449,14-06-2021,Women's Street Footwear,Midwest,Kohl's,Online,Kansas,40,1200,30
6450,12-07-2021,Women's Street Footwear,Midwest,Kohl's,Online,Kansas,45,1575,35
6451,13-08-2021,Women's Street Footwear,Midwest,Kohl's,Online,Kansas,50,1750,35
6452,12-03-2021,Women's Street Footwear,Midwest,Kohl's,Online,Kansas,9,7,8
6453,14-06-2021,Women's Street Footwear,Midwest,Kohl's,Online,Kansas,37,30,8
6454,12-07-2021,Women's Street Footwear,Midwest,Kohl's,Online,Kansas,42,43,10
6455,12-09-2021,Women's Street Footwear,Midwest,Kohl's,Online,Kansas,15,11,8
6456,14-10-2021,Women's Street Footwear,Midwest,Kohl's,Online,Kansas,19,11,6
6457,12-05-2021,Women's Street Footwear,Midwest,Kohl's,Online,Kansas,32,21,7
6458,13-04-2021,Women's Street Footwear,Midwest,Kohl's,Online,Kansas,14,8,6
6459,13-08-2021,Women's Street Footwear,Midwest,Kohl's,Online,Kansas,47,48,10
6460,12-08-2021,Men's Athletic Footwear,Midwest,Sports Direct,Online,Illinois,28,55,20
6461,11-03-2021,Men's Athletic Footwear,Midwest,Sports Direct,Online,Montana,29,53,18
6462,02-08-2021,Men's Athletic Footwear,Midwest,Sports Direct,Online,Nebraska,29,57,20
6463,11-08-2021,Men's Street Footwear,Midwest,Sports Direct,Online,Illinois,20,38,19
6464,10-03-2021,Men's Street Footwear,Midwest,Sports Direct,Online,Montana,18,38,21
6465,01-08-2021,Men's Street Footwear,Midwest,Sports Direct,Online,Nebraska,19,39,20
6466,14-08-2021,Women's Athletic Footwear,Midwest,Sports Direct,Online,Illinois,34,52,15
6467,13-03-2021,Women's Athletic Footwear,Midwest,Sports Direct,Online,Montana,32,43,14
6468,04-08-2021,Women's Athletic Footwear,Midwest,Sports Direct,Online,Nebraska,33,46,14
6469,13-08-2021,Women's Street Footwear,Midwest,Sports Direct,Online,Illinois,27,43,16
6470,12-03-2021,Women's Street Footwear,Midwest,Sports Direct,Online,Montana,27,35,13
6471,03-08-2021,Women's Street Footwear,Midwest,Sports Direct,Online,Nebraska,28,39,14
6472,20-07-2020,Men's Athletic Footwear,Northeast,Sports Direct,Online,New York,34,77,23
6473,19-07-2020,Men's Street Footwear,Northeast,Sports Direct,Online,New York,24,56,23
6474,22-07-2020,Women's Athletic Footwear,Northeast,Sports Direct,Online,New York,34,60,18
6475,21-07-2020,Women's Street Footwear,Northeast,Sports Direct,Online,New York,33,69,21
6476,05-01-2021,Men's Apparel,South,Foot Locker,Online,Louisiana,40,1300,33
6477,05-01-2021,Men's Apparel,South,Foot Locker,Online,Louisiana,36,31,9
6478,05-01-2021,Men's Athletic Footwear,South,Foot Locker,Online,Louisiana,30,2025,68
6479,04-02-2021,Men's Athletic Footwear,South,Foot Locker,Online,Louisiana,35,2100,60
6480,04-02-2021,Men's Athletic Footwear,South,Foot Locker,Online,Louisiana,32,56,17
6481,05-01-2021,Men's Athletic Footwear,South,Foot Locker,Online,Louisiana,28,55,20
6482,05-01-2021,Men's Street Footwear,South,Foot Locker,Online,Louisiana,20,1350,68
6483,04-02-2021,Men's Street Footwear,South,Foot Locker,Online,Louisiana,25,1563,63
6484,04-02-2021,Men's Street Footwear,South,Foot Locker,Online,Louisiana,23,37,16
6485,05-01-2021,Men's Street Footwear,South,Foot Locker,Online,Louisiana,19,35,18
6486,05-01-2021,Women's Athletic Footwear,South,Foot Locker,Online,Louisiana,35,1663,48
6487,05-01-2021,Women's Athletic Footwear,South,Foot Locker,Online,Louisiana,33,44,13
6488,05-01-2021,Women's Street Footwear,South,Foot Locker,Online,Louisiana,30,1425,48
6489,04-02-2021,Women's Street Footwear,South,Foot Locker,Online,Louisiana,35,1488,43
6490,05-01-2021,Women's Street Footwear,South,Foot Locker,Online,Louisiana,28,33,12
6491,04-02-2021,Women's Street Footwear,South,Foot Locker,Online,Louisiana,34,44,13
6492,16-01-2021,Men's Apparel,South,Kohl's,Online,Oklahoma,35,875,25
6493,19-12-2021,Men's Apparel,South,Kohl's,Online,Oklahoma,70,2275,33
6494,20-11-2021,Men's Apparel,South,Kohl's,Online,Oklahoma,75,2063,28
6495,16-01-2021,Men's Apparel,South,Kohl's,Online,Oklahoma,33,21,7
6496,19-12-2021,Men's Apparel,South,Kohl's,Online,Oklahoma,69,56,8
6497,20-11-2021,Men's Apparel,South,Kohl's,Online,Oklahoma,71,55,8
6498,20-11-2021,Men's Athletic Footwear,South,Kohl's,Online,Oklahoma,15,450,30
6499,14-02-2021,Men's Athletic Footwear,South,Kohl's,Online,Oklahoma,25,625,25
6500,16-01-2021,Men's Athletic Footwear,South,Kohl's,Online,Oklahoma,25,875,35
6501,19-12-2021,Men's Athletic Footwear,South,Kohl's,Online,Oklahoma,60,2550,43
6502,19-12-2021,Men's Athletic Footwear,South,Kohl's,Online,Oklahoma,58,69,12
6503,20-11-2021,Men's Athletic Footwear,South,Kohl's,Online,Oklahoma,14,11,8
6504,16-01-2021,Men's Athletic Footwear,South,Kohl's,Online,Oklahoma,23,21,9
6505,14-02-2021,Men's Athletic Footwear,South,Kohl's,Online,Oklahoma,23,15,7
6506,16-01-2021,Men's Street Footwear,South,Kohl's,Online,Oklahoma,25,1375,55
6507,14-02-2021,Men's Street Footwear,South,Kohl's,Online,Oklahoma,25,1500,60
6508,20-11-2021,Men's Street Footwear,South,Kohl's,Online,Oklahoma,25,1188,48
6509,19-12-2021,Men's Street Footwear,South,Kohl's,Online,Oklahoma,70,4375,63
6510,14-02-2021,Men's Street Footwear,South,Kohl's,Online,Oklahoma,23,37,16
6511,16-01-2021,Men's Street Footwear,South,Kohl's,Online,Oklahoma,23,34,15
6512,20-11-2021,Men's Street Footwear,South,Kohl's,Online,Oklahoma,23,31,13
6513,19-12-2021,Men's Street Footwear,South,Kohl's,Online,Oklahoma,64,108,17
6514,16-01-2021,Women's Apparel,South,Kohl's,Online,Oklahoma,25,875,35
6515,21-10-2021,Women's Apparel,South,Kohl's,Online,Oklahoma,30,975,33
6516,20-11-2021,Women's Apparel,South,Kohl's,Online,Oklahoma,75,2813,38
6517,19-12-2021,Women's Apparel,South,Kohl's,Online,Oklahoma,75,3188,43
6518,16-01-2021,Women's Apparel,South,Kohl's,Online,Oklahoma,23,23,10
6519,19-12-2021,Women's Apparel,South,Kohl's,Online,Oklahoma,68,84,12
6520,20-11-2021,Women's Apparel,South,Kohl's,Online,Oklahoma,72,76,11
6521,21-10-2021,Women's Apparel,South,Kohl's,Online,Oklahoma,29,26,9
6522,16-01-2021,Women's Athletic Footwear,South,Kohl's,Online,Oklahoma,20,400,20
6523,20-11-2021,Women's Athletic Footwear,South,Kohl's,Online,Oklahoma,55,1650,30
6524,19-12-2021,Women's Athletic Footwear,South,Kohl's,Online,Oklahoma,60,1950,33
6525,16-01-2021,Women's Athletic Footwear,South,Kohl's,Online,Oklahoma,19,11,6
6526,20-11-2021,Women's Athletic Footwear,South,Kohl's,Online,Oklahoma,52,39,8
6527,19-12-2021,Women's Athletic Footwear,South,Kohl's,Online,Oklahoma,54,51,9
6528,14-02-2021,Women's Street Footwear,South,Kohl's,Online,Oklahoma,15,450,30
6529,16-01-2021,Women's Street Footwear,South,Kohl's,Online,Oklahoma,15,525,35
6530,20-11-2021,Women's Street Footwear,South,Kohl's,Online,Oklahoma,25,613,25
6531,19-12-2021,Women's Street Footwear,South,Kohl's,Online,Oklahoma,60,2250,38
6532,16-01-2021,Women's Street Footwear,South,Kohl's,Online,Oklahoma,14,12,9
6533,14-02-2021,Women's Street Footwear,South,Kohl's,Online,Oklahoma,14,11,8
6534,19-12-2021,Women's Street Footwear,South,Kohl's,Online,Oklahoma,55,56,10
6535,20-11-2021,Women's Street Footwear,South,Kohl's,Online,Oklahoma,23,17,7
6536,05-08-2021,Men's Apparel,South,Sports Direct,Online,Alabama,37,33,9
6537,11-08-2021,Men's Apparel,South,Sports Direct,Online,Alabama,38,26,7
6538,17-08-2021,Men's Apparel,South,Sports Direct,Online,Alabama,37,27,7
6539,23-08-2021,Men's Apparel,South,Sports Direct,Online,Alabama,23,17,7
6540,29-08-2021,Men's Apparel,South,Sports Direct,Online,Alabama,49,59,12
6541,04-09-2021,Men's Apparel,South,Sports Direct,Online,Alabama,49,71,15
6542,10-10-2021,Men's Apparel,South,Sports Direct,Online,Alabama,58,84,15
6543,22-09-2021,Men's Apparel,South,Sports Direct,Online,Alabama,41,36,9
6544,10-09-2021,Men's Apparel,South,Sports Direct,Online,Alabama,45,59,13
6545,04-10-2021,Men's Apparel,South,Sports Direct,Online,Alabama,48,53,11
6546,16-09-2021,Men's Apparel,South,Sports Direct,Online,Alabama,50,62,12
6547,28-09-2021,Men's Apparel,South,Sports Direct,Online,Alabama,29,23,8
6548,23-01-2021,Men's Apparel,South,Sports Direct,Online,Mississippi,35,1225,35
6549,23-01-2021,Men's Apparel,South,Sports Direct,Online,Mississippi,34,32,10
6550,14-03-2021,Men's Apparel,South,Sports Direct,Online,Tennessee,39,37,10
6551,20-03-2021,Men's Apparel,South,Sports Direct,Online,Tennessee,37,31,8
6552,01-04-2021,Men's Apparel,South,Sports Direct,Online,Tennessee,28,24,8
6553,26-03-2021,Men's Apparel,South,Sports Direct,Online,Tennessee,39,27,7
6554,13-04-2021,Men's Apparel,South,Sports Direct,Online,Tennessee,43,62,15
6555,07-04-2021,Men's Apparel,South,Sports Direct,Online,Tennessee,41,43,11
6556,19-05-2021,Men's Apparel,South,Sports Direct,Online,Tennessee,50,70,14
6557,07-05-2021,Men's Apparel,South,Sports Direct,Online,Tennessee,32,28,9
6558,01-05-2021,Men's Apparel,South,Sports Direct,Online,Tennessee,47,56,12
6559,19-04-2021,Men's Apparel,South,Sports Direct,Online,Tennessee,43,71,17
6560,25-04-2021,Men's Apparel,South,Sports Direct,Online,Tennessee,49,65,13
6561,13-05-2021,Men's Apparel,South,Sports Direct,Online,Tennessee,51,58,11
6562,15-08-2021,Men's Apparel,South,Sports Direct,Online,Texas,37,35,9
6563,21-08-2021,Men's Apparel,South,Sports Direct,Online,Texas,38,29,8
6564,02-09-2021,Men's Apparel,South,Sports Direct,Online,Texas,34,29,9
6565,14-09-2021,Men's Apparel,South,Sports Direct,Online,Texas,45,65,15
6566,08-10-2021,Men's Apparel,South,Sports Direct,Online,Texas,36,36,10
6567,27-08-2021,Men's Apparel,South,Sports Direct,Online,Texas,38,31,8
6568,08-09-2021,Men's Apparel,South,Sports Direct,Online,Texas,49,64,13
6569,20-09-2021,Men's Apparel,South,Sports Direct,Online,Texas,47,78,17
6570,26-09-2021,Men's Apparel,South,Sports Direct,Online,Texas,53,75,14
6571,14-10-2021,Men's Apparel,South,Sports Direct,Online,Texas,56,77,14
6572,02-10-2021,Men's Apparel,South,Sports Direct,Online,Texas,53,72,14
6573,20-10-2021,Men's Apparel,South,Sports Direct,Online,Texas,58,92,16
6574,04-08-2020,Men's Apparel,South,Sports Direct,Online,Texas,41,51,13
6575,23-07-2020,Men's Apparel,South,Sports Direct,Online,Texas,36,55,15
6576,29-07-2020,Men's Apparel,South,Sports Direct,Online,Texas,38,48,13
6577,08-08-2021,Men's Athletic Footwear,South,Sports Direct,Online,Alabama,33,57,17
6578,14-08-2021,Men's Athletic Footwear,South,Sports Direct,Online,Alabama,36,68,19
6579,01-09-2021,Men's Athletic Footwear,South,Sports Direct,Online,Alabama,49,99,20
6580,20-08-2021,Men's Athletic Footwear,South,Sports Direct,Online,Alabama,19,36,19
6581,26-08-2021,Men's Athletic Footwear,South,Sports Direct,Online,Alabama,19,36,19
6582,01-10-2021,Men's Athletic Footwear,South,Sports Direct,Online,Alabama,19,32,17
6583,25-09-2021,Men's Athletic Footwear,South,Sports Direct,Online,Alabama,29,46,16
6584,19-09-2021,Men's Athletic Footwear,South,Sports Direct,Online,Alabama,50,72,14
6585,07-09-2021,Men's Athletic Footwear,South,Sports Direct,Online,Alabama,49,105,22
6586,07-10-2021,Men's Athletic Footwear,South,Sports Direct,Online,Alabama,58,131,23
6587,13-09-2021,Men's Athletic Footwear,South,Sports Direct,Online,Alabama,52,109,21
6588,21-02-2021,Men's Athletic Footwear,South,Sports Direct,Online,Mississippi,25,875,35
6589,23-01-2021,Men's Athletic Footwear,South,Sports Direct,Online,Mississippi,25,1125,45
6590,21-02-2021,Men's Athletic Footwear,South,Sports Direct,Online,Mississippi,24,25,11
6591,23-01-2021,Men's Athletic Footwear,South,Sports Direct,Online,Mississippi,25,33,13
6592,17-03-2021,Men's Athletic Footwear,South,Sports Direct,Online,Tennessee,33,60,18
6593,04-04-2021,Men's Athletic Footwear,South,Sports Direct,Online,Tennessee,23,50,22
6594,29-03-2021,Men's Athletic Footwear,South,Sports Direct,Online,Tennessee,24,42,18
6595,10-04-2021,Men's Athletic Footwear,South,Sports Direct,Online,Tennessee,42,85,20
6596,23-03-2021,Men's Athletic Footwear,South,Sports Direct,Online,Tennessee,37,60,16
6597,16-05-2021,Men's Athletic Footwear,South,Sports Direct,Online,Tennessee,51,122,24
6598,10-05-2021,Men's Athletic Footwear,South,Sports Direct,Online,Tennessee,29,55,19
6599,22-04-2021,Men's Athletic Footwear,South,Sports Direct,Online,Tennessee,54,126,23
6600,16-04-2021,Men's Athletic Footwear,South,Sports Direct,Online,Tennessee,43,89,21
6601,04-05-2021,Men's Athletic Footwear,South,Sports Direct,Online,Tennessee,32,48,15
6602,28-04-2021,Men's Athletic Footwear,South,Sports Direct,Online,Tennessee,47,79,17
6603,18-08-2021,Men's Athletic Footwear,South,Sports Direct,Online,Texas,32,52,16
6604,30-08-2021,Men's Athletic Footwear,South,Sports Direct,Online,Texas,28,49,18
6605,11-09-2021,Men's Athletic Footwear,South,Sports Direct,Online,Texas,49,98,20
6606,05-09-2021,Men's Athletic Footwear,South,Sports Direct,Online,Texas,29,56,19
6607,11-10-2021,Men's Athletic Footwear,South,Sports Direct,Online,Texas,37,81,22
6608,24-08-2021,Men's Athletic Footwear,South,Sports Direct,Online,Texas,39,66,17
6609,23-09-2021,Men's Athletic Footwear,South,Sports Direct,Online,Texas,53,110,21
6610,05-10-2021,Men's Athletic Footwear,South,Sports Direct,Online,Texas,38,64,17
6611,29-09-2021,Men's Athletic Footwear,South,Sports Direct,Online,Texas,54,95,18
6612,17-10-2021,Men's Athletic Footwear,South,Sports Direct,Online,Texas,56,129,23
6613,17-09-2021,Men's Athletic Footwear,South,Sports Direct,Online,Texas,48,103,22
6614,26-07-2020,Men's Athletic Footwear,South,Sports Direct,Online,Texas,33,84,26
6615,07-08-2020,Men's Athletic Footwear,South,Sports Direct,Online,Texas,38,86,23
6616,01-08-2020,Men's Athletic Footwear,South,Sports Direct,Online,Texas,39,92,24
6617,07-08-2021,Men's Street Footwear,South,Sports Direct,Online,Alabama,24,37,16
6618,13-08-2021,Men's Street Footwear,South,Sports Direct,Online,Alabama,28,46,16
6619,31-08-2021,Men's Street Footwear,South,Sports Direct,Online,Alabama,43,87,20
6620,19-08-2021,Men's Street Footwear,South,Sports Direct,Online,Alabama,19,37,20
6621,25-08-2021,Men's Street Footwear,South,Sports Direct,Online,Alabama,9,18,20
6622,24-09-2021,Men's Street Footwear,South,Sports Direct,Online,Alabama,29,38,13
6623,18-09-2021,Men's Street Footwear,South,Sports Direct,Online,Alabama,51,89,18
6624,12-09-2021,Men's Street Footwear,South,Sports Direct,Online,Alabama,38,86,23
6625,06-10-2021,Men's Street Footwear,South,Sports Direct,Online,Alabama,56,130,23
6626,30-09-2021,Men's Street Footwear,South,Sports Direct,Online,Alabama,18,30,17
6627,06-09-2021,Men's Street Footwear,South,Sports Direct,Online,Alabama,44,91,21
6628,23-01-2021,Men's Street Footwear,South,Sports Direct,Online,Mississippi,25,1625,65
6629,21-02-2021,Men's Street Footwear,South,Sports Direct,Online,Mississippi,25,1750,70
6630,23-01-2021,Men's Street Footwear,South,Sports Direct,Online,Mississippi,24,42,18
6631,21-02-2021,Men's Street Footwear,South,Sports Direct,Online,Mississippi,24,45,19
6632,03-04-2021,Men's Street Footwear,South,Sports Direct,Online,Tennessee,14,26,19
6633,28-03-2021,Men's Street Footwear,South,Sports Direct,Online,Tennessee,19,32,17
6634,16-03-2021,Men's Street Footwear,South,Sports Direct,Online,Tennessee,24,41,17
6635,22-03-2021,Men's Street Footwear,South,Sports Direct,Online,Tennessee,27,51,19
6636,09-04-2021,Men's Street Footwear,South,Sports Direct,Online,Tennessee,36,78,22
6637,09-05-2021,Men's Street Footwear,South,Sports Direct,Online,Tennessee,29,57,20
6638,03-05-2021,Men's Street Footwear,South,Sports Direct,Online,Tennessee,33,57,17
6639,15-04-2021,Men's Street Footwear,South,Sports Direct,Online,Tennessee,36,77,22
6640,21-04-2021,Men's Street Footwear,South,Sports Direct,Online,Tennessee,41,96,23
6641,15-05-2021,Men's Street Footwear,South,Sports Direct,Online,Tennessee,53,106,20
6642,27-04-2021,Men's Street Footwear,South,Sports Direct,Online,Tennessee,49,89,18
6643,17-08-2021,Men's Street Footwear,South,Sports Direct,Online,Texas,23,40,18
6644,29-08-2021,Men's Street Footwear,South,Sports Direct,Online,Texas,18,33,18
6645,10-09-2021,Men's Street Footwear,South,Sports Direct,Online,Texas,41,92,22
6646,04-09-2021,Men's Street Footwear,South,Sports Direct,Online,Texas,19,37,20
6647,23-08-2021,Men's Street Footwear,South,Sports Direct,Online,Texas,29,53,18
6648,04-10-2021,Men's Street Footwear,South,Sports Direct,Online,Texas,39,61,16
6649,22-09-2021,Men's Street Footwear,South,Sports Direct,Online,Texas,49,102,21
6650,16-09-2021,Men's Street Footwear,South,Sports Direct,Online,Texas,41,95,23
6651,16-10-2021,Men's Street Footwear,South,Sports Direct,Online,Texas,59,132,22
6652,10-10-2021,Men's Street Footwear,South,Sports Direct,Online,Texas,38,69,18
6653,28-09-2021,Men's Street Footwear,South,Sports Direct,Online,Texas,53,96,18
6654,31-07-2020,Men's Street Footwear,South,Sports Direct,Online,Texas,29,74,25
6655,06-08-2020,Men's Street Footwear,South,Sports Direct,Online,Texas,27,63,23
6656,25-07-2020,Men's Street Footwear,South,Sports Direct,Online,Texas,23,49,21
6657,12-08-2021,Women's Apparel,South,Sports Direct,Online,Alabama,33,42,13
6658,06-08-2021,Women's Apparel,South,Sports Direct,Online,Alabama,32,44,14
6659,30-08-2021,Women's Apparel,South,Sports Direct,Online,Alabama,43,87,20
6660,05-09-2021,Women's Apparel,South,Sports Direct,Online,Alabama,50,123,25
6661,24-08-2021,Women's Apparel,South,Sports Direct,Online,Alabama,20,30,15
6662,18-08-2021,Women's Apparel,South,Sports Direct,Online,Alabama,34,35,10
6663,29-09-2021,Women's Apparel,South,Sports Direct,Online,Alabama,36,51,14
6664,23-09-2021,Women's Apparel,South,Sports Direct,Online,Alabama,37,56,15
6665,17-09-2021,Women's Apparel,South,Sports Direct,Online,Alabama,59,107,18
6666,05-10-2021,Women's Apparel,South,Sports Direct,Online,Alabama,56,105,19
6667,11-09-2021,Women's Apparel,South,Sports Direct,Online,Alabama,56,134,24
6668,11-10-2021,Women's Apparel,South,Sports Direct,Online,Alabama,68,138,20
6669,23-01-2021,Women's Apparel,South,Sports Direct,Online,Mississippi,25,1125,45
6670,23-01-2021,Women's Apparel,South,Sports Direct,Online,Mississippi,23,28,12
6671,21-03-2021,Women's Apparel,South,Sports Direct,Online,Tennessee,32,43,13
6672,15-03-2021,Women's Apparel,South,Sports Direct,Online,Tennessee,33,41,13
6673,14-04-2021,Women's Apparel,South,Sports Direct,Online,Tennessee,49,116,24
6674,27-03-2021,Women's Apparel,South,Sports Direct,Online,Tennessee,33,37,11
6675,08-04-2021,Women's Apparel,South,Sports Direct,Online,Tennessee,38,77,20
6676,02-04-2021,Women's Apparel,South,Sports Direct,Online,Tennessee,24,39,16
6677,20-04-2021,Women's Apparel,South,Sports Direct,Online,Tennessee,52,116,22
6678,08-05-2021,Women's Apparel,South,Sports Direct,Online,Tennessee,43,56,13
6679,26-04-2021,Women's Apparel,South,Sports Direct,Online,Tennessee,53,96,18
6680,14-05-2021,Women's Apparel,South,Sports Direct,Online,Tennessee,59,100,17
6681,02-05-2021,Women's Apparel,South,Sports Direct,Online,Tennessee,42,68,16
6682,20-05-2021,Women's Apparel,South,Sports Direct,Online,Tennessee,61,137,23
6683,16-08-2021,Women's Apparel,South,Sports Direct,Online,Texas,33,49,15
6684,22-08-2021,Women's Apparel,South,Sports Direct,Online,Texas,32,45,14
6685,03-09-2021,Women's Apparel,South,Sports Direct,Online,Texas,29,45,16
6686,28-08-2021,Women's Apparel,South,Sports Direct,Online,Texas,32,43,14
6687,15-09-2021,Women's Apparel,South,Sports Direct,Online,Texas,53,139,26
6688,09-09-2021,Women's Apparel,South,Sports Direct,Online,Texas,43,96,22
6689,15-10-2021,Women's Apparel,South,Sports Direct,Online,Texas,67,118,18
6690,21-10-2021,Women's Apparel,South,Sports Direct,Online,Texas,65,151,23
6691,21-09-2021,Women's Apparel,South,Sports Direct,Online,Texas,54,138,26
6692,09-10-2021,Women's Apparel,South,Sports Direct,Online,Texas,45,72,16
6693,03-10-2021,Women's Apparel,South,Sports Direct,Online,Texas,48,97,20
6694,27-09-2021,Women's Apparel,South,Sports Direct,Online,Texas,56,130,23
6695,05-08-2020,Women's Apparel,South,Sports Direct,Online,Texas,39,74,19
6696,30-07-2020,Women's Apparel,South,Sports Direct,Online,Texas,34,67,20
6697,24-07-2020,Women's Apparel,South,Sports Direct,Online,Texas,34,69,20
6698,10-08-2021,Women's Athletic Footwear,South,Sports Direct,Online,Alabama,32,31,10
6699,22-08-2021,Women's Athletic Footwear,South,Sports Direct,Online,Alabama,18,20,11
6700,16-08-2021,Women's Athletic Footwear,South,Sports Direct,Online,Alabama,33,35,11
6701,28-08-2021,Women's Athletic Footwear,South,Sports Direct,Online,Alabama,34,46,14
6702,03-09-2021,Women's Athletic Footwear,South,Sports Direct,Online,Alabama,41,74,18
6703,15-09-2021,Women's Athletic Footwear,South,Sports Direct,Online,Alabama,46,55,12
6704,21-09-2021,Women's Athletic Footwear,South,Sports Direct,Online,Alabama,58,55,10
6705,27-09-2021,Women's Athletic Footwear,South,Sports Direct,Online,Alabama,32,29,9
6706,03-10-2021,Women's Athletic Footwear,South,Sports Direct,Online,Alabama,44,58,13
6707,09-09-2021,Women's Athletic Footwear,South,Sports Direct,Online,Alabama,44,76,17
6708,09-10-2021,Women's Athletic Footwear,South,Sports Direct,Online,Alabama,63,90,14
6709,23-01-2021,Women's Athletic Footwear,South,Sports Direct,Online,Mississippi,20,600,30
6710,23-01-2021,Women's Athletic Footwear,South,Sports Direct,Online,Mississippi,19,15,8
6711,06-04-2021,Women's Athletic Footwear,South,Sports Direct,Online,Tennessee,27,38,14
6712,19-03-2021,Women's Athletic Footwear,South,Sports Direct,Online,Tennessee,33,36,11
6713,12-04-2021,Women's Athletic Footwear,South,Sports Direct,Online,Tennessee,36,63,17
6714,25-03-2021,Women's Athletic Footwear,South,Sports Direct,Online,Tennessee,33,33,10
6715,31-03-2021,Women's Athletic Footwear,South,Sports Direct,Online,Tennessee,23,26,11
6716,18-04-2021,Women's Athletic Footwear,South,Sports Direct,Online,Tennessee,37,60,16
6717,24-04-2021,Women's Athletic Footwear,South,Sports Direct,Online,Tennessee,42,56,13
6718,12-05-2021,Women's Athletic Footwear,South,Sports Direct,Online,Tennessee,52,69,13
6719,18-05-2021,Women's Athletic Footwear,South,Sports Direct,Online,Tennessee,54,80,15
6720,06-05-2021,Women's Athletic Footwear,South,Sports Direct,Online,Tennessee,38,37,10
6721,30-04-2021,Women's Athletic Footwear,South,Sports Direct,Online,Tennessee,53,53,10
6722,20-08-2021,Women's Athletic Footwear,South,Sports Direct,Online,Texas,32,41,13
6723,13-09-2021,Women's Athletic Footwear,South,Sports Direct,Online,Texas,43,75,17
6724,26-08-2021,Women's Athletic Footwear,South,Sports Direct,Online,Texas,32,37,12
6725,01-09-2021,Women's Athletic Footwear,South,Sports Direct,Online,Texas,29,37,13
6726,07-09-2021,Women's Athletic Footwear,South,Sports Direct,Online,Texas,34,52,15
6727,07-10-2021,Women's Athletic Footwear,South,Sports Direct,Online,Texas,41,46,11
6728,19-09-2021,Women's Athletic Footwear,South,Sports Direct,Online,Texas,43,65,15
6729,13-10-2021,Women's Athletic Footwear,South,Sports Direct,Online,Texas,59,86,15
6730,19-10-2021,Women's Athletic Footwear,South,Sports Direct,Online,Texas,59,102,17
6731,25-09-2021,Women's Athletic Footwear,South,Sports Direct,Online,Texas,47,69,15
6732,01-10-2021,Women's Athletic Footwear,South,Sports Direct,Online,Texas,56,71,13
6733,03-08-2020,Women's Athletic Footwear,South,Sports Direct,Online,Texas,37,64,17
6734,09-08-2020,Women's Athletic Footwear,South,Sports Direct,Online,Texas,36,59,16
6735,28-07-2020,Women's Athletic Footwear,South,Sports Direct,Online,Texas,34,60,18
6736,09-08-2021,Women's Street Footwear,South,Sports Direct,Online,Alabama,32,41,13
6737,27-08-2021,Women's Street Footwear,South,Sports Direct,Online,Alabama,15,26,17
6738,15-08-2021,Women's Street Footwear,South,Sports Direct,Online,Alabama,27,32,12
6739,21-08-2021,Women's Street Footwear,South,Sports Direct,Online,Alabama,14,17,12
6740,02-09-2021,Women's Street Footwear,South,Sports Direct,Online,Alabama,44,83,19
6741,26-09-2021,Women's Street Footwear,South,Sports Direct,Online,Alabama,32,40,12
6742,14-09-2021,Women's Street Footwear,South,Sports Direct,Online,Alabama,51,137,27
6743,08-10-2021,Women's Street Footwear,South,Sports Direct,Online,Alabama,64,112,18
6744,08-09-2021,Women's Street Footwear,South,Sports Direct,Online,Alabama,41,104,25
6745,20-09-2021,Women's Street Footwear,South,Sports Direct,Online,Alabama,59,111,19
6746,02-10-2021,Women's Street Footwear,South,Sports Direct,Online,Alabama,43,62,14
6747,21-02-2021,Women's Street Footwear,South,Sports Direct,Online,Mississippi,15,600,40
6748,23-01-2021,Women's Street Footwear,South,Sports Direct,Online,Mississippi,15,675,45
6749,21-02-2021,Women's Street Footwear,South,Sports Direct,Online,Mississippi,14,17,12
6750,23-01-2021,Women's Street Footwear,South,Sports Direct,Online,Mississippi,14,16,12
6751,18-03-2021,Women's Street Footwear,South,Sports Direct,Online,Tennessee,32,39,12
6752,11-04-2021,Women's Street Footwear,South,Sports Direct,Online,Tennessee,36,61,17
6753,05-04-2021,Women's Street Footwear,South,Sports Direct,Online,Tennessee,19,34,18
6754,30-03-2021,Women's Street Footwear,South,Sports Direct,Online,Tennessee,19,26,14
6755,24-03-2021,Women's Street Footwear,South,Sports Direct,Online,Tennessee,28,35,12
6756,17-05-2021,Women's Street Footwear,South,Sports Direct,Online,Tennessee,54,113,21
6757,11-05-2021,Women's Street Footwear,South,Sports Direct,Online,Tennessee,50,87,17
6758,05-05-2021,Women's Street Footwear,South,Sports Direct,Online,Tennessee,36,53,15
6759,29-04-2021,Women's Street Footwear,South,Sports Direct,Online,Tennessee,54,98,18
6760,17-04-2021,Women's Street Footwear,South,Sports Direct,Online,Tennessee,36,95,26
6761,23-04-2021,Women's Street Footwear,South,Sports Direct,Online,Tennessee,46,131,29
6762,19-08-2021,Women's Street Footwear,South,Sports Direct,Online,Texas,34,40,12
6763,06-09-2021,Women's Street Footwear,South,Sports Direct,Online,Texas,24,42,18
6764,25-08-2021,Women's Street Footwear,South,Sports Direct,Online,Texas,28,41,15
6765,12-09-2021,Women's Street Footwear,South,Sports Direct,Online,Texas,44,77,18
6766,31-08-2021,Women's Street Footwear,South,Sports Direct,Online,Texas,25,38,15
6767,06-10-2021,Women's Street Footwear,South,Sports Direct,Online,Texas,41,59,14
6768,30-09-2021,Women's Street Footwear,South,Sports Direct,Online,Texas,59,120,20
6769,18-10-2021,Women's Street Footwear,South,Sports Direct,Online,Texas,62,117,19
6770,18-09-2021,Women's Street Footwear,South,Sports Direct,Online,Texas,44,112,25
6771,24-09-2021,Women's Street Footwear,South,Sports Direct,Online,Texas,46,126,27
6772,12-10-2021,Women's Street Footwear,South,Sports Direct,Online,Texas,63,111,18
6773,27-07-2020,Women's Street Footwear,South,Sports Direct,Online,Texas,32,56,18
6774,08-08-2020,Women's Street Footwear,South,Sports Direct,Online,Texas,34,69,20
6775,02-08-2020,Women's Street Footwear,South,Sports Direct,Online,Texas,32,58,18
6776,19-09-2021,Men's Apparel,South,Walmart,Online,Arkansas,25,813,33
6777,21-10-2021,Men's Apparel,South,Walmart,Online,Arkansas,30,825,28
6778,21-02-2021,Men's Apparel,South,Walmart,Online,Arkansas,35,1138,33
6779,19-03-2021,Men's Apparel,South,Walmart,Online,Arkansas,35,875,25
6780,20-04-2021,Men's Apparel,South,Walmart,Online,Arkansas,40,1000,25
6781,19-05-2021,Men's Apparel,South,Walmart,Online,Arkansas,45,1463,33
6782,20-08-2021,Men's Apparel,South,Walmart,Online,Arkansas,50,1875,38
6783,21-06-2021,Men's Apparel,South,Walmart,Online,Arkansas,55,2063,38
6784,19-07-2021,Men's Apparel,South,Walmart,Online,Arkansas,60,2550,43
6785,21-02-2021,Men's Apparel,South,Walmart,Online,Arkansas,34,33,10
6786,19-03-2021,Men's Apparel,South,Walmart,Online,Arkansas,32,21,7
6787,21-10-2021,Men's Apparel,South,Walmart,Online,Arkansas,27,22,8
6788,19-05-2021,Men's Apparel,South,Walmart,Online,Arkansas,42,36,9
6789,20-04-2021,Men's Apparel,South,Walmart,Online,Arkansas,37,27,7
6790,21-06-2021,Men's Apparel,South,Walmart,Online,Arkansas,54,53,10
6791,20-08-2021,Men's Apparel,South,Walmart,Online,Arkansas,48,54,11
6792,19-07-2021,Men's Apparel,South,Walmart,Online,Arkansas,55,65,12
6793,19-09-2021,Men's Apparel,South,Walmart,Online,Arkansas,23,22,9
6794,03-09-2020,Men's Apparel,South,Walmart,Online,Texas,41,69,17
6795,28-08-2020,Men's Apparel,South,Walmart,Online,Texas,41,80,20
6796,16-08-2020,Men's Apparel,South,Walmart,Online,Texas,42,71,17
6797,15-09-2020,Men's Apparel,South,Walmart,Online,Texas,42,63,15
6798,10-08-2020,Men's Apparel,South,Walmart,Online,Texas,42,62,15
6799,09-09-2020,Men's Apparel,South,Walmart,Online,Texas,44,77,18
6800,22-08-2020,Men's Apparel,South,Walmart,Online,Texas,41,69,17
6801,30-10-2020,Men's Apparel,South,Walmart,Online,Texas,42,71,17
6802,24-10-2020,Men's Apparel,South,Walmart,Online,Texas,42,82,20
6803,19-03-2021,Men's Athletic Footwear,South,Walmart,Online,Arkansas,20,650,33
6804,21-10-2021,Men's Athletic Footwear,South,Walmart,Online,Arkansas,20,850,43
6805,20-04-2021,Men's Athletic Footwear,South,Walmart,Online,Arkansas,25,750,30
6806,21-06-2021,Men's Athletic Footwear,South,Walmart,Online,Arkansas,35,1488,43
6807,19-05-2021,Men's Athletic Footwear,South,Walmart,Online,Arkansas,40,1500,38
6808,19-09-2021,Men's Athletic Footwear,South,Walmart,Online,Arkansas,40,1800,45
6809,19-07-2021,Men's Athletic Footwear,South,Walmart,Online,Arkansas,50,2625,53
6810,20-08-2021,Men's Athletic Footwear,South,Walmart,Online,Arkansas,55,2888,53
6811,21-10-2021,Men's Athletic Footwear,South,Walmart,Online,Arkansas,19,20,11
6812,19-03-2021,Men's Athletic Footwear,South,Walmart,Online,Arkansas,20,20,10
6813,19-07-2021,Men's Athletic Footwear,South,Walmart,Online,Arkansas,47,69,15
6814,19-09-2021,Men's Athletic Footwear,South,Walmart,Online,Arkansas,39,49,13
6815,20-08-2021,Men's Athletic Footwear,South,Walmart,Online,Arkansas,50,76,15
6816,20-04-2021,Men's Athletic Footwear,South,Walmart,Online,Arkansas,24,19,8
6817,21-06-2021,Men's Athletic Footwear,South,Walmart,Online,Arkansas,32,34,11
6818,19-05-2021,Men's Athletic Footwear,South,Walmart,Online,Arkansas,38,43,11
6819,31-08-2020,Men's Athletic Footwear,South,Walmart,Online,Texas,41,106,26
6820,19-08-2020,Men's Athletic Footwear,South,Walmart,Online,Texas,42,100,24
6821,13-08-2020,Men's Athletic Footwear,South,Walmart,Online,Texas,38,98,26
6822,06-09-2020,Men's Athletic Footwear,South,Walmart,Online,Texas,41,87,21
6823,25-08-2020,Men's Athletic Footwear,South,Walmart,Online,Texas,42,100,24
6824,12-09-2020,Men's Athletic Footwear,South,Walmart,Online,Texas,43,93,22
6825,27-10-2020,Men's Athletic Footwear,South,Walmart,Online,Texas,44,125,29
6826,21-10-2020,Men's Athletic Footwear,South,Walmart,Online,Texas,43,104,24
6827,19-03-2021,Men's Street Footwear,South,Walmart,Online,Arkansas,20,1290,65
6828,20-04-2021,Men's Street Footwear,South,Walmart,Online,Arkansas,25,1500,60
6829,21-10-2021,Men's Street Footwear,South,Walmart,Online,Arkansas,30,1800,60
6830,19-05-2021,Men's Street Footwear,South,Walmart,Online,Arkansas,40,2680,67
6831,21-06-2021,Men's Street Footwear,South,Walmart,Online,Arkansas,40,2700,68
6832,19-09-2021,Men's Street Footwear,South,Walmart,Online,Arkansas,50,3250,65
6833,19-07-2021,Men's Street Footwear,South,Walmart,Online,Arkansas,55,4263,78
6834,20-08-2021,Men's Street Footwear,South,Walmart,Online,Arkansas,60,4500,75
6835,21-10-2021,Men's Street Footwear,South,Walmart,Online,Arkansas,27,41,15
6836,21-06-2021,Men's Street Footwear,South,Walmart,Online,Arkansas,36,73,20
6837,19-07-2021,Men's Street Footwear,South,Walmart,Online,Arkansas,50,117,23
6838,19-09-2021,Men's Street Footwear,South,Walmart,Online,Arkansas,48,87,18
6839,19-03-2021,Men's Street Footwear,South,Walmart,Online,Arkansas,18,33,18
6840,20-04-2021,Men's Street Footwear,South,Walmart,Online,Arkansas,23,40,17
6841,19-05-2021,Men's Street Footwear,South,Walmart,Online,Arkansas,39,71,18
6842,20-08-2021,Men's Street Footwear,South,Walmart,Online,Arkansas,55,116,21
6843,24-08-2020,Men's Street Footwear,South,Walmart,Online,Texas,37,88,24
6844,18-08-2020,Men's Street Footwear,South,Walmart,Online,Texas,39,93,24
6845,12-08-2020,Men's Street Footwear,South,Walmart,Online,Texas,29,78,27
6846,26-10-2020,Men's Street Footwear,South,Walmart,Online,Texas,41,98,24
6847,05-09-2020,Men's Street Footwear,South,Walmart,Online,Texas,44,112,26
6848,30-08-2020,Men's Street Footwear,South,Walmart,Online,Texas,37,99,27
6849,20-10-2020,Men's Street Footwear,South,Walmart,Online,Texas,43,101,23
6850,11-09-2020,Men's Street Footwear,South,Walmart,Online,Texas,44,106,24
6851,21-02-2021,Women's Apparel,South,Walmart,Online,Arkansas,20,850,43
6852,19-03-2021,Women's Apparel,South,Walmart,Online,Arkansas,25,875,35
6853,20-04-2021,Women's Apparel,South,Walmart,Online,Arkansas,30,1200,40
6854,19-09-2021,Women's Apparel,South,Walmart,Online,Arkansas,30,1275,43
6855,19-05-2021,Women's Apparel,South,Walmart,Online,Arkansas,45,1913,43
6856,20-08-2021,Women's Apparel,South,Walmart,Online,Arkansas,55,3025,55
6857,21-06-2021,Women's Apparel,South,Walmart,Online,Arkansas,60,3300,55
6858,19-07-2021,Women's Apparel,South,Walmart,Online,Arkansas,65,3900,60
6859,19-03-2021,Women's Apparel,South,Walmart,Online,Arkansas,24,24,10
6860,20-04-2021,Women's Apparel,South,Walmart,Online,Arkansas,28,32,12
6861,20-08-2021,Women's Apparel,South,Walmart,Online,Arkansas,50,72,14
6862,21-02-2021,Women's Apparel,South,Walmart,Online,Arkansas,19,22,12
6863,19-09-2021,Women's Apparel,South,Walmart,Online,Arkansas,29,35,12
6864,21-06-2021,Women's Apparel,South,Walmart,Online,Arkansas,54,86,16
6865,19-07-2021,Women's Apparel,South,Walmart,Online,Arkansas,63,95,15
6866,19-05-2021,Women's Apparel,South,Walmart,Online,Arkansas,44,49,11
6867,11-08-2020,Women's Apparel,South,Walmart,Online,Texas,39,90,23
6868,25-10-2020,Women's Apparel,South,Walmart,Online,Texas,51,126,25
6869,16-09-2020,Women's Apparel,South,Walmart,Online,Texas,53,111,21
6870,31-10-2020,Women's Apparel,South,Walmart,Online,Texas,53,138,26
6871,17-08-2020,Women's Apparel,South,Walmart,Online,Texas,37,102,28
6872,29-08-2020,Women's Apparel,South,Walmart,Online,Texas,47,138,29
6873,23-08-2020,Women's Apparel,South,Walmart,Online,Texas,47,118,25
6874,10-09-2020,Women's Apparel,South,Walmart,Online,Texas,50,107,21
6875,04-09-2020,Women's Apparel,South,Walmart,Online,Texas,46,104,23
6876,19-09-2021,Women's Athletic Footwear,South,Walmart,Online,Arkansas,15,488,33
6877,19-03-2021,Women's Athletic Footwear,South,Walmart,Online,Arkansas,20,400,20
6878,20-04-2021,Women's Athletic Footwear,South,Walmart,Online,Arkansas,20,450,23
6879,21-02-2021,Women's Athletic Footwear,South,Walmart,Online,Arkansas,20,500,25
6880,21-10-2021,Women's Athletic Footwear,South,Walmart,Online,Arkansas,20,550,28
6881,19-05-2021,Women's Athletic Footwear,South,Walmart,Online,Arkansas,35,1050,30
6882,21-06-2021,Women's Athletic Footwear,South,Walmart,Online,Arkansas,40,1500,38
6883,20-08-2021,Women's Athletic Footwear,South,Walmart,Online,Arkansas,40,1600,40
6884,19-07-2021,Women's Athletic Footwear,South,Walmart,Online,Arkansas,45,1800,40
6885,21-02-2021,Women's Athletic Footwear,South,Walmart,Online,Arkansas,18,13,7
6886,20-08-2021,Women's Athletic Footwear,South,Walmart,Online,Arkansas,39,41,10
6887,19-09-2021,Women's Athletic Footwear,South,Walmart,Online,Arkansas,14,12,9
6888,19-03-2021,Women's Athletic Footwear,South,Walmart,Online,Arkansas,19,11,6
6889,21-06-2021,Women's Athletic Footwear,South,Walmart,Online,Arkansas,37,36,10
6890,21-10-2021,Women's Athletic Footwear,South,Walmart,Online,Arkansas,19,14,7
6891,20-04-2021,Women's Athletic Footwear,South,Walmart,Online,Arkansas,20,13,6
6892,19-05-2021,Women's Athletic Footwear,South,Walmart,Online,Arkansas,34,27,8
6893,19-07-2021,Women's Athletic Footwear,South,Walmart,Online,Arkansas,41,48,12
6894,08-09-2020,Women's Athletic Footwear,South,Walmart,Online,Texas,47,85,18
6895,23-10-2020,Women's Athletic Footwear,South,Walmart,Online,Texas,48,97,20
6896,21-08-2020,Women's Athletic Footwear,South,Walmart,Online,Texas,38,77,20
6897,15-08-2020,Women's Athletic Footwear,South,Walmart,Online,Texas,39,74,19
6898,14-09-2020,Women's Athletic Footwear,South,Walmart,Online,Texas,45,76,17
6899,29-10-2020,Women's Athletic Footwear,South,Walmart,Online,Texas,47,86,18
6900,02-09-2020,Women's Athletic Footwear,South,Walmart,Online,Texas,38,72,19
6901,27-08-2020,Women's Athletic Footwear,South,Walmart,Online,Texas,36,76,21
6902,19-03-2021,Women's Street Footwear,South,Walmart,Online,Arkansas,10,350,35
6903,20-04-2021,Women's Street Footwear,South,Walmart,Online,Arkansas,15,450,30
6904,19-09-2021,Women's Street Footwear,South,Walmart,Online,Arkansas,15,525,35
6905,21-10-2021,Women's Street Footwear,South,Walmart,Online,Arkansas,20,600,30
6906,19-05-2021,Women's Street Footwear,South,Walmart,Online,Arkansas,35,1225,35
6907,21-06-2021,Women's Street Footwear,South,Walmart,Online,Arkansas,40,1600,40
6908,19-07-2021,Women's Street Footwear,South,Walmart,Online,Arkansas,45,2025,45
6909,20-08-2021,Women's Street Footwear,South,Walmart,Online,Arkansas,50,2250,45
6910,21-10-2021,Women's Street Footwear,South,Walmart,Online,Arkansas,19,15,8
6911,19-07-2021,Women's Street Footwear,South,Walmart,Online,Arkansas,43,54,13
6912,20-04-2021,Women's Street Footwear,South,Walmart,Online,Arkansas,14,11,8
6913,19-09-2021,Women's Street Footwear,South,Walmart,Online,Arkansas,14,12,9
6914,20-08-2021,Women's Street Footwear,South,Walmart,Online,Arkansas,47,59,13
6915,19-03-2021,Women's Street Footwear,South,Walmart,Online,Arkansas,10,9,9
6916,21-06-2021,Women's Street Footwear,South,Walmart,Online,Arkansas,38,40,10
6917,19-05-2021,Women's Street Footwear,South,Walmart,Online,Arkansas,34,31,9
6918,26-08-2020,Women's Street Footwear,South,Walmart,Online,Texas,37,118,32
6919,01-09-2020,Women's Street Footwear,South,Walmart,Online,Texas,39,116,30
6920,13-09-2020,Women's Street Footwear,South,Walmart,Online,Texas,48,90,19
6921,14-08-2020,Women's Street Footwear,South,Walmart,Online,Texas,33,74,23
6922,22-10-2020,Women's Street Footwear,South,Walmart,Online,Texas,47,97,21
6923,20-08-2020,Women's Street Footwear,South,Walmart,Online,Texas,37,86,23
6924,07-09-2020,Women's Street Footwear,South,Walmart,Online,Texas,46,108,23
6925,28-10-2020,Women's Street Footwear,South,Walmart,Online,Texas,47,120,26
6926,23-01-2021,Men's Apparel,South,West Gear,Online,Arkansas,35,963,28
6927,19-12-2021,Men's Apparel,South,West Gear,Online,Arkansas,70,2800,40
6928,20-11-2021,Men's Apparel,South,West Gear,Online,Arkansas,75,2625,35
6929,20-11-2021,Men's Apparel,South,West Gear,Online,Arkansas,69,63,9
6930,19-12-2021,Men's Apparel,South,West Gear,Online,Arkansas,64,72,11
6931,23-01-2021,Men's Apparel,South,West Gear,Online,Arkansas,33,26,8
6932,19-09-2021,Men's Apparel,South,West Gear,Online,Oklahoma,25,625,25
6933,21-10-2021,Men's Apparel,South,West Gear,Online,Oklahoma,30,600,20
6934,21-02-2021,Men's Apparel,South,West Gear,Online,Oklahoma,35,875,25
6935,19-03-2021,Men's Apparel,South,West Gear,Online,Oklahoma,35,613,18
6936,20-04-2021,Men's Apparel,South,West Gear,Online,Oklahoma,40,700,18
6937,19-05-2021,Men's Apparel,South,West Gear,Online,Oklahoma,45,1125,25
6938,20-08-2021,Men's Apparel,South,West Gear,Online,Oklahoma,50,1500,30
6939,21-06-2021,Men's Apparel,South,West Gear,Online,Oklahoma,55,1650,30
6940,19-07-2021,Men's Apparel,South,West Gear,Online,Oklahoma,60,2100,35
6941,19-09-2021,Men's Apparel,South,West Gear,Online,Oklahoma,23,16,7
6942,19-05-2021,Men's Apparel,South,West Gear,Online,Oklahoma,43,32,8
6943,20-08-2021,Men's Apparel,South,West Gear,Online,Oklahoma,47,38,8
6944,19-07-2021,Men's Apparel,South,West Gear,Online,Oklahoma,59,58,10
6945,19-03-2021,Men's Apparel,South,West Gear,Online,Oklahoma,34,17,5
6946,21-02-2021,Men's Apparel,South,West Gear,Online,Oklahoma,34,26,8
6947,21-06-2021,Men's Apparel,South,West Gear,Online,Oklahoma,51,44,9
6948,21-10-2021,Men's Apparel,South,West Gear,Online,Oklahoma,29,15,5
6949,20-04-2021,Men's Apparel,South,West Gear,Online,Oklahoma,38,20,5
6950,20-11-2021,Men's Athletic Footwear,South,West Gear,Online,Arkansas,15,563,38
6951,21-02-2021,Men's Athletic Footwear,South,West Gear,Online,Arkansas,25,688,28
6952,23-01-2021,Men's Athletic Footwear,South,West Gear,Online,Arkansas,25,938,38
6953,19-12-2021,Men's Athletic Footwear,South,West Gear,Online,Arkansas,60,3000,50
6954,23-01-2021,Men's Athletic Footwear,South,West Gear,Online,Arkansas,25,27,11
6955,21-02-2021,Men's Athletic Footwear,South,West Gear,Online,Arkansas,23,18,8
6956,19-12-2021,Men's Athletic Footwear,South,West Gear,Online,Arkansas,54,76,14
6957,20-11-2021,Men's Athletic Footwear,South,West Gear,Online,Arkansas,14,13,9
6958,19-03-2021,Men's Athletic Footwear,South,West Gear,Online,Oklahoma,20,500,25
6959,21-10-2021,Men's Athletic Footwear,South,West Gear,Online,Oklahoma,20,700,35
6960,20-04-2021,Men's Athletic Footwear,South,West Gear,Online,Oklahoma,25,563,23
6961,21-06-2021,Men's Athletic Footwear,South,West Gear,Online,Oklahoma,35,1225,35
6962,19-05-2021,Men's Athletic Footwear,South,West Gear,Online,Oklahoma,40,1200,30
6963,19-09-2021,Men's Athletic Footwear,South,West Gear,Online,Oklahoma,40,1500,38
6964,19-07-2021,Men's Athletic Footwear,South,West Gear,Online,Oklahoma,50,2250,45
6965,20-08-2021,Men's Athletic Footwear,South,West Gear,Online,Oklahoma,55,2475,45
6966,21-06-2021,Men's Athletic Footwear,South,West Gear,Online,Oklahoma,33,29,9
6967,19-09-2021,Men's Athletic Footwear,South,West Gear,Online,Oklahoma,38,37,10
6968,19-05-2021,Men's Athletic Footwear,South,West Gear,Online,Oklahoma,39,34,9
6969,21-10-2021,Men's Athletic Footwear,South,West Gear,Online,Oklahoma,19,17,9
6970,20-08-2021,Men's Athletic Footwear,South,West Gear,Online,Oklahoma,51,58,11
6971,19-03-2021,Men's Athletic Footwear,South,West Gear,Online,Oklahoma,19,14,7
6972,20-04-2021,Men's Athletic Footwear,South,West Gear,Online,Oklahoma,23,15,7
6973,19-07-2021,Men's Athletic Footwear,South,West Gear,Online,Oklahoma,45,53,12
6974,23-01-2021,Men's Street Footwear,South,West Gear,Online,Arkansas,25,1438,58
6975,21-02-2021,Men's Street Footwear,South,West Gear,Online,Arkansas,25,1563,63
6976,20-11-2021,Men's Street Footwear,South,West Gear,Online,Arkansas,25,1375,55
6977,19-12-2021,Men's Street Footwear,South,West Gear,Online,Arkansas,70,4900,70
6978,20-11-2021,Men's Street Footwear,South,West Gear,Online,Arkansas,24,34,14
6979,21-02-2021,Men's Street Footwear,South,West Gear,Online,Arkansas,24,41,17
6980,23-01-2021,Men's Street Footwear,South,West Gear,Online,Arkansas,24,40,17
6981,19-12-2021,Men's Street Footwear,South,West Gear,Online,Arkansas,67,136,20
6982,19-03-2021,Men's Street Footwear,South,West Gear,Online,Oklahoma,20,1140,57
6983,20-04-2021,Men's Street Footwear,South,West Gear,Online,Oklahoma,25,1313,53
6984,21-10-2021,Men's Street Footwear,South,West Gear,Online,Oklahoma,30,1575,53
6985,19-05-2021,Men's Street Footwear,South,West Gear,Online,Oklahoma,40,2380,60
6986,21-06-2021,Men's Street Footwear,South,West Gear,Online,Oklahoma,40,2400,60
6987,19-09-2021,Men's Street Footwear,South,West Gear,Online,Oklahoma,50,2875,58
6988,19-07-2021,Men's Street Footwear,South,West Gear,Online,Oklahoma,55,3850,70
6989,20-08-2021,Men's Street Footwear,South,West Gear,Online,Oklahoma,60,4050,68
6990,19-03-2021,Men's Street Footwear,South,West Gear,Online,Oklahoma,19,29,15
6991,21-06-2021,Men's Street Footwear,South,West Gear,Online,Oklahoma,38,59,16
6992,20-08-2021,Men's Street Footwear,South,West Gear,Online,Oklahoma,56,106,19
6993,19-07-2021,Men's Street Footwear,South,West Gear,Online,Oklahoma,50,91,18
6994,20-04-2021,Men's Street Footwear,South,West Gear,Online,Oklahoma,24,36,15
6995,21-10-2021,Men's Street Footwear,South,West Gear,Online,Oklahoma,29,40,14
6996,19-05-2021,Men's Street Footwear,South,West Gear,Online,Oklahoma,36,60,17
6997,19-09-2021,Men's Street Footwear,South,West Gear,Online,Oklahoma,49,74,15
6998,23-01-2021,Women's Apparel,South,West Gear,Online,Arkansas,25,938,38
6999,21-10-2021,Women's Apparel,South,West Gear,Online,Arkansas,30,1200,40
7000,20-11-2021,Women's Apparel,South,West Gear,Online,Arkansas,75,3375,45
7001,19-12-2021,Women's Apparel,South,West Gear,Online,Arkansas,75,3750,50
7002,19-12-2021,Women's Apparel,South,West Gear,Online,Arkansas,70,105,15
7003,23-01-2021,Women's Apparel,South,West Gear,Online,Arkansas,23,23,10
7004,21-10-2021,Women's Apparel,South,West Gear,Online,Arkansas,29,30,10
7005,20-11-2021,Women's Apparel,South,West Gear,Online,Arkansas,73,85,12
7006,05-01-2021,Women's Apparel,South,West Gear,Online,Louisiana,35,1663,48
7007,05-01-2021,Women's Apparel,South,West Gear,Online,Louisiana,34,49,14
7008,21-02-2021,Women's Apparel,South,West Gear,Online,Oklahoma,20,700,35
7009,19-03-2021,Women's Apparel,South,West Gear,Online,Oklahoma,25,688,28
7010,20-04-2021,Women's Apparel,South,West Gear,Online,Oklahoma,30,975,33
7011,19-09-2021,Women's Apparel,South,West Gear,Online,Oklahoma,30,1050,35
7012,19-05-2021,Women's Apparel,South,West Gear,Online,Oklahoma,45,1575,35
7013,20-08-2021,Women's Apparel,South,West Gear,Online,Oklahoma,55,2613,48
7014,21-06-2021,Women's Apparel,South,West Gear,Online,Oklahoma,60,2850,48
7015,19-07-2021,Women's Apparel,South,West Gear,Online,Oklahoma,65,3413,53
7016,21-02-2021,Women's Apparel,South,West Gear,Online,Oklahoma,18,18,10
7017,21-06-2021,Women's Apparel,South,West Gear,Online,Oklahoma,55,68,12
7018,19-09-2021,Women's Apparel,South,West Gear,Online,Oklahoma,28,25,9
7019,19-05-2021,Women's Apparel,South,West Gear,Online,Oklahoma,42,41,10
7020,20-08-2021,Women's Apparel,South,West Gear,Online,Oklahoma,50,62,12
7021,19-03-2021,Women's Apparel,South,West Gear,Online,Oklahoma,23,16,7
7022,19-07-2021,Women's Apparel,South,West Gear,Online,Oklahoma,61,87,14
7023,20-04-2021,Women's Apparel,South,West Gear,Online,Oklahoma,28,26,9
7024,23-01-2021,Women's Athletic Footwear,South,West Gear,Online,Arkansas,20,450,23
7025,20-11-2021,Women's Athletic Footwear,South,West Gear,Online,Arkansas,55,2063,38
7026,19-12-2021,Women's Athletic Footwear,South,West Gear,Online,Arkansas,60,2400,40
7027,20-11-2021,Women's Athletic Footwear,South,West Gear,Online,Arkansas,51,56,11
7028,19-12-2021,Women's Athletic Footwear,South,West Gear,Online,Arkansas,57,68,12
7029,23-01-2021,Women's Athletic Footwear,South,West Gear,Online,Arkansas,18,12,7
7030,19-09-2021,Women's Athletic Footwear,South,West Gear,Online,Oklahoma,15,375,25
7031,19-03-2021,Women's Athletic Footwear,South,West Gear,Online,Oklahoma,20,250,13
7032,20-04-2021,Women's Athletic Footwear,South,West Gear,Online,Oklahoma,20,300,15
7033,21-02-2021,Women's Athletic Footwear,South,West Gear,Online,Oklahoma,20,350,18
7034,21-10-2021,Women's Athletic Footwear,South,West Gear,Online,Oklahoma,20,400,20
7035,19-05-2021,Women's Athletic Footwear,South,West Gear,Online,Oklahoma,35,788,23
7036,21-06-2021,Women's Athletic Footwear,South,West Gear,Online,Oklahoma,40,1200,30
7037,20-08-2021,Women's Athletic Footwear,South,West Gear,Online,Oklahoma,40,1300,33
7038,19-07-2021,Women's Athletic Footwear,South,West Gear,Online,Oklahoma,45,1463,33
7039,19-03-2021,Women's Athletic Footwear,South,West Gear,Online,Oklahoma,20,7,3
7040,21-06-2021,Women's Athletic Footwear,South,West Gear,Online,Oklahoma,38,33,9
7041,19-09-2021,Women's Athletic Footwear,South,West Gear,Online,Oklahoma,14,9,6
7042,21-02-2021,Women's Athletic Footwear,South,West Gear,Online,Oklahoma,19,9,5
7043,21-10-2021,Women's Athletic Footwear,South,West Gear,Online,Oklahoma,18,9,5
7044,20-08-2021,Women's Athletic Footwear,South,West Gear,Online,Oklahoma,37,33,9
7045,20-04-2021,Women's Athletic Footwear,South,West Gear,Online,Oklahoma,18,8,5
7046,19-07-2021,Women's Athletic Footwear,South,West Gear,Online,Oklahoma,41,35,9
7047,19-05-2021,Women's Athletic Footwear,South,West Gear,Online,Oklahoma,34,20,6
7048,21-02-2021,Women's Street Footwear,South,West Gear,Online,Arkansas,15,488,33
7049,23-01-2021,Women's Street Footwear,South,West Gear,Online,Arkansas,15,563,38
7050,20-11-2021,Women's Street Footwear,South,West Gear,Online,Arkansas,25,800,32
7051,19-12-2021,Women's Street Footwear,South,West Gear,Online,Arkansas,60,2700,45
7052,21-02-2021,Women's Street Footwear,South,West Gear,Online,Arkansas,15,14,9
7053,20-11-2021,Women's Street Footwear,South,West Gear,Online,Arkansas,23,21,9
7054,19-12-2021,Women's Street Footwear,South,West Gear,Online,Arkansas,55,69,13
7055,23-01-2021,Women's Street Footwear,South,West Gear,Online,Arkansas,15,15,10
7056,19-03-2021,Women's Street Footwear,South,West Gear,Online,Oklahoma,10,275,28
7057,20-04-2021,Women's Street Footwear,South,West Gear,Online,Oklahoma,15,338,23
7058,19-09-2021,Women's Street Footwear,South,West Gear,Online,Oklahoma,15,413,28
7059,21-10-2021,Women's Street Footwear,South,West Gear,Online,Oklahoma,20,450,23
7060,19-05-2021,Women's Street Footwear,South,West Gear,Online,Oklahoma,35,963,28
7061,21-06-2021,Women's Street Footwear,South,West Gear,Online,Oklahoma,40,1300,33
7062,19-07-2021,Women's Street Footwear,South,West Gear,Online,Oklahoma,45,1688,38
7063,20-08-2021,Women's Street Footwear,South,West Gear,Online,Oklahoma,50,1875,38
7064,19-03-2021,Women's Street Footwear,South,West Gear,Online,Oklahoma,9,7,8
7065,19-09-2021,Women's Street Footwear,South,West Gear,Online,Oklahoma,14,10,7
7066,21-10-2021,Women's Street Footwear,South,West Gear,Online,Oklahoma,20,11,6
7067,19-05-2021,Women's Street Footwear,South,West Gear,Online,Oklahoma,34,24,7
7068,21-06-2021,Women's Street Footwear,South,West Gear,Online,Oklahoma,36,32,9
7069,20-04-2021,Women's Street Footwear,South,West Gear,Online,Oklahoma,14,10,7
7070,20-08-2021,Women's Street Footwear,South,West Gear,Online,Oklahoma,47,53,11
7071,19-07-2021,Women's Street Footwear,South,West Gear,Online,Oklahoma,44,41,9
7072,04-02-2021,Men's Apparel,West,Foot Locker,Online,Idaho,40,1000,25
7073,04-02-2021,Men's Apparel,West,Foot Locker,Online,Idaho,39,27,7
7074,04-12-2021,Men's Apparel,West,Foot Locker,Online,Idaho,55,2613,48
7075,04-12-2021,Men's Apparel,West,Foot Locker,Online,Idaho,50,67,13
7076,06-03-2021,Men's Athletic Footwear,West,Foot Locker,Online,Idaho,40,2500,63
7077,04-12-2021,Men's Athletic Footwear,West,Foot Locker,Online,Idaho,55,4263,78
7078,08-08-2021,Men's Athletic Footwear,West,Foot Locker,Online,Idaho,55,4125,75
7079,06-03-2021,Men's Athletic Footwear,West,Foot Locker,Online,Idaho,36,61,17
7080,08-08-2021,Men's Athletic Footwear,West,Foot Locker,Online,Idaho,53,103,20
7081,04-12-2021,Men's Athletic Footwear,West,Foot Locker,Online,Idaho,51,107,21
7082,06-03-2021,Men's Street Footwear,West,Foot Locker,Online,Idaho,30,1875,63
7083,08-08-2021,Men's Street Footwear,West,Foot Locker,Online,Idaho,50,3750,75
7084,04-12-2021,Men's Street Footwear,West,Foot Locker,Online,Idaho,55,4263,78
7085,06-03-2021,Men's Street Footwear,West,Foot Locker,Online,Idaho,28,44,16
7086,04-12-2021,Men's Street Footwear,West,Foot Locker,Online,Idaho,54,126,23
7087,08-08-2021,Men's Street Footwear,West,Foot Locker,Online,Idaho,46,97,21
7088,04-02-2021,Women's Apparel,West,Foot Locker,Online,Idaho,35,1575,45
7089,04-02-2021,Women's Apparel,West,Foot Locker,Online,Idaho,34,45,13
7090,04-12-2021,Women's Apparel,West,Foot Locker,Online,Idaho,65,4713,73
7091,06-07-2021,Women's Apparel,West,Foot Locker,Online,Idaho,65,5200,80
7092,04-12-2021,Women's Apparel,West,Foot Locker,Online,Idaho,60,118,20
7093,06-07-2021,Women's Apparel,West,Foot Locker,Online,Idaho,64,133,21
7094,04-02-2021,Women's Athletic Footwear,West,Foot Locker,Online,Idaho,35,1313,38
7095,06-03-2021,Women's Athletic Footwear,West,Foot Locker,Online,Idaho,35,1225,35
7096,08-08-2021,Women's Athletic Footwear,West,Foot Locker,Online,Idaho,50,2375,48
7097,04-12-2021,Women's Athletic Footwear,West,Foot Locker,Online,Idaho,60,3150,53
7098,04-02-2021,Women's Athletic Footwear,West,Foot Locker,Online,Idaho,32,35,11
7099,06-03-2021,Women's Athletic Footwear,West,Foot Locker,Online,Idaho,33,35,11
7100,08-08-2021,Women's Athletic Footwear,West,Foot Locker,Online,Idaho,48,60,12
7101,04-12-2021,Women's Athletic Footwear,West,Foot Locker,Online,Idaho,59,84,14
7102,06-03-2021,Women's Street Footwear,West,Foot Locker,Online,Idaho,30,1350,45
7103,08-08-2021,Women's Street Footwear,West,Foot Locker,Online,Idaho,50,4625,93
7104,04-12-2021,Women's Street Footwear,West,Foot Locker,Online,Idaho,60,4050,68
7105,06-03-2021,Women's Street Footwear,West,Foot Locker,Online,Idaho,28,32,11
7106,04-12-2021,Women's Street Footwear,West,Foot Locker,Online,Idaho,56,99,18
7107,08-08-2021,Women's Street Footwear,West,Foot Locker,Online,Idaho,46,115,25
7108,04-10-2021,Men's Apparel,West,Sports Direct,Online,Idaho,35,1225,35
7109,05-11-2021,Men's Apparel,West,Sports Direct,Online,Idaho,55,2338,43
7110,05-09-2021,Men's Apparel,West,Sports Direct,Online,Idaho,55,2200,40
7111,08-08-2021,Men's Apparel,West,Sports Direct,Online,Idaho,55,2613,48
7112,05-09-2021,Men's Apparel,West,Sports Direct,Online,Idaho,50,52,10
7113,08-08-2021,Men's Apparel,West,Sports Direct,Online,Idaho,52,69,13
7114,04-10-2021,Men's Apparel,West,Sports Direct,Online,Idaho,32,29,9
7115,05-11-2021,Men's Apparel,West,Sports Direct,Online,Idaho,54,57,11
7116,05-11-2021,Men's Athletic Footwear,West,Sports Direct,Online,Idaho,35,2363,68
7117,04-10-2021,Men's Athletic Footwear,West,Sports Direct,Online,Idaho,40,2300,58
7118,05-09-2021,Men's Athletic Footwear,West,Sports Direct,Online,Idaho,55,3438,63
7119,05-11-2021,Men's Athletic Footwear,West,Sports Direct,Online,Idaho,32,60,19
7120,05-09-2021,Men's Athletic Footwear,West,Sports Direct,Online,Idaho,50,94,19
7121,04-10-2021,Men's Athletic Footwear,West,Sports Direct,Online,Idaho,37,64,17
7122,05-11-2021,Men's Street Footwear,West,Sports Direct,Online,Idaho,35,2363,68
7123,04-10-2021,Men's Street Footwear,West,Sports Direct,Online,Idaho,40,2300,58
7124,05-09-2021,Men's Street Footwear,West,Sports Direct,Online,Idaho,55,3713,68
7125,05-09-2021,Men's Street Footwear,West,Sports Direct,Online,Idaho,50,88,18
7126,04-10-2021,Men's Street Footwear,West,Sports Direct,Online,Idaho,36,60,17
7127,05-11-2021,Men's Street Footwear,West,Sports Direct,Online,Idaho,33,60,18
7128,04-10-2021,Women's Apparel,West,Sports Direct,Online,Idaho,45,2363,53
7129,05-09-2021,Women's Apparel,West,Sports Direct,Online,Idaho,50,3125,63
7130,08-08-2021,Women's Apparel,West,Sports Direct,Online,Idaho,60,4350,73
7131,05-11-2021,Women's Apparel,West,Sports Direct,Online,Idaho,65,4063,63
7132,04-10-2021,Women's Apparel,West,Sports Direct,Online,Idaho,42,60,14
7133,05-09-2021,Women's Apparel,West,Sports Direct,Online,Idaho,49,89,18
7134,05-11-2021,Women's Apparel,West,Sports Direct,Online,Idaho,63,103,16
7135,08-08-2021,Women's Apparel,West,Sports Direct,Online,Idaho,54,106,20
7136,04-10-2021,Women's Athletic Footwear,West,Sports Direct,Online,Idaho,45,1688,38
7137,05-09-2021,Women's Athletic Footwear,West,Sports Direct,Online,Idaho,60,2400,40
7138,05-11-2021,Women's Athletic Footwear,West,Sports Direct,Online,Idaho,60,2700,45
7139,05-11-2021,Women's Athletic Footwear,West,Sports Direct,Online,Idaho,54,66,12
7140,05-09-2021,Women's Athletic Footwear,West,Sports Direct,Online,Idaho,55,64,12
7141,04-10-2021,Women's Athletic Footwear,West,Sports Direct,Online,Idaho,44,44,10
7142,04-10-2021,Women's Street Footwear,West,Sports Direct,Online,Idaho,45,2363,53
7143,05-11-2021,Women's Street Footwear,West,Sports Direct,Online,Idaho,60,3600,60
7144,05-09-2021,Women's Street Footwear,West,Sports Direct,Online,Idaho,60,4050,68
7145,04-10-2021,Women's Street Footwear,West,Sports Direct,Online,Idaho,41,54,13
7146,05-09-2021,Women's Street Footwear,West,Sports Direct,Online,Idaho,56,102,18
7147,05-11-2021,Women's Street Footwear,West,Sports Direct,Online,Idaho,58,87,15
7148,05-04-2021,Men's Apparel,West,West Gear,Online,Idaho,35,963,28
7149,06-03-2021,Men's Apparel,West,West Gear,Online,Idaho,40,1000,25
7150,05-05-2021,Men's Apparel,West,West Gear,Online,Idaho,50,2000,40
7151,04-06-2021,Men's Apparel,West,West Gear,Online,Idaho,55,2475,45
7152,06-07-2021,Men's Apparel,West,West Gear,Online,Idaho,55,2888,53
7153,05-05-2021,Men's Apparel,West,West Gear,Online,Idaho,47,56,12
7154,05-04-2021,Men's Apparel,West,West Gear,Online,Idaho,34,24,7
7155,04-06-2021,Men's Apparel,West,West Gear,Online,Idaho,52,61,12
7156,06-03-2021,Men's Apparel,West,West Gear,Online,Idaho,37,28,8
7157,06-07-2021,Men's Apparel,West,West Gear,Online,Idaho,53,69,13
7158,05-04-2021,Men's Athletic Footwear,West,West Gear,Online,Idaho,30,1950,65
7159,05-05-2021,Men's Athletic Footwear,West,West Gear,Online,Idaho,30,2175,73
7160,04-06-2021,Men's Athletic Footwear,West,West Gear,Online,Idaho,50,3750,75
7161,06-07-2021,Men's Athletic Footwear,West,West Gear,Online,Idaho,55,4263,78
7162,05-05-2021,Men's Athletic Footwear,West,West Gear,Online,Idaho,28,55,20
7163,05-04-2021,Men's Athletic Footwear,West,West Gear,Online,Idaho,29,57,20
7164,04-06-2021,Men's Athletic Footwear,West,West Gear,Online,Idaho,46,86,19
7165,06-07-2021,Men's Athletic Footwear,West,West Gear,Online,Idaho,52,105,20
7166,05-04-2021,Men's Street Footwear,West,West Gear,Online,Idaho,20,1300,65
7167,05-05-2021,Men's Street Footwear,West,West Gear,Online,Idaho,20,1400,70
7168,04-06-2021,Men's Street Footwear,West,West Gear,Online,Idaho,45,3375,75
7169,06-07-2021,Men's Street Footwear,West,West Gear,Online,Idaho,50,3875,78
7170,05-04-2021,Men's Street Footwear,West,West Gear,Online,Idaho,19,37,20
7171,04-06-2021,Men's Street Footwear,West,West Gear,Online,Idaho,42,82,20
7172,05-05-2021,Men's Street Footwear,West,West Gear,Online,Idaho,18,37,20
7173,06-07-2021,Men's Street Footwear,West,West Gear,Online,Idaho,48,104,22
7174,05-04-2021,Women's Apparel,West,West Gear,Online,Idaho,30,1650,55
7175,06-03-2021,Women's Apparel,West,West Gear,Online,Idaho,35,1400,40
7176,05-05-2021,Women's Apparel,West,West Gear,Online,Idaho,45,3375,75
7177,04-06-2021,Women's Apparel,West,West Gear,Online,Idaho,60,4950,83
7178,05-04-2021,Women's Apparel,West,West Gear,Online,Idaho,28,39,14
7179,04-06-2021,Women's Apparel,West,West Gear,Online,Idaho,55,127,23
7180,05-05-2021,Women's Apparel,West,West Gear,Online,Idaho,42,92,22
7181,06-03-2021,Women's Apparel,West,West Gear,Online,Idaho,33,38,12
7182,05-04-2021,Women's Athletic Footwear,West,West Gear,Online,Idaho,30,1125,38
7183,05-05-2021,Women's Athletic Footwear,West,West Gear,Online,Idaho,35,1750,50
7184,04-06-2021,Women's Athletic Footwear,West,West Gear,Online,Idaho,50,2750,55
7185,06-07-2021,Women's Athletic Footwear,West,West Gear,Online,Idaho,50,2625,53
7186,05-04-2021,Women's Athletic Footwear,West,West Gear,Online,Idaho,29,33,11
7187,05-05-2021,Women's Athletic Footwear,West,West Gear,Online,Idaho,33,43,13
7188,04-06-2021,Women's Athletic Footwear,West,West Gear,Online,Idaho,48,69,14
7189,06-07-2021,Women's Athletic Footwear,West,West Gear,Online,Idaho,47,64,14
7190,05-04-2021,Women's Street Footwear,West,West Gear,Online,Idaho,25,1188,48
7191,05-05-2021,Women's Street Footwear,West,West Gear,Online,Idaho,25,1438,58
7192,04-06-2021,Women's Street Footwear,West,West Gear,Online,Idaho,50,3000,60
7193,06-07-2021,Women's Street Footwear,West,West Gear,Online,Idaho,50,4625,93
7194,05-05-2021,Women's Street Footwear,West,West Gear,Online,Idaho,23,38,17
7195,05-04-2021,Women's Street Footwear,West,West Gear,Online,Idaho,24,33,14
7196,04-06-2021,Women's Street Footwear,West,West Gear,Online,Idaho,47,82,17
7197,06-07-2021,Women's Street Footwear,West,West Gear,Online,Idaho,46,111,24
7198,10-01-2021,Men's Athletic Footwear,Northeast,West Gear,Outlet,Maine,45,1688,38
7199,03-01-2020,Men's Athletic Footwear,Northeast,West Gear,Outlet,Pennsylvania,35,47,14
7200,10-01-2021,Men's Street Footwear,Northeast,West Gear,Outlet,Maine,35,1313,38
7201,02-01-2020,Men's Street Footwear,Northeast,West Gear,Outlet,Pennsylvania,27,43,16
7202,10-01-2021,Women's Athletic Footwear,Northeast,West Gear,Outlet,Maine,45,1013,23
7203,05-01-2020,Women's Athletic Footwear,Northeast,West Gear,Outlet,Pennsylvania,34,31,9
7204,10-01-2021,Women's Street Footwear,Northeast,West Gear,Outlet,Maine,45,1688,38
7205,04-01-2020,Women's Street Footwear,Northeast,West Gear,Outlet,Pennsylvania,36,50,14
7206,16-12-2021,Men's Apparel,South,Foot Locker,Outlet,Louisiana,55,92,17
7207,16-12-2021,Women's Apparel,South,Foot Locker,Outlet,Louisiana,59,114,19
7208,16-12-2021,Women's Athletic Footwear,South,Foot Locker,Outlet,Louisiana,53,102,19
7209,16-12-2021,Women's Street Footwear,South,Foot Locker,Outlet,Louisiana,53,102,19
7210,17-02-2021,Men's Apparel,South,West Gear,Outlet,Louisiana,33,17,5
7211,17-11-2021,Men's Apparel,South,West Gear,Outlet,Louisiana,53,78,15
7212,17-06-2021,Men's Apparel,South,West Gear,Outlet,Louisiana,70,107,15
7213,18-05-2021,Men's Apparel,South,West Gear,Outlet,Louisiana,32,25,8
7214,17-10-2021,Men's Apparel,South,West Gear,Outlet,Louisiana,39,44,11
7215,18-09-2021,Men's Apparel,South,West Gear,Outlet,Louisiana,41,34,8
7216,17-08-2021,Men's Apparel,South,West Gear,Outlet,Louisiana,47,71,15
7217,16-07-2021,Men's Apparel,South,West Gear,Outlet,Louisiana,73,161,22
7218,17-04-2021,Men's Apparel,South,West Gear,Outlet,Louisiana,34,19,6
7219,16-03-2021,Men's Apparel,South,West Gear,Outlet,Louisiana,40,20,5
7220,18-09-2021,Men's Athletic Footwear,South,West Gear,Outlet,Louisiana,40,70,18
7221,16-03-2021,Men's Athletic Footwear,South,West Gear,Outlet,Louisiana,38,46,12
7222,18-05-2021,Men's Athletic Footwear,South,West Gear,Outlet,Louisiana,40,51,13
7223,16-12-2021,Men's Athletic Footwear,South,West Gear,Outlet,Louisiana,52,129,25
7224,17-08-2021,Men's Athletic Footwear,South,West Gear,Outlet,Louisiana,57,146,26
7225,17-10-2021,Men's Athletic Footwear,South,West Gear,Outlet,Louisiana,34,63,18
7226,17-06-2021,Men's Athletic Footwear,South,West Gear,Outlet,Louisiana,55,123,22
7227,17-04-2021,Men's Athletic Footwear,South,West Gear,Outlet,Louisiana,36,39,11
7228,16-07-2021,Men's Athletic Footwear,South,West Gear,Outlet,Louisiana,67,166,25
7229,17-11-2021,Men's Athletic Footwear,South,West Gear,Outlet,Louisiana,35,78,22
7230,02-11-2020,Men's Athletic Footwear,South,West Gear,Outlet,Texas,33,82,25
7231,18-09-2021,Men's Street Footwear,South,West Gear,Outlet,Louisiana,33,58,18
7232,17-10-2021,Men's Street Footwear,South,West Gear,Outlet,Louisiana,25,31,12
7233,18-05-2021,Men's Street Footwear,South,West Gear,Outlet,Louisiana,32,56,18
7234,16-07-2021,Men's Street Footwear,South,West Gear,Outlet,Louisiana,62,190,31
7235,16-03-2021,Men's Street Footwear,South,West Gear,Outlet,Louisiana,29,52,18
7236,16-12-2021,Men's Street Footwear,South,West Gear,Outlet,Louisiana,46,125,27
7237,17-11-2021,Men's Street Footwear,South,West Gear,Outlet,Louisiana,28,61,22
7238,17-04-2021,Men's Street Footwear,South,West Gear,Outlet,Louisiana,38,64,17
7239,17-06-2021,Men's Street Footwear,South,West Gear,Outlet,Louisiana,47,120,26
7240,17-08-2021,Men's Street Footwear,South,West Gear,Outlet,Louisiana,73,186,26
7241,01-11-2020,Men's Street Footwear,South,West Gear,Outlet,Texas,30,79,26
7242,16-03-2021,Women's Apparel,South,West Gear,Outlet,Louisiana,29,32,11
7243,17-02-2021,Women's Apparel,South,West Gear,Outlet,Louisiana,32,42,13
7244,17-04-2021,Women's Apparel,South,West Gear,Outlet,Louisiana,39,48,12
7245,17-08-2021,Women's Apparel,South,West Gear,Outlet,Louisiana,46,47,10
7246,18-09-2021,Women's Apparel,South,West Gear,Outlet,Louisiana,30,27,9
7247,17-10-2021,Women's Apparel,South,West Gear,Outlet,Louisiana,44,62,14
7248,18-05-2021,Women's Apparel,South,West Gear,Outlet,Louisiana,46,82,18
7249,17-11-2021,Women's Apparel,South,West Gear,Outlet,Louisiana,64,115,18
7250,17-06-2021,Women's Apparel,South,West Gear,Outlet,Louisiana,80,198,25
7251,16-07-2021,Women's Apparel,South,West Gear,Outlet,Louisiana,81,168,21
7252,18-09-2021,Women's Athletic Footwear,South,West Gear,Outlet,Louisiana,34,27,8
7253,17-10-2021,Women's Athletic Footwear,South,West Gear,Outlet,Louisiana,31,37,12
7254,18-05-2021,Women's Athletic Footwear,South,West Gear,Outlet,Louisiana,33,33,10
7255,16-03-2021,Women's Athletic Footwear,South,West Gear,Outlet,Louisiana,43,41,10
7256,17-04-2021,Women's Athletic Footwear,South,West Gear,Outlet,Louisiana,27,25,9
7257,16-07-2021,Women's Athletic Footwear,South,West Gear,Outlet,Louisiana,62,123,20
7258,17-11-2021,Women's Athletic Footwear,South,West Gear,Outlet,Louisiana,40,62,16
7259,17-02-2021,Women's Athletic Footwear,South,West Gear,Outlet,Louisiana,33,25,8
7260,17-08-2021,Women's Athletic Footwear,South,West Gear,Outlet,Louisiana,55,79,14
7261,17-06-2021,Women's Athletic Footwear,South,West Gear,Outlet,Louisiana,59,109,18
7262,04-11-2020,Women's Athletic Footwear,South,West Gear,Outlet,Texas,35,77,22
7263,18-05-2021,Women's Street Footwear,South,West Gear,Outlet,Louisiana,37,50,14
7264,17-04-2021,Women's Street Footwear,South,West Gear,Outlet,Louisiana,40,48,12
7265,17-08-2021,Women's Street Footwear,South,West Gear,Outlet,Louisiana,50,109,22
7266,17-06-2021,Women's Street Footwear,South,West Gear,Outlet,Louisiana,55,116,21
7267,17-10-2021,Women's Street Footwear,South,West Gear,Outlet,Louisiana,33,42,13
7268,16-03-2021,Women's Street Footwear,South,West Gear,Outlet,Louisiana,39,47,12
7269,18-09-2021,Women's Street Footwear,South,West Gear,Outlet,Louisiana,30,29,10
7270,17-11-2021,Women's Street Footwear,South,West Gear,Outlet,Louisiana,30,47,16
7271,16-07-2021,Women's Street Footwear,South,West Gear,Outlet,Louisiana,69,145,21
7272,03-11-2020,Women's Street Footwear,South,West Gear,Outlet,Texas,33,89,27
7273,12-12-2021,Men's Apparel,Southeast,Foot Locker,Outlet,Georgia,44,53,12
7274,24-04-2021,Men's Apparel,Southeast,Foot Locker,Outlet,Virginia,40,16,4
7275,23-03-2021,Men's Apparel,Southeast,Foot Locker,Outlet,Virginia,43,14,3
7276,25-05-2021,Men's Apparel,Southeast,Foot Locker,Outlet,Virginia,34,18,5
7277,23-07-2021,Men's Apparel,Southeast,Foot Locker,Outlet,Virginia,72,151,21
7278,24-11-2021,Men's Apparel,Southeast,Foot Locker,Outlet,Virginia,56,76,14
7279,24-02-2021,Men's Apparel,Southeast,Foot Locker,Outlet,Virginia,29,11,4
7280,24-08-2021,Men's Apparel,Southeast,Foot Locker,Outlet,Virginia,51,67,13
7281,24-06-2021,Men's Apparel,Southeast,Foot Locker,Outlet,Virginia,68,87,13
7282,25-09-2021,Men's Apparel,Southeast,Foot Locker,Outlet,Virginia,39,29,7
7283,24-10-2021,Men's Apparel,Southeast,Foot Locker,Outlet,Virginia,42,44,11
7284,24-11-2021,Men's Athletic Footwear,Southeast,Foot Locker,Outlet,Virginia,34,75,22
7285,24-10-2021,Men's Athletic Footwear,Southeast,Foot Locker,Outlet,Virginia,39,67,17
7286,23-07-2021,Men's Athletic Footwear,Southeast,Foot Locker,Outlet,Virginia,60,134,22
7287,25-09-2021,Men's Athletic Footwear,Southeast,Foot Locker,Outlet,Virginia,43,66,15
7288,23-03-2021,Men's Athletic Footwear,Southeast,Foot Locker,Outlet,Virginia,35,34,10
7289,25-05-2021,Men's Athletic Footwear,Southeast,Foot Locker,Outlet,Virginia,40,42,11
7290,24-04-2021,Men's Athletic Footwear,Southeast,Foot Locker,Outlet,Virginia,44,37,9
7291,24-06-2021,Men's Athletic Footwear,Southeast,Foot Locker,Outlet,Virginia,45,99,22
7292,23-12-2021,Men's Athletic Footwear,Southeast,Foot Locker,Outlet,Virginia,54,122,23
7293,24-08-2021,Men's Athletic Footwear,Southeast,Foot Locker,Outlet,Virginia,53,127,24
7294,24-06-2021,Men's Street Footwear,Southeast,Foot Locker,Outlet,Virginia,37,86,23
7295,24-04-2021,Men's Street Footwear,Southeast,Foot Locker,Outlet,Virginia,38,56,15
7296,23-07-2021,Men's Street Footwear,Southeast,Foot Locker,Outlet,Virginia,60,163,27
7297,23-03-2021,Men's Street Footwear,Southeast,Foot Locker,Outlet,Virginia,30,49,16
7298,24-10-2021,Men's Street Footwear,Southeast,Foot Locker,Outlet,Virginia,28,33,12
7299,25-05-2021,Men's Street Footwear,Southeast,Foot Locker,Outlet,Virginia,39,68,18
7300,23-12-2021,Men's Street Footwear,Southeast,Foot Locker,Outlet,Virginia,49,122,25
7301,24-08-2021,Men's Street Footwear,Southeast,Foot Locker,Outlet,Virginia,67,182,27
7302,24-11-2021,Men's Street Footwear,Southeast,Foot Locker,Outlet,Virginia,34,59,17
7303,25-09-2021,Men's Street Footwear,Southeast,Foot Locker,Outlet,Virginia,35,52,15
7304,12-12-2021,Women's Apparel,Southeast,Foot Locker,Outlet,Georgia,47,75,16
7305,24-10-2021,Women's Apparel,Southeast,Foot Locker,Outlet,Virginia,40,44,11
7306,24-11-2021,Women's Apparel,Southeast,Foot Locker,Outlet,Virginia,60,106,18
7307,23-07-2021,Women's Apparel,Southeast,Foot Locker,Outlet,Virginia,82,153,19
7308,24-08-2021,Women's Apparel,Southeast,Foot Locker,Outlet,Virginia,55,44,8
7309,25-05-2021,Women's Apparel,Southeast,Foot Locker,Outlet,Virginia,44,74,17
7310,24-02-2021,Women's Apparel,Southeast,Foot Locker,Outlet,Virginia,30,32,11
7311,25-09-2021,Women's Apparel,Southeast,Foot Locker,Outlet,Virginia,33,27,8
7312,23-03-2021,Women's Apparel,Southeast,Foot Locker,Outlet,Virginia,35,36,10
7313,24-04-2021,Women's Apparel,Southeast,Foot Locker,Outlet,Virginia,47,42,9
7314,24-06-2021,Women's Apparel,Southeast,Foot Locker,Outlet,Virginia,82,189,23
7315,12-12-2021,Women's Athletic Footwear,Southeast,Foot Locker,Outlet,Georgia,40,57,14
7316,24-10-2021,Women's Athletic Footwear,Southeast,Foot Locker,Outlet,Virginia,31,31,10
7317,25-05-2021,Women's Athletic Footwear,Southeast,Foot Locker,Outlet,Virginia,33,28,9
7318,24-11-2021,Women's Athletic Footwear,Southeast,Foot Locker,Outlet,Virginia,36,52,14
7319,23-03-2021,Women's Athletic Footwear,Southeast,Foot Locker,Outlet,Virginia,38,30,8
7320,24-08-2021,Women's Athletic Footwear,Southeast,Foot Locker,Outlet,Virginia,52,71,14
7321,25-09-2021,Women's Athletic Footwear,Southeast,Foot Locker,Outlet,Virginia,37,26,7
7322,24-02-2021,Women's Athletic Footwear,Southeast,Foot Locker,Outlet,Virginia,28,18,6
7323,24-06-2021,Women's Athletic Footwear,Southeast,Foot Locker,Outlet,Virginia,61,112,18
7324,24-04-2021,Women's Athletic Footwear,Southeast,Foot Locker,Outlet,Virginia,32,22,7
7325,23-07-2021,Women's Athletic Footwear,Southeast,Foot Locker,Outlet,Virginia,65,122,19
7326,12-12-2021,Women's Street Footwear,Southeast,Foot Locker,Outlet,Georgia,36,53,15
7327,25-05-2021,Women's Street Footwear,Southeast,Foot Locker,Outlet,Virginia,37,40,11
7328,24-04-2021,Women's Street Footwear,Southeast,Foot Locker,Outlet,Virginia,41,47,11
7329,24-08-2021,Women's Street Footwear,Southeast,Foot Locker,Outlet,Virginia,53,114,22
7330,24-06-2021,Women's Street Footwear,Southeast,Foot Locker,Outlet,Virginia,58,121,21
7331,23-07-2021,Women's Street Footwear,Southeast,Foot Locker,Outlet,Virginia,62,129,21
7332,24-11-2021,Women's Street Footwear,Southeast,Foot Locker,Outlet,Virginia,33,47,14
7333,25-09-2021,Women's Street Footwear,Southeast,Foot Locker,Outlet,Virginia,34,27,8
7334,23-03-2021,Women's Street Footwear,Southeast,Foot Locker,Outlet,Virginia,43,48,11
7335,24-10-2021,Women's Street Footwear,Southeast,Foot Locker,Outlet,Virginia,39,46,12
7336,17-02-2021,Men's Apparel,Southeast,Sports Direct,Outlet,Florida,55,1100,20
7337,16-03-2021,Men's Apparel,Southeast,Sports Direct,Outlet,Florida,65,1138,18
7338,17-02-2021,Men's Apparel,Southeast,Sports Direct,Outlet,Florida,44,27,6
7339,16-03-2021,Men's Apparel,Southeast,Sports Direct,Outlet,Florida,44,26,6
7340,14-09-2021,Men's Apparel,Southeast,Sports Direct,Outlet,Georgia,36,48,13
7341,12-07-2021,Men's Apparel,Southeast,Sports Direct,Outlet,Georgia,39,63,16
7342,13-11-2021,Men's Apparel,Southeast,Sports Direct,Outlet,Georgia,47,56,12
7343,13-02-2021,Men's Apparel,Southeast,Sports Direct,Outlet,Georgia,34,20,6
7344,13-06-2021,Men's Apparel,Southeast,Sports Direct,Outlet,Georgia,42,39,9
7345,13-08-2021,Men's Apparel,Southeast,Sports Direct,Outlet,Georgia,51,71,14
7346,13-10-2021,Men's Apparel,Southeast,Sports Direct,Outlet,Georgia,41,42,10
7347,12-03-2021,Men's Apparel,Southeast,Sports Direct,Outlet,Georgia,41,18,5
7348,13-04-2021,Men's Apparel,Southeast,Sports Direct,Outlet,Georgia,38,21,6
7349,14-05-2021,Men's Apparel,Southeast,Sports Direct,Outlet,Georgia,39,29,7
7350,23-12-2021,Men's Apparel,Southeast,Sports Direct,Outlet,Virginia,59,93,16
7351,16-03-2021,Men's Athletic Footwear,Southeast,Sports Direct,Outlet,Florida,60,2400,40
7352,16-03-2021,Men's Athletic Footwear,Southeast,Sports Direct,Outlet,Florida,44,55,12
7353,13-10-2021,Men's Athletic Footwear,Southeast,Sports Direct,Outlet,Georgia,34,59,17
7354,13-04-2021,Men's Athletic Footwear,Southeast,Sports Direct,Outlet,Georgia,40,44,11
7355,13-08-2021,Men's Athletic Footwear,Southeast,Sports Direct,Outlet,Georgia,44,88,20
7356,12-03-2021,Men's Athletic Footwear,Southeast,Sports Direct,Outlet,Georgia,37,42,11
7357,14-09-2021,Men's Athletic Footwear,Southeast,Sports Direct,Outlet,Georgia,38,75,20
7358,13-11-2021,Men's Athletic Footwear,Southeast,Sports Direct,Outlet,Georgia,40,74,18
7359,13-06-2021,Men's Athletic Footwear,Southeast,Sports Direct,Outlet,Georgia,41,67,16
7360,14-05-2021,Men's Athletic Footwear,Southeast,Sports Direct,Outlet,Georgia,36,49,14
7361,12-07-2021,Men's Athletic Footwear,Southeast,Sports Direct,Outlet,Georgia,37,64,17
7362,12-12-2021,Men's Athletic Footwear,Southeast,Sports Direct,Outlet,Georgia,39,87,22
7363,16-03-2021,Men's Street Footwear,Southeast,Sports Direct,Outlet,Florida,50,2750,55
7364,16-03-2021,Men's Street Footwear,Southeast,Sports Direct,Outlet,Florida,35,60,17
7365,13-11-2021,Men's Street Footwear,Southeast,Sports Direct,Outlet,Georgia,36,62,17
7366,12-03-2021,Men's Street Footwear,Southeast,Sports Direct,Outlet,Georgia,30,49,16
7367,13-06-2021,Men's Street Footwear,Southeast,Sports Direct,Outlet,Georgia,35,71,20
7368,13-04-2021,Men's Street Footwear,Southeast,Sports Direct,Outlet,Georgia,37,66,18
7369,14-09-2021,Men's Street Footwear,Southeast,Sports Direct,Outlet,Georgia,31,63,20
7370,13-10-2021,Men's Street Footwear,Southeast,Sports Direct,Outlet,Georgia,34,59,17
7371,14-05-2021,Men's Street Footwear,Southeast,Sports Direct,Outlet,Georgia,37,69,19
7372,12-07-2021,Men's Street Footwear,Southeast,Sports Direct,Outlet,Georgia,37,81,22
7373,13-08-2021,Men's Street Footwear,Southeast,Sports Direct,Outlet,Georgia,39,82,21
7374,12-12-2021,Men's Street Footwear,Southeast,Sports Direct,Outlet,Georgia,42,88,21
7375,17-02-2021,Women's Apparel,Southeast,Sports Direct,Outlet,Florida,50,2000,40
7376,16-03-2021,Women's Apparel,Southeast,Sports Direct,Outlet,Florida,60,2250,38
7377,16-03-2021,Women's Apparel,Southeast,Sports Direct,Outlet,Florida,48,63,13
7378,17-02-2021,Women's Apparel,Southeast,Sports Direct,Outlet,Florida,33,41,12
7379,13-04-2021,Women's Apparel,Southeast,Sports Direct,Outlet,Georgia,56,63,11
7380,13-02-2021,Women's Apparel,Southeast,Sports Direct,Outlet,Georgia,28,37,13
7381,12-03-2021,Women's Apparel,Southeast,Sports Direct,Outlet,Georgia,40,45,11
7382,13-11-2021,Women's Apparel,Southeast,Sports Direct,Outlet,Georgia,46,72,16
7383,13-08-2021,Women's Apparel,Southeast,Sports Direct,Outlet,Georgia,50,64,13
7384,12-07-2021,Women's Apparel,Southeast,Sports Direct,Outlet,Georgia,51,80,16
7385,14-09-2021,Women's Apparel,Southeast,Sports Direct,Outlet,Georgia,46,62,14
7386,13-10-2021,Women's Apparel,Southeast,Sports Direct,Outlet,Georgia,46,50,11
7387,14-05-2021,Women's Apparel,Southeast,Sports Direct,Outlet,Georgia,53,66,12
7388,13-06-2021,Women's Apparel,Southeast,Sports Direct,Outlet,Georgia,53,101,19
7389,23-12-2021,Women's Apparel,Southeast,Sports Direct,Outlet,Virginia,65,124,19
7390,17-02-2021,Women's Athletic Footwear,Southeast,Sports Direct,Outlet,Florida,50,1375,28
7391,16-03-2021,Women's Athletic Footwear,Southeast,Sports Direct,Outlet,Florida,60,1950,33
7392,16-03-2021,Women's Athletic Footwear,Southeast,Sports Direct,Outlet,Florida,42,48,11
7393,17-02-2021,Women's Athletic Footwear,Southeast,Sports Direct,Outlet,Florida,36,34,9
7394,13-06-2021,Women's Athletic Footwear,Southeast,Sports Direct,Outlet,Georgia,33,44,13
7395,14-05-2021,Women's Athletic Footwear,Southeast,Sports Direct,Outlet,Georgia,34,39,11
7396,13-02-2021,Women's Athletic Footwear,Southeast,Sports Direct,Outlet,Georgia,30,24,8
7397,13-10-2021,Women's Athletic Footwear,Southeast,Sports Direct,Outlet,Georgia,32,36,11
7398,12-03-2021,Women's Athletic Footwear,Southeast,Sports Direct,Outlet,Georgia,38,30,8
7399,12-07-2021,Women's Athletic Footwear,Southeast,Sports Direct,Outlet,Georgia,39,50,13
7400,13-04-2021,Women's Athletic Footwear,Southeast,Sports Direct,Outlet,Georgia,40,38,10
7401,13-08-2021,Women's Athletic Footwear,Southeast,Sports Direct,Outlet,Georgia,42,63,15
7402,14-09-2021,Women's Athletic Footwear,Southeast,Sports Direct,Outlet,Georgia,35,42,12
7403,13-11-2021,Women's Athletic Footwear,Southeast,Sports Direct,Outlet,Georgia,37,52,14
7404,23-12-2021,Women's Athletic Footwear,Southeast,Sports Direct,Outlet,Virginia,51,90,18
7405,16-03-2021,Women's Street Footwear,Southeast,Sports Direct,Outlet,Florida,65,2763,43
7406,16-03-2021,Women's Street Footwear,Southeast,Sports Direct,Outlet,Florida,47,70,15
7407,14-09-2021,Women's Street Footwear,Southeast,Sports Direct,Outlet,Georgia,32,43,14
7408,13-04-2021,Women's Street Footwear,Southeast,Sports Direct,Outlet,Georgia,36,41,11
7409,13-10-2021,Women's Street Footwear,Southeast,Sports Direct,Outlet,Georgia,32,39,12
7410,12-03-2021,Women's Street Footwear,Southeast,Sports Direct,Outlet,Georgia,39,48,12
7411,13-06-2021,Women's Street Footwear,Southeast,Sports Direct,Outlet,Georgia,39,62,16
7412,14-05-2021,Women's Street Footwear,Southeast,Sports Direct,Outlet,Georgia,40,58,15
7413,13-11-2021,Women's Street Footwear,Southeast,Sports Direct,Outlet,Georgia,39,57,15
7414,12-07-2021,Women's Street Footwear,Southeast,Sports Direct,Outlet,Georgia,41,75,18
7415,13-08-2021,Women's Street Footwear,Southeast,Sports Direct,Outlet,Georgia,42,63,15
7416,23-12-2021,Women's Street Footwear,Southeast,Sports Direct,Outlet,Virginia,53,87,17
7417,18-05-2021,Men's Apparel,Southeast,Walmart,Outlet,Florida,55,1238,23
7418,17-04-2021,Men's Apparel,Southeast,Walmart,Outlet,Florida,60,1200,20
7419,17-04-2021,Men's Apparel,Southeast,Walmart,Outlet,Florida,47,28,6
7420,17-10-2021,Men's Apparel,Southeast,Walmart,Outlet,Florida,47,55,12
7421,16-07-2021,Men's Apparel,Southeast,Walmart,Outlet,Florida,68,141,21
7422,17-06-2021,Men's Apparel,Southeast,Walmart,Outlet,Florida,71,109,15
7423,18-09-2021,Men's Apparel,Southeast,Walmart,Outlet,Florida,54,51,9
7424,17-08-2021,Men's Apparel,Southeast,Walmart,Outlet,Florida,63,105,17
7425,18-05-2021,Men's Apparel,Southeast,Walmart,Outlet,Florida,42,29,7
7426,17-11-2021,Men's Apparel,Southeast,Walmart,Outlet,Florida,58,85,15
7427,18-05-2021,Men's Athletic Footwear,Southeast,Walmart,Outlet,Florida,65,2763,43
7428,17-04-2021,Men's Athletic Footwear,Southeast,Walmart,Outlet,Florida,70,2450,35
7429,17-04-2021,Men's Athletic Footwear,Southeast,Walmart,Outlet,Florida,51,54,11
7430,17-08-2021,Men's Athletic Footwear,Southeast,Walmart,Outlet,Florida,60,163,27
7431,18-05-2021,Men's Athletic Footwear,Southeast,Walmart,Outlet,Florida,46,61,13
7432,16-07-2021,Men's Athletic Footwear,Southeast,Walmart,Outlet,Florida,74,195,26
7433,17-10-2021,Men's Athletic Footwear,Southeast,Walmart,Outlet,Florida,43,82,19
7434,17-06-2021,Men's Athletic Footwear,Southeast,Walmart,Outlet,Florida,53,119,22
7435,18-09-2021,Men's Athletic Footwear,Southeast,Walmart,Outlet,Florida,45,68,15
7436,16-12-2021,Men's Athletic Footwear,Southeast,Walmart,Outlet,Florida,55,141,26
7437,17-11-2021,Men's Athletic Footwear,Southeast,Walmart,Outlet,Florida,46,106,23
7438,18-05-2021,Men's Street Footwear,Southeast,Walmart,Outlet,Florida,60,3450,58
7439,17-06-2021,Men's Street Footwear,Southeast,Walmart,Outlet,Florida,65,5363,83
7440,17-04-2021,Men's Street Footwear,Southeast,Walmart,Outlet,Florida,65,3575,55
7441,17-06-2021,Men's Street Footwear,Southeast,Walmart,Outlet,Florida,50,136,27
7442,18-05-2021,Men's Street Footwear,Southeast,Walmart,Outlet,Florida,44,88,20
7443,17-11-2021,Men's Street Footwear,Southeast,Walmart,Outlet,Florida,41,77,19
7444,17-04-2021,Men's Street Footwear,Southeast,Walmart,Outlet,Florida,47,80,17
7445,16-12-2021,Men's Street Footwear,Southeast,Walmart,Outlet,Florida,58,162,28
7446,17-08-2021,Men's Street Footwear,Southeast,Walmart,Outlet,Florida,68,173,26
7447,17-10-2021,Men's Street Footwear,Southeast,Walmart,Outlet,Florida,39,55,14
7448,18-09-2021,Men's Street Footwear,Southeast,Walmart,Outlet,Florida,44,68,16
7449,16-07-2021,Men's Street Footwear,Southeast,Walmart,Outlet,Florida,68,202,30
7450,18-05-2021,Women's Apparel,Southeast,Walmart,Outlet,Florida,70,4025,58
7451,17-04-2021,Women's Apparel,Southeast,Walmart,Outlet,Florida,75,2813,38
7452,18-05-2021,Women's Apparel,Southeast,Walmart,Outlet,Florida,48,83,17
7453,17-06-2021,Women's Apparel,Southeast,Walmart,Outlet,Florida,74,184,25
7454,16-07-2021,Women's Apparel,Southeast,Walmart,Outlet,Florida,75,146,20
7455,18-09-2021,Women's Apparel,Southeast,Walmart,Outlet,Florida,42,42,10
7456,17-08-2021,Women's Apparel,Southeast,Walmart,Outlet,Florida,60,58,10
7457,17-04-2021,Women's Apparel,Southeast,Walmart,Outlet,Florida,57,64,11
7458,17-11-2021,Women's Apparel,Southeast,Walmart,Outlet,Florida,66,131,20
7459,17-10-2021,Women's Apparel,Southeast,Walmart,Outlet,Florida,53,74,14
7460,17-04-2021,Women's Athletic Footwear,Southeast,Walmart,Outlet,Florida,55,1650,30
7461,18-05-2021,Women's Athletic Footwear,Southeast,Walmart,Outlet,Florida,60,1950,33
7462,16-07-2021,Women's Athletic Footwear,Southeast,Walmart,Outlet,Florida,59,110,19
7463,17-08-2021,Women's Athletic Footwear,Southeast,Walmart,Outlet,Florida,64,94,15
7464,18-05-2021,Women's Athletic Footwear,Southeast,Walmart,Outlet,Florida,39,42,11
7465,17-11-2021,Women's Athletic Footwear,Southeast,Walmart,Outlet,Florida,47,80,17
7466,17-10-2021,Women's Athletic Footwear,Southeast,Walmart,Outlet,Florida,40,48,12
7467,17-04-2021,Women's Athletic Footwear,Southeast,Walmart,Outlet,Florida,41,37,9
7468,18-09-2021,Women's Athletic Footwear,Southeast,Walmart,Outlet,Florida,44,34,8
7469,17-06-2021,Women's Athletic Footwear,Southeast,Walmart,Outlet,Florida,66,129,20
7470,18-05-2021,Women's Street Footwear,Southeast,Walmart,Outlet,Florida,65,2763,43
7471,17-04-2021,Women's Street Footwear,Southeast,Walmart,Outlet,Florida,70,2800,40
7472,18-09-2021,Women's Street Footwear,Southeast,Walmart,Outlet,Florida,39,37,10
7473,17-06-2021,Women's Street Footwear,Southeast,Walmart,Outlet,Florida,60,143,24
7474,17-08-2021,Women's Street Footwear,Southeast,Walmart,Outlet,Florida,62,143,23
7475,17-10-2021,Women's Street Footwear,Southeast,Walmart,Outlet,Florida,43,55,13
7476,17-04-2021,Women's Street Footwear,Southeast,Walmart,Outlet,Florida,49,65,13
7477,16-07-2021,Women's Street Footwear,Southeast,Walmart,Outlet,Florida,72,171,24
7478,18-05-2021,Women's Street Footwear,Southeast,Walmart,Outlet,Florida,46,61,13
7479,17-11-2021,Women's Street Footwear,Southeast,Walmart,Outlet,Florida,44,76,17
7480,16-12-2021,Men's Apparel,Southeast,West Gear,Outlet,Florida,64,115,18
7481,16-12-2021,Women's Apparel,Southeast,West Gear,Outlet,Florida,64,128,20
7482,16-12-2021,Women's Athletic Footwear,Southeast,West Gear,Outlet,Florida,58,118,20
7483,16-12-2021,Women's Street Footwear,Southeast,West Gear,Outlet,Florida,64,131,20
7484,22-03-2021,Men's Apparel,West,Foot Locker,Outlet,Arizona,41,16,4
7485,24-05-2021,Men's Apparel,West,Foot Locker,Outlet,Arizona,39,24,6
7486,24-09-2021,Men's Apparel,West,Foot Locker,Outlet,Arizona,41,52,13
7487,23-04-2021,Men's Apparel,West,Foot Locker,Outlet,Arizona,43,20,5
7488,23-06-2021,Men's Apparel,West,Foot Locker,Outlet,Arizona,43,31,7
7489,23-11-2021,Men's Apparel,West,Foot Locker,Outlet,Arizona,44,44,10
7490,23-02-2021,Men's Apparel,West,Foot Locker,Outlet,Arizona,36,18,5
7491,22-07-2021,Men's Apparel,West,Foot Locker,Outlet,Arizona,40,58,15
7492,23-10-2021,Men's Apparel,West,Foot Locker,Outlet,Arizona,44,39,9
7493,23-08-2021,Men's Apparel,West,Foot Locker,Outlet,Arizona,45,61,14
7494,23-01-2021,Men's Apparel,West,Foot Locker,Outlet,Idaho,35,24,7
7495,23-10-2021,Men's Athletic Footwear,West,Foot Locker,Outlet,Arizona,33,58,18
7496,24-05-2021,Men's Athletic Footwear,West,Foot Locker,Outlet,Arizona,36,42,12
7497,23-06-2021,Men's Athletic Footwear,West,Foot Locker,Outlet,Arizona,36,51,14
7498,23-08-2021,Men's Athletic Footwear,West,Foot Locker,Outlet,Arizona,46,87,19
7499,23-04-2021,Men's Athletic Footwear,West,Foot Locker,Outlet,Arizona,37,33,9
7500,22-03-2021,Men's Athletic Footwear,West,Foot Locker,Outlet,Arizona,38,44,12
7501,22-12-2021,Men's Athletic Footwear,West,Foot Locker,Outlet,Arizona,33,70,21
7502,22-07-2021,Men's Athletic Footwear,West,Foot Locker,Outlet,Arizona,40,65,16
7503,24-09-2021,Men's Athletic Footwear,West,Foot Locker,Outlet,Arizona,34,68,20
7504,23-11-2021,Men's Athletic Footwear,West,Foot Locker,Outlet,Arizona,38,62,16
7505,23-02-2021,Men's Athletic Footwear,West,Foot Locker,Outlet,Idaho,28,36,13
7506,23-01-2021,Men's Athletic Footwear,West,Foot Locker,Outlet,Idaho,30,42,14
7507,22-07-2021,Men's Street Footwear,West,Foot Locker,Outlet,Arizona,40,86,22
7508,23-11-2021,Men's Street Footwear,West,Foot Locker,Outlet,Arizona,31,47,15
7509,24-05-2021,Men's Street Footwear,West,Foot Locker,Outlet,Arizona,38,70,18
7510,23-04-2021,Men's Street Footwear,West,Foot Locker,Outlet,Arizona,40,70,18
7511,23-06-2021,Men's Street Footwear,West,Foot Locker,Outlet,Arizona,37,72,19
7512,22-03-2021,Men's Street Footwear,West,Foot Locker,Outlet,Arizona,29,46,16
7513,22-12-2021,Men's Street Footwear,West,Foot Locker,Outlet,Arizona,35,68,19
7514,23-08-2021,Men's Street Footwear,West,Foot Locker,Outlet,Arizona,41,80,19
7515,24-09-2021,Men's Street Footwear,West,Foot Locker,Outlet,Arizona,35,64,18
7516,23-10-2021,Men's Street Footwear,West,Foot Locker,Outlet,Arizona,36,61,17
7517,23-02-2021,Men's Street Footwear,West,Foot Locker,Outlet,Idaho,21,34,16
7518,23-01-2021,Men's Street Footwear,West,Foot Locker,Outlet,Idaho,23,31,14
7519,23-02-2021,Women's Apparel,West,Foot Locker,Outlet,Arizona,31,36,12
7520,22-03-2021,Women's Apparel,West,Foot Locker,Outlet,Arizona,37,40,11
7521,23-11-2021,Women's Apparel,West,Foot Locker,Outlet,Arizona,39,55,14
7522,23-08-2021,Women's Apparel,West,Foot Locker,Outlet,Arizona,48,63,13
7523,23-10-2021,Women's Apparel,West,Foot Locker,Outlet,Arizona,47,50,11
7524,24-05-2021,Women's Apparel,West,Foot Locker,Outlet,Arizona,53,66,12
7525,22-07-2021,Women's Apparel,West,Foot Locker,Outlet,Arizona,46,67,15
7526,23-04-2021,Women's Apparel,West,Foot Locker,Outlet,Arizona,49,54,11
7527,23-06-2021,Women's Apparel,West,Foot Locker,Outlet,Arizona,46,73,16
7528,24-09-2021,Women's Apparel,West,Foot Locker,Outlet,Arizona,43,57,13
7529,23-01-2021,Women's Apparel,West,Foot Locker,Outlet,Idaho,27,38,14
7530,24-09-2021,Women's Athletic Footwear,West,Foot Locker,Outlet,Arizona,33,41,12
7531,22-03-2021,Women's Athletic Footwear,West,Foot Locker,Outlet,Arizona,38,26,7
7532,24-05-2021,Women's Athletic Footwear,West,Foot Locker,Outlet,Arizona,39,36,9
7533,22-07-2021,Women's Athletic Footwear,West,Foot Locker,Outlet,Arizona,36,41,11
7534,23-10-2021,Women's Athletic Footwear,West,Foot Locker,Outlet,Arizona,32,33,10
7535,23-06-2021,Women's Athletic Footwear,West,Foot Locker,Outlet,Arizona,38,40,11
7536,23-04-2021,Women's Athletic Footwear,West,Foot Locker,Outlet,Arizona,40,31,8
7537,23-02-2021,Women's Athletic Footwear,West,Foot Locker,Outlet,Arizona,26,18,7
7538,23-11-2021,Women's Athletic Footwear,West,Foot Locker,Outlet,Arizona,33,38,12
7539,23-08-2021,Women's Athletic Footwear,West,Foot Locker,Outlet,Arizona,43,52,12
7540,23-01-2021,Women's Athletic Footwear,West,Foot Locker,Outlet,Idaho,30,26,9
7541,23-10-2021,Women's Street Footwear,West,Foot Locker,Outlet,Arizona,31,34,11
7542,24-09-2021,Women's Street Footwear,West,Foot Locker,Outlet,Arizona,34,49,15
7543,23-04-2021,Women's Street Footwear,West,Foot Locker,Outlet,Arizona,42,52,12
7544,24-05-2021,Women's Street Footwear,West,Foot Locker,Outlet,Arizona,41,54,13
7545,23-06-2021,Women's Street Footwear,West,Foot Locker,Outlet,Arizona,41,60,15
7546,23-11-2021,Women's Street Footwear,West,Foot Locker,Outlet,Arizona,33,41,12
7547,22-07-2021,Women's Street Footwear,West,Foot Locker,Outlet,Arizona,39,61,16
7548,22-03-2021,Women's Street Footwear,West,Foot Locker,Outlet,Arizona,37,44,12
7549,23-08-2021,Women's Street Footwear,West,Foot Locker,Outlet,Arizona,37,57,15
7550,23-01-2021,Women's Street Footwear,West,Foot Locker,Outlet,Idaho,31,45,15
7551,23-02-2021,Women's Street Footwear,West,Foot Locker,Outlet,Idaho,28,35,12
7552,22-12-2021,Men's Apparel,West,Kohl's,Outlet,Arizona,42,46,11
7553,26-01-2021,Men's Apparel,West,Kohl's,Outlet,Arizona,33,31,9
7554,26-02-2021,Men's Apparel,West,Kohl's,Outlet,New Mexico,34,21,6
7555,25-07-2021,Men's Apparel,West,Kohl's,Outlet,New Mexico,40,64,16
7556,25-03-2021,Men's Apparel,West,Kohl's,Outlet,New Mexico,41,22,5
7557,26-10-2021,Men's Apparel,West,Kohl's,Outlet,New Mexico,41,47,11
7558,26-08-2021,Men's Apparel,West,Kohl's,Outlet,New Mexico,48,78,16
7559,27-09-2021,Men's Apparel,West,Kohl's,Outlet,New Mexico,40,58,15
7560,26-06-2021,Men's Apparel,West,Kohl's,Outlet,New Mexico,44,41,9
7561,27-05-2021,Men's Apparel,West,Kohl's,Outlet,New Mexico,45,35,8
7562,26-04-2021,Men's Apparel,West,Kohl's,Outlet,New Mexico,46,28,6
7563,26-11-2021,Men's Apparel,West,Kohl's,Outlet,New Mexico,54,71,13
7564,26-01-2021,Men's Athletic Footwear,West,Kohl's,Outlet,Arizona,30,44,15
7565,26-02-2021,Men's Athletic Footwear,West,Kohl's,Outlet,Arizona,36,49,14
7566,27-05-2021,Men's Athletic Footwear,West,Kohl's,Outlet,New Mexico,46,63,14
7567,26-10-2021,Men's Athletic Footwear,West,Kohl's,Outlet,New Mexico,38,69,18
7568,26-11-2021,Men's Athletic Footwear,West,Kohl's,Outlet,New Mexico,44,79,18
7569,25-07-2021,Men's Athletic Footwear,West,Kohl's,Outlet,New Mexico,45,95,21
7570,26-06-2021,Men's Athletic Footwear,West,Kohl's,Outlet,New Mexico,47,88,19
7571,26-08-2021,Men's Athletic Footwear,West,Kohl's,Outlet,New Mexico,44,92,21
7572,25-03-2021,Men's Athletic Footwear,West,Kohl's,Outlet,New Mexico,36,49,14
7573,27-09-2021,Men's Athletic Footwear,West,Kohl's,Outlet,New Mexico,39,73,19
7574,26-04-2021,Men's Athletic Footwear,West,Kohl's,Outlet,New Mexico,43,47,11
7575,25-12-2021,Men's Athletic Footwear,West,Kohl's,Outlet,New Mexico,47,102,22
7576,26-02-2021,Men's Street Footwear,West,Kohl's,Outlet,Arizona,27,47,17
7577,26-01-2021,Men's Street Footwear,West,Kohl's,Outlet,Arizona,27,41,15
7578,26-10-2021,Men's Street Footwear,West,Kohl's,Outlet,New Mexico,35,60,17
7579,26-08-2021,Men's Street Footwear,West,Kohl's,Outlet,New Mexico,40,90,22
7580,26-06-2021,Men's Street Footwear,West,Kohl's,Outlet,New Mexico,37,83,22
7581,25-07-2021,Men's Street Footwear,West,Kohl's,Outlet,New Mexico,41,102,25
7582,25-03-2021,Men's Street Footwear,West,Kohl's,Outlet,New Mexico,30,56,19
7583,27-05-2021,Men's Street Footwear,West,Kohl's,Outlet,New Mexico,43,79,18
7584,26-11-2021,Men's Street Footwear,West,Kohl's,Outlet,New Mexico,47,83,18
7585,27-09-2021,Men's Street Footwear,West,Kohl's,Outlet,New Mexico,37,76,21
7586,26-04-2021,Men's Street Footwear,West,Kohl's,Outlet,New Mexico,41,68,17
7587,25-12-2021,Men's Street Footwear,West,Kohl's,Outlet,New Mexico,44,105,24
7588,26-01-2021,Women's Apparel,West,Kohl's,Outlet,Arizona,36,60,17
7589,22-12-2021,Women's Apparel,West,Kohl's,Outlet,Arizona,43,58,14
7590,26-02-2021,Women's Apparel,West,Kohl's,Outlet,New Mexico,35,49,14
7591,26-06-2021,Women's Apparel,West,Kohl's,Outlet,New Mexico,50,96,19
7592,26-04-2021,Women's Apparel,West,Kohl's,Outlet,New Mexico,56,65,12
7593,27-05-2021,Women's Apparel,West,Kohl's,Outlet,New Mexico,56,74,13
7594,27-09-2021,Women's Apparel,West,Kohl's,Outlet,New Mexico,48,75,16
7595,26-11-2021,Women's Apparel,West,Kohl's,Outlet,New Mexico,56,95,17
7596,25-03-2021,Women's Apparel,West,Kohl's,Outlet,New Mexico,44,58,13
7597,26-10-2021,Women's Apparel,West,Kohl's,Outlet,New Mexico,57,75,13
7598,25-07-2021,Women's Apparel,West,Kohl's,Outlet,New Mexico,49,78,16
7599,26-08-2021,Women's Apparel,West,Kohl's,Outlet,New Mexico,50,77,15
7600,26-01-2021,Women's Athletic Footwear,West,Kohl's,Outlet,Arizona,30,30,10
7601,22-12-2021,Women's Athletic Footwear,West,Kohl's,Outlet,Arizona,32,41,13
7602,26-02-2021,Women's Athletic Footwear,West,Kohl's,Outlet,New Mexico,29,26,9
7603,26-08-2021,Women's Athletic Footwear,West,Kohl's,Outlet,New Mexico,46,70,15
7604,25-03-2021,Women's Athletic Footwear,West,Kohl's,Outlet,New Mexico,37,33,9
7605,26-04-2021,Women's Athletic Footwear,West,Kohl's,Outlet,New Mexico,37,36,10
7606,26-06-2021,Women's Athletic Footwear,West,Kohl's,Outlet,New Mexico,37,47,13
7607,27-09-2021,Women's Athletic Footwear,West,Kohl's,Outlet,New Mexico,37,54,15
7608,26-11-2021,Women's Athletic Footwear,West,Kohl's,Outlet,New Mexico,40,54,14
7609,27-05-2021,Women's Athletic Footwear,West,Kohl's,Outlet,New Mexico,43,47,11
7610,26-10-2021,Women's Athletic Footwear,West,Kohl's,Outlet,New Mexico,35,39,11
7611,25-07-2021,Women's Athletic Footwear,West,Kohl's,Outlet,New Mexico,39,58,15
7612,26-01-2021,Women's Street Footwear,West,Kohl's,Outlet,Arizona,32,50,16
7613,26-02-2021,Women's Street Footwear,West,Kohl's,Outlet,Arizona,35,46,13
7614,22-12-2021,Women's Street Footwear,West,Kohl's,Outlet,Arizona,35,48,14
7615,25-07-2021,Women's Street Footwear,West,Kohl's,Outlet,New Mexico,39,67,17
7616,26-11-2021,Women's Street Footwear,West,Kohl's,Outlet,New Mexico,46,69,15
7617,25-03-2021,Women's Street Footwear,West,Kohl's,Outlet,New Mexico,44,55,12
7618,26-10-2021,Women's Street Footwear,West,Kohl's,Outlet,New Mexico,34,41,12
7619,26-06-2021,Women's Street Footwear,West,Kohl's,Outlet,New Mexico,41,79,19
7620,26-08-2021,Women's Street Footwear,West,Kohl's,Outlet,New Mexico,46,75,16
7621,27-05-2021,Women's Street Footwear,West,Kohl's,Outlet,New Mexico,46,62,14
7622,27-09-2021,Women's Street Footwear,West,Kohl's,Outlet,New Mexico,39,57,15
7623,26-04-2021,Women's Street Footwear,West,Kohl's,Outlet,New Mexico,44,62,14
7624,25-12-2021,Men's Apparel,West,Sports Direct,Outlet,New Mexico,55,70,13
7625,13-01-2021,Men's Apparel,West,Sports Direct,Outlet,New Mexico,35,26,8
7626,13-02-2021,Men's Athletic Footwear,West,Sports Direct,Outlet,New Mexico,27,33,12
7627,13-01-2021,Men's Athletic Footwear,West,Sports Direct,Outlet,New Mexico,27,38,14
7628,13-02-2021,Men's Street Footwear,West,Sports Direct,Outlet,New Mexico,23,35,15
7629,13-01-2021,Men's Street Footwear,West,Sports Direct,Outlet,New Mexico,24,36,15
7630,25-12-2021,Women's Apparel,West,Sports Direct,Outlet,New Mexico,56,97,17
7631,13-01-2021,Women's Apparel,West,Sports Direct,Outlet,New Mexico,28,39,14
7632,25-12-2021,Women's Athletic Footwear,West,Sports Direct,Outlet,New Mexico,45,72,16
7633,13-01-2021,Women's Athletic Footwear,West,Sports Direct,Outlet,New Mexico,28,28,10
7634,13-02-2021,Women's Street Footwear,West,Sports Direct,Outlet,New Mexico,28,34,12
7635,25-12-2021,Women's Street Footwear,West,Sports Direct,Outlet,New Mexico,44,66,15
7636,13-01-2021,Women's Street Footwear,West,Sports Direct,Outlet,New Mexico,32,45,14
7637,03-02-2021,Men's Apparel,West,West Gear,Outlet,California,50,111,22
7638,09-02-2021,Men's Apparel,West,West Gear,Outlet,California,51,116,23
7639,28-01-2021,Men's Apparel,West,West Gear,Outlet,California,43,97,23
7640,15-02-2021,Men's Apparel,West,West Gear,Outlet,California,43,105,25
7641,05-11-2020,Men's Apparel,West,West Gear,Outlet,California,38,66,17
7642,23-12-2020,Men's Apparel,West,West Gear,Outlet,California,51,87,17
7643,16-01-2021,Men's Apparel,West,West Gear,Outlet,California,44,106,24
7644,29-12-2020,Men's Apparel,West,West Gear,Outlet,California,47,74,16
7645,11-11-2020,Men's Apparel,West,West Gear,Outlet,California,42,69,17
7646,04-01-2021,Men's Apparel,West,West Gear,Outlet,California,49,89,18
7647,22-01-2021,Men's Apparel,West,West Gear,Outlet,California,59,155,26
7648,10-01-2021,Men's Apparel,West,West Gear,Outlet,California,44,86,20
7649,23-02-2020,Men's Apparel,West,West Gear,Outlet,Nevada,53,68,13
7650,07-03-2020,Men's Apparel,West,West Gear,Outlet,Nevada,46,55,12
7651,01-03-2020,Men's Apparel,West,West Gear,Outlet,Nevada,48,51,11
7652,13-03-2020,Men's Apparel,West,West Gear,Outlet,Nevada,49,67,14
7653,06-01-2020,Men's Apparel,West,West Gear,Outlet,Nevada,37,30,8
7654,11-02-2020,Men's Apparel,West,West Gear,Outlet,Nevada,47,71,15
7655,17-02-2020,Men's Apparel,West,West Gear,Outlet,Nevada,50,76,15
7656,12-01-2020,Men's Apparel,West,West Gear,Outlet,Nevada,37,26,7
7657,24-01-2020,Men's Apparel,West,West Gear,Outlet,Nevada,47,29,6
7658,18-01-2020,Men's Apparel,West,West Gear,Outlet,Nevada,44,26,6
7659,05-02-2020,Men's Apparel,West,West Gear,Outlet,Nevada,47,49,11
7660,30-01-2020,Men's Apparel,West,West Gear,Outlet,Nevada,43,28,7
7661,24-04-2021,Men's Apparel,West,West Gear,Outlet,Oregon,36,14,4
7662,25-09-2021,Men's Apparel,West,West Gear,Outlet,Oregon,48,37,8
7663,24-08-2021,Men's Apparel,West,West Gear,Outlet,Oregon,53,72,14
7664,24-02-2021,Men's Apparel,West,West Gear,Outlet,Oregon,32,14,4
7665,25-05-2021,Men's Apparel,West,West Gear,Outlet,Oregon,33,19,6
7666,23-03-2021,Men's Apparel,West,West Gear,Outlet,Oregon,43,13,3
7667,24-10-2021,Men's Apparel,West,West Gear,Outlet,Oregon,40,37,9
7668,24-11-2021,Men's Apparel,West,West Gear,Outlet,Oregon,50,73,15
7669,24-06-2021,Men's Apparel,West,West Gear,Outlet,Oregon,67,94,14
7670,23-07-2021,Men's Apparel,West,West Gear,Outlet,Oregon,68,135,20
7671,23-12-2021,Men's Apparel,West,West Gear,Outlet,Oregon,54,85,16
7672,17-01-2021,Men's Apparel,West,West Gear,Outlet,Oregon,33,22,7
7673,24-01-2021,Men's Apparel,West,West Gear,Outlet,Utah,35,19,5
7674,25-01-2021,Men's Athletic Footwear,West,West Gear,Outlet,California,42,121,29
7675,31-01-2021,Men's Athletic Footwear,West,West Gear,Outlet,California,39,109,28
7676,06-02-2021,Men's Athletic Footwear,West,West Gear,Outlet,California,46,141,31
7677,12-02-2021,Men's Athletic Footwear,West,West Gear,Outlet,California,46,153,33
7678,19-01-2021,Men's Athletic Footwear,West,West Gear,Outlet,California,47,131,28
7679,14-11-2020,Men's Athletic Footwear,West,West Gear,Outlet,California,39,90,23
7680,13-01-2021,Men's Athletic Footwear,West,West Gear,Outlet,California,49,129,26
7681,08-11-2020,Men's Athletic Footwear,West,West Gear,Outlet,California,36,86,24
7682,26-12-2020,Men's Athletic Footwear,West,West Gear,Outlet,California,51,110,22
7683,01-01-2021,Men's Athletic Footwear,West,West Gear,Outlet,California,51,119,23
7684,07-01-2021,Men's Athletic Footwear,West,West Gear,Outlet,California,50,128,26
7685,16-03-2020,Men's Athletic Footwear,West,West Gear,Outlet,Nevada,31,45,15
7686,26-02-2020,Men's Athletic Footwear,West,West Gear,Outlet,Nevada,50,97,19
7687,10-03-2020,Men's Athletic Footwear,West,West Gear,Outlet,Nevada,50,105,21
7688,04-03-2020,Men's Athletic Footwear,West,West Gear,Outlet,Nevada,52,105,20
7689,08-02-2020,Men's Athletic Footwear,West,West Gear,Outlet,Nevada,46,94,20
7690,20-02-2020,Men's Athletic Footwear,West,West Gear,Outlet,Nevada,51,92,18
7691,21-01-2020,Men's Athletic Footwear,West,West Gear,Outlet,Nevada,46,53,12
7692,14-02-2020,Men's Athletic Footwear,West,West Gear,Outlet,Nevada,56,116,21
7693,09-01-2020,Men's Athletic Footwear,West,West Gear,Outlet,Nevada,35,51,15
7694,15-01-2020,Men's Athletic Footwear,West,West Gear,Outlet,Nevada,42,52,12
7695,27-01-2020,Men's Athletic Footwear,West,West Gear,Outlet,Nevada,43,52,12
7696,02-02-2020,Men's Athletic Footwear,West,West Gear,Outlet,Nevada,51,93,18
7697,24-10-2021,Men's Athletic Footwear,West,West Gear,Outlet,Oregon,37,66,18
7698,25-09-2021,Men's Athletic Footwear,West,West Gear,Outlet,Oregon,43,68,16
7699,24-11-2021,Men's Athletic Footwear,West,West Gear,Outlet,Oregon,37,75,20
7700,25-05-2021,Men's Athletic Footwear,West,West Gear,Outlet,Oregon,36,39,11
7701,23-12-2021,Men's Athletic Footwear,West,West Gear,Outlet,Oregon,56,130,23
7702,24-04-2021,Men's Athletic Footwear,West,West Gear,Outlet,Oregon,39,34,9
7703,23-03-2021,Men's Athletic Footwear,West,West Gear,Outlet,Oregon,40,39,10
7704,24-06-2021,Men's Athletic Footwear,West,West Gear,Outlet,Oregon,47,95,20
7705,23-07-2021,Men's Athletic Footwear,West,West Gear,Outlet,Oregon,66,143,22
7706,24-08-2021,Men's Athletic Footwear,West,West Gear,Outlet,Oregon,62,159,26
7707,17-02-2021,Men's Athletic Footwear,West,West Gear,Outlet,Oregon,31,38,12
7708,17-01-2021,Men's Athletic Footwear,West,West Gear,Outlet,Oregon,31,38,12
7709,24-01-2021,Men's Athletic Footwear,West,West Gear,Outlet,Utah,29,36,12
7710,24-02-2021,Men's Athletic Footwear,West,West Gear,Outlet,Utah,29,36,12
7711,30-01-2021,Men's Street Footwear,West,West Gear,Outlet,California,36,104,29
7712,11-02-2021,Men's Street Footwear,West,West Gear,Outlet,California,40,129,32
7713,05-02-2021,Men's Street Footwear,West,West Gear,Outlet,California,39,103,26
7714,24-01-2021,Men's Street Footwear,West,West Gear,Outlet,California,40,115,29
7715,25-12-2020,Men's Street Footwear,West,West Gear,Outlet,California,40,108,27
7716,12-01-2021,Men's Street Footwear,West,West Gear,Outlet,California,41,139,34
7717,13-11-2020,Men's Street Footwear,West,West Gear,Outlet,California,36,98,27
7718,18-01-2021,Men's Street Footwear,West,West Gear,Outlet,California,45,136,30
7719,07-11-2020,Men's Street Footwear,West,West Gear,Outlet,California,28,81,29
7720,06-01-2021,Men's Street Footwear,West,West Gear,Outlet,California,41,140,34
7721,31-12-2020,Men's Street Footwear,West,West Gear,Outlet,California,44,119,27
7722,09-03-2020,Men's Street Footwear,West,West Gear,Outlet,Nevada,47,102,22
7723,19-02-2020,Men's Street Footwear,West,West Gear,Outlet,Nevada,41,76,19
7724,15-03-2020,Men's Street Footwear,West,West Gear,Outlet,Nevada,20,30,15
7725,25-02-2020,Men's Street Footwear,West,West Gear,Outlet,Nevada,47,80,17
7726,20-01-2020,Men's Street Footwear,West,West Gear,Outlet,Nevada,41,70,17
7727,03-03-2020,Men's Street Footwear,West,West Gear,Outlet,Nevada,47,92,20
7728,08-01-2020,Men's Street Footwear,West,West Gear,Outlet,Nevada,27,47,17
7729,07-02-2020,Men's Street Footwear,West,West Gear,Outlet,Nevada,48,112,23
7730,14-01-2020,Men's Street Footwear,West,West Gear,Outlet,Nevada,31,56,18
7731,13-02-2020,Men's Street Footwear,West,West Gear,Outlet,Nevada,44,105,24
7732,26-01-2020,Men's Street Footwear,West,West Gear,Outlet,Nevada,43,74,17
7733,01-02-2020,Men's Street Footwear,West,West Gear,Outlet,Nevada,47,115,25
7734,25-09-2021,Men's Street Footwear,West,West Gear,Outlet,Oregon,34,51,15
7735,24-11-2021,Men's Street Footwear,West,West Gear,Outlet,Oregon,34,65,19
7736,24-08-2021,Men's Street Footwear,West,West Gear,Outlet,Oregon,69,177,26
7737,24-06-2021,Men's Street Footwear,West,West Gear,Outlet,Oregon,43,103,24
7738,24-10-2021,Men's Street Footwear,West,West Gear,Outlet,Oregon,29,35,12
7739,24-04-2021,Men's Street Footwear,West,West Gear,Outlet,Oregon,44,73,17
7740,23-03-2021,Men's Street Footwear,West,West Gear,Outlet,Oregon,28,40,14
7741,17-01-2021,Men's Street Footwear,West,West Gear,Outlet,Oregon,28,34,12
7742,25-05-2021,Men's Street Footwear,West,West Gear,Outlet,Oregon,39,60,16
7743,23-12-2021,Men's Street Footwear,West,West Gear,Outlet,Oregon,51,115,23
7744,23-07-2021,Men's Street Footwear,West,West Gear,Outlet,Oregon,60,179,30
7745,17-02-2021,Men's Street Footwear,West,West Gear,Outlet,Oregon,24,42,18
7746,24-01-2021,Men's Street Footwear,West,West Gear,Outlet,Utah,24,26,11
7747,24-02-2021,Men's Street Footwear,West,West Gear,Outlet,Utah,22,34,15
7748,04-02-2021,Women's Apparel,West,West Gear,Outlet,California,46,103,22
7749,29-01-2021,Women's Apparel,West,West Gear,Outlet,California,51,135,26
7750,10-02-2021,Women's Apparel,West,West Gear,Outlet,California,56,143,26
7751,16-02-2021,Women's Apparel,West,West Gear,Outlet,California,50,128,26
7752,17-01-2021,Women's Apparel,West,West Gear,Outlet,California,56,148,26
7753,30-12-2020,Women's Apparel,West,West Gear,Outlet,California,62,152,25
7754,24-12-2020,Women's Apparel,West,West Gear,Outlet,California,41,100,25
7755,06-11-2020,Women's Apparel,West,West Gear,Outlet,California,36,84,23
7756,12-11-2020,Women's Apparel,West,West Gear,Outlet,California,33,69,21
7757,23-01-2021,Women's Apparel,West,West Gear,Outlet,California,60,152,25
7758,05-01-2021,Women's Apparel,West,West Gear,Outlet,California,58,131,23
7759,11-01-2021,Women's Apparel,West,West Gear,Outlet,California,60,184,31
7760,14-03-2020,Women's Apparel,West,West Gear,Outlet,Nevada,56,95,17
7761,08-03-2020,Women's Apparel,West,West Gear,Outlet,Nevada,51,83,16
7762,24-02-2020,Women's Apparel,West,West Gear,Outlet,Nevada,54,76,14
7763,02-03-2020,Women's Apparel,West,West Gear,Outlet,Nevada,53,64,12
7764,13-01-2020,Women's Apparel,West,West Gear,Outlet,Nevada,31,43,14
7765,07-01-2020,Women's Apparel,West,West Gear,Outlet,Nevada,36,60,17
7766,19-01-2020,Women's Apparel,West,West Gear,Outlet,Nevada,39,48,12
7767,18-02-2020,Women's Apparel,West,West Gear,Outlet,Nevada,55,70,13
7768,25-01-2020,Women's Apparel,West,West Gear,Outlet,Nevada,54,66,12
7769,12-02-2020,Women's Apparel,West,West Gear,Outlet,Nevada,61,104,17
7770,06-02-2020,Women's Apparel,West,West Gear,Outlet,Nevada,57,109,19
7771,31-01-2020,Women's Apparel,West,West Gear,Outlet,Nevada,54,76,14
7772,25-09-2021,Women's Apparel,West,West Gear,Outlet,Oregon,36,31,9
7773,24-06-2021,Women's Apparel,West,West Gear,Outlet,Oregon,74,171,23
7774,24-04-2021,Women's Apparel,West,West Gear,Outlet,Oregon,49,44,9
7775,23-12-2021,Women's Apparel,West,West Gear,Outlet,Oregon,55,111,20
7776,24-02-2021,Women's Apparel,West,West Gear,Outlet,Oregon,28,27,10
7777,23-03-2021,Women's Apparel,West,West Gear,Outlet,Oregon,40,36,9
7778,23-07-2021,Women's Apparel,West,West Gear,Outlet,Oregon,78,159,20
7779,25-05-2021,Women's Apparel,West,West Gear,Outlet,Oregon,46,80,17
7780,24-10-2021,Women's Apparel,West,West Gear,Outlet,Oregon,41,50,12
7781,24-08-2021,Women's Apparel,West,West Gear,Outlet,Oregon,53,47,9
7782,24-11-2021,Women's Apparel,West,West Gear,Outlet,Oregon,53,87,17
7783,17-01-2021,Women's Apparel,West,West Gear,Outlet,Oregon,34,48,14
7784,24-01-2021,Women's Apparel,West,West Gear,Outlet,Utah,28,37,13
7785,27-01-2021,Women's Athletic Footwear,West,West Gear,Outlet,California,39,96,25
7786,08-02-2021,Women's Athletic Footwear,West,West Gear,Outlet,California,37,78,21
7787,14-02-2021,Women's Athletic Footwear,West,West Gear,Outlet,California,40,108,27
7788,02-02-2021,Women's Athletic Footwear,West,West Gear,Outlet,California,42,94,22
7789,22-12-2020,Women's Athletic Footwear,West,West Gear,Outlet,California,48,98,20
7790,10-11-2020,Women's Athletic Footwear,West,West Gear,Outlet,California,39,74,19
7791,28-12-2020,Women's Athletic Footwear,West,West Gear,Outlet,California,48,90,19
7792,21-01-2021,Women's Athletic Footwear,West,West Gear,Outlet,California,52,133,26
7793,15-01-2021,Women's Athletic Footwear,West,West Gear,Outlet,California,46,114,25
7794,09-01-2021,Women's Athletic Footwear,West,West Gear,Outlet,California,41,92,22
7795,03-01-2021,Women's Athletic Footwear,West,West Gear,Outlet,California,42,96,23
7796,28-02-2020,Women's Athletic Footwear,West,West Gear,Outlet,Nevada,43,51,12
7797,18-03-2020,Women's Athletic Footwear,West,West Gear,Outlet,Nevada,26,25,10
7798,22-02-2020,Women's Athletic Footwear,West,West Gear,Outlet,Nevada,43,53,12
7799,06-03-2020,Women's Athletic Footwear,West,West Gear,Outlet,Nevada,43,57,13
7800,12-03-2020,Women's Athletic Footwear,West,West Gear,Outlet,Nevada,40,66,17
7801,11-01-2020,Women's Athletic Footwear,West,West Gear,Outlet,Nevada,30,26,9
7802,23-01-2020,Women's Athletic Footwear,West,West Gear,Outlet,Nevada,40,36,9
7803,17-01-2020,Women's Athletic Footwear,West,West Gear,Outlet,Nevada,41,38,9
7804,16-02-2020,Women's Athletic Footwear,West,West Gear,Outlet,Nevada,42,64,15
7805,10-02-2020,Women's Athletic Footwear,West,West Gear,Outlet,Nevada,46,64,14
7806,04-02-2020,Women's Athletic Footwear,West,West Gear,Outlet,Nevada,47,68,15
7807,29-01-2020,Women's Athletic Footwear,West,West Gear,Outlet,Nevada,47,49,11
7808,24-04-2021,Women's Athletic Footwear,West,West Gear,Outlet,Oregon,34,24,7
7809,23-03-2021,Women's Athletic Footwear,West,West Gear,Outlet,Oregon,39,29,8
7810,24-08-2021,Women's Athletic Footwear,West,West Gear,Outlet,Oregon,50,64,13
7811,25-05-2021,Women's Athletic Footwear,West,West Gear,Outlet,Oregon,33,31,9
7812,24-10-2021,Women's Athletic Footwear,West,West Gear,Outlet,Oregon,34,39,11
7813,23-12-2021,Women's Athletic Footwear,West,West Gear,Outlet,Oregon,53,87,17
7814,24-02-2021,Women's Athletic Footwear,West,West Gear,Outlet,Oregon,29,19,6
7815,24-11-2021,Women's Athletic Footwear,West,West Gear,Outlet,Oregon,39,58,15
7816,23-07-2021,Women's Athletic Footwear,West,West Gear,Outlet,Oregon,61,104,17
7817,24-06-2021,Women's Athletic Footwear,West,West Gear,Outlet,Oregon,62,111,18
7818,25-09-2021,Women's Athletic Footwear,West,West Gear,Outlet,Oregon,38,24,6
7819,17-01-2021,Women's Athletic Footwear,West,West Gear,Outlet,Oregon,34,27,8
7820,24-01-2021,Women's Athletic Footwear,West,West Gear,Outlet,Utah,30,20,7
7821,01-02-2021,Women's Street Footwear,West,West Gear,Outlet,California,42,88,21
7822,13-02-2021,Women's Street Footwear,West,West Gear,Outlet,California,44,113,26
7823,26-01-2021,Women's Street Footwear,West,West Gear,Outlet,California,39,97,25
7824,07-02-2021,Women's Street Footwear,West,West Gear,Outlet,California,40,99,25
7825,27-12-2020,Women's Street Footwear,West,West Gear,Outlet,California,46,117,25
7826,20-01-2021,Women's Street Footwear,West,West Gear,Outlet,California,51,126,25
7827,14-01-2021,Women's Street Footwear,West,West Gear,Outlet,California,46,121,26
7828,09-11-2020,Women's Street Footwear,West,West Gear,Outlet,California,40,99,25
7829,15-11-2020,Women's Street Footwear,West,West Gear,Outlet,California,47,99,21
7830,02-01-2021,Women's Street Footwear,West,West Gear,Outlet,California,46,104,23
7831,08-01-2021,Women's Street Footwear,West,West Gear,Outlet,California,42,118,28
7832,21-02-2020,Women's Street Footwear,West,West Gear,Outlet,Nevada,46,66,14
7833,17-03-2020,Women's Street Footwear,West,West Gear,Outlet,Nevada,26,33,13
7834,05-03-2020,Women's Street Footwear,West,West Gear,Outlet,Nevada,44,62,14
7835,15-02-2020,Women's Street Footwear,West,West Gear,Outlet,Nevada,44,79,18
7836,27-02-2020,Women's Street Footwear,West,West Gear,Outlet,Nevada,47,53,11
7837,11-03-2020,Women's Street Footwear,West,West Gear,Outlet,Nevada,47,78,17
7838,10-01-2020,Women's Street Footwear,West,West Gear,Outlet,Nevada,31,43,14
7839,22-01-2020,Women's Street Footwear,West,West Gear,Outlet,Nevada,47,56,12
7840,09-02-2020,Women's Street Footwear,West,West Gear,Outlet,Nevada,47,80,17
7841,16-01-2020,Women's Street Footwear,West,West Gear,Outlet,Nevada,43,55,13
7842,28-01-2020,Women's Street Footwear,West,West Gear,Outlet,Nevada,49,65,13
7843,03-02-2020,Women's Street Footwear,West,West Gear,Outlet,Nevada,46,81,18
7844,24-10-2021,Women's Street Footwear,West,West Gear,Outlet,Oregon,37,40,11
7845,23-03-2021,Women's Street Footwear,West,West Gear,Outlet,Oregon,41,46,11
7846,25-05-2021,Women's Street Footwear,West,West Gear,Outlet,Oregon,39,46,12
7847,24-06-2021,Women's Street Footwear,West,West Gear,Outlet,Oregon,53,110,21
7848,24-08-2021,Women's Street Footwear,West,West Gear,Outlet,Oregon,50,108,22
7849,24-04-2021,Women's Street Footwear,West,West Gear,Outlet,Oregon,47,54,11
7850,23-12-2021,Women's Street Footwear,West,West Gear,Outlet,Oregon,48,93,19
7851,24-11-2021,Women's Street Footwear,West,West Gear,Outlet,Oregon,32,49,15
7852,25-09-2021,Women's Street Footwear,West,West Gear,Outlet,Oregon,39,32,8
7853,23-07-2021,Women's Street Footwear,West,West Gear,Outlet,Oregon,66,146,22
7854,17-01-2021,Women's Street Footwear,West,West Gear,Outlet,Oregon,33,42,13
7855,17-02-2021,Women's Street Footwear,West,West Gear,Outlet,Oregon,34,45,13
7856,24-02-2021,Women's Street Footwear,West,West Gear,Outlet,Utah,28,34,12
7857,24-01-2021,Women's Street Footwear,West,West Gear,Outlet,Utah,31,33,11
7858,12-07-2021,Men's Apparel,Midwest,Foot Locker,Outlet,Nebraska,30,225,8
7859,18-07-2021,Men's Apparel,Midwest,Foot Locker,Outlet,Nebraska,40,100,3
7860,06-07-2021,Men's Apparel,Midwest,Foot Locker,Outlet,Nebraska,40,400,10
7861,25-05-2021,Men's Apparel,Midwest,Foot Locker,Outlet,Nebraska,45,563,13
7862,31-05-2021,Men's Apparel,Midwest,Foot Locker,Outlet,Nebraska,45,563,13
7863,12-06-2021,Men's Apparel,Midwest,Foot Locker,Outlet,Nebraska,45,113,3
7864,24-06-2021,Men's Apparel,Midwest,Foot Locker,Outlet,Nebraska,45,675,15
7865,30-06-2021,Men's Apparel,Midwest,Foot Locker,Outlet,Nebraska,45,788,18
7866,18-06-2021,Men's Apparel,Midwest,Foot Locker,Outlet,Nebraska,50,250,5
7867,24-07-2021,Men's Apparel,Midwest,Foot Locker,Outlet,Nebraska,50,500,10
7868,30-07-2021,Men's Apparel,Midwest,Foot Locker,Outlet,Nebraska,50,750,15
7869,06-06-2021,Men's Apparel,Midwest,Foot Locker,Outlet,Nebraska,50,250,5
7870,15-07-2021,Men's Athletic Footwear,Midwest,Foot Locker,Outlet,Nebraska,30,450,15
7871,21-07-2021,Men's Athletic Footwear,Midwest,Foot Locker,Outlet,Nebraska,30,450,15
7872,09-06-2021,Men's Athletic Footwear,Midwest,Foot Locker,Outlet,Nebraska,35,263,8
7873,28-05-2021,Men's Athletic Footwear,Midwest,Foot Locker,Outlet,Nebraska,35,438,13
7874,21-06-2021,Men's Athletic Footwear,Midwest,Foot Locker,Outlet,Nebraska,35,525,15
7875,09-07-2021,Men's Athletic Footwear,Midwest,Foot Locker,Outlet,Nebraska,35,700,20
7876,03-06-2021,Men's Athletic Footwear,Midwest,Foot Locker,Outlet,Nebraska,40,400,10
7877,27-07-2021,Men's Athletic Footwear,Midwest,Foot Locker,Outlet,Nebraska,40,1000,25
7878,15-06-2021,Men's Athletic Footwear,Midwest,Foot Locker,Outlet,Nebraska,40,500,13
7879,27-06-2021,Men's Athletic Footwear,Midwest,Foot Locker,Outlet,Nebraska,40,1200,30
7880,03-07-2021,Men's Athletic Footwear,Midwest,Foot Locker,Outlet,Nebraska,45,1238,28
7881,27-05-2021,Men's Street Footwear,Midwest,Foot Locker,Outlet,Nebraska,35,1663,48
7882,20-07-2021,Men's Street Footwear,Midwest,Foot Locker,Outlet,Nebraska,40,1200,30
7883,14-07-2021,Men's Street Footwear,Midwest,Foot Locker,Outlet,Nebraska,40,1300,33
7884,08-06-2021,Men's Street Footwear,Midwest,Foot Locker,Outlet,Nebraska,40,1500,38
7885,20-06-2021,Men's Street Footwear,Midwest,Foot Locker,Outlet,Nebraska,40,1600,40
7886,08-07-2021,Men's Street Footwear,Midwest,Foot Locker,Outlet,Nebraska,40,1600,40
7887,02-06-2021,Men's Street Footwear,Midwest,Foot Locker,Outlet,Nebraska,40,1680,42
7888,14-06-2021,Men's Street Footwear,Midwest,Foot Locker,Outlet,Nebraska,45,1890,42
7889,02-07-2021,Men's Street Footwear,Midwest,Foot Locker,Outlet,Nebraska,45,2250,50
7890,26-06-2021,Men's Street Footwear,Midwest,Foot Locker,Outlet,Nebraska,45,2475,55
7891,26-07-2021,Men's Street Footwear,Midwest,Foot Locker,Outlet,Nebraska,50,2250,45
7892,13-06-2021,Women's Apparel,Midwest,Foot Locker,Outlet,Nebraska,35,525,15
7893,13-07-2021,Women's Apparel,Midwest,Foot Locker,Outlet,Nebraska,35,525,15
7894,01-06-2021,Women's Apparel,Midwest,Foot Locker,Outlet,Nebraska,35,700,20
7895,26-05-2021,Women's Apparel,Midwest,Foot Locker,Outlet,Nebraska,35,788,23
7896,07-06-2021,Women's Apparel,Midwest,Foot Locker,Outlet,Nebraska,40,600,15
7897,19-07-2021,Women's Apparel,Midwest,Foot Locker,Outlet,Nebraska,45,675,15
7898,07-07-2021,Women's Apparel,Midwest,Foot Locker,Outlet,Nebraska,45,1238,28
7899,25-06-2021,Women's Apparel,Midwest,Foot Locker,Outlet,Nebraska,50,1625,33
7900,01-07-2021,Women's Apparel,Midwest,Foot Locker,Outlet,Nebraska,50,1750,35
7901,25-07-2021,Women's Apparel,Midwest,Foot Locker,Outlet,Nebraska,55,1100,20
7902,31-07-2021,Women's Apparel,Midwest,Foot Locker,Outlet,Nebraska,55,1375,25
7903,19-06-2021,Women's Apparel,Midwest,Foot Locker,Outlet,Nebraska,55,825,15
7904,11-07-2021,Women's Athletic Footwear,Midwest,Foot Locker,Outlet,Nebraska,20,150,8
7905,11-06-2021,Women's Athletic Footwear,Midwest,Foot Locker,Outlet,Nebraska,30,0,0
7906,17-07-2021,Women's Athletic Footwear,Midwest,Foot Locker,Outlet,Nebraska,30,75,3
7907,30-05-2021,Women's Athletic Footwear,Midwest,Foot Locker,Outlet,Nebraska,30,150,5
7908,05-07-2021,Women's Athletic Footwear,Midwest,Foot Locker,Outlet,Nebraska,30,375,13
7909,23-07-2021,Women's Athletic Footwear,Midwest,Foot Locker,Outlet,Nebraska,30,375,13
7910,23-06-2021,Women's Athletic Footwear,Midwest,Foot Locker,Outlet,Nebraska,30,450,15
7911,05-06-2021,Women's Athletic Footwear,Midwest,Foot Locker,Outlet,Nebraska,35,0,0
7912,17-06-2021,Women's Athletic Footwear,Midwest,Foot Locker,Outlet,Nebraska,35,88,3
7913,29-06-2021,Women's Athletic Footwear,Midwest,Foot Locker,Outlet,Nebraska,35,613,18
7914,29-07-2021,Women's Athletic Footwear,Midwest,Foot Locker,Outlet,Nebraska,40,600,15
7915,10-07-2021,Women's Street Footwear,Midwest,Foot Locker,Outlet,Nebraska,20,200,10
7916,29-05-2021,Women's Street Footwear,Midwest,Foot Locker,Outlet,Nebraska,25,438,18
7917,10-06-2021,Women's Street Footwear,Midwest,Foot Locker,Outlet,Nebraska,25,188,8
7918,16-07-2021,Women's Street Footwear,Midwest,Foot Locker,Outlet,Nebraska,30,150,5
7919,22-07-2021,Women's Street Footwear,Midwest,Foot Locker,Outlet,Nebraska,30,285,10
7920,04-06-2021,Women's Street Footwear,Midwest,Foot Locker,Outlet,Nebraska,30,450,15
7921,22-06-2021,Women's Street Footwear,Midwest,Foot Locker,Outlet,Nebraska,30,525,18
7922,16-06-2021,Women's Street Footwear,Midwest,Foot Locker,Outlet,Nebraska,35,350,10
7923,28-06-2021,Women's Street Footwear,Midwest,Foot Locker,Outlet,Nebraska,35,788,23
7924,04-07-2021,Women's Street Footwear,Midwest,Foot Locker,Outlet,Nebraska,40,800,20
7925,28-07-2021,Women's Street Footwear,Midwest,Foot Locker,Outlet,Nebraska,40,800,20
7926,03-11-2021,Men's Apparel,Northeast,Amazon,Outlet,Maine,50,375,8
7927,28-10-2021,Men's Apparel,Northeast,Amazon,Outlet,Maine,50,500,10
7928,16-10-2021,Men's Apparel,Northeast,Amazon,Outlet,Maine,50,750,15
7929,22-10-2021,Men's Apparel,Northeast,Amazon,Outlet,Maine,50,750,15
7930,31-12-2021,Men's Apparel,Northeast,Amazon,Outlet,Maine,55,688,13
7931,09-11-2021,Men's Apparel,Northeast,Amazon,Outlet,Maine,55,825,15
7932,25-12-2021,Men's Apparel,Northeast,Amazon,Outlet,Maine,55,825,15
7933,15-11-2021,Men's Apparel,Northeast,Amazon,Outlet,Maine,55,963,18
7934,21-11-2021,Men's Apparel,Northeast,Amazon,Outlet,Maine,55,1100,20
7935,19-10-2021,Men's Apparel,Northeast,Amazon,Outlet,Maine,65,650,10
7936,18-11-2021,Men's Apparel,Northeast,Amazon,Outlet,Maine,65,975,15
7937,17-12-2021,Men's Apparel,Northeast,Amazon,Outlet,Maine,65,1300,20
7938,13-12-2021,Men's Apparel,Northeast,Amazon,Outlet,Massachusetts,52,47,9
7939,14-11-2021,Men's Apparel,Northeast,Amazon,Outlet,Massachusetts,50,39,8
7940,14-01-2021,Men's Apparel,Northeast,Amazon,Outlet,Massachusetts,37,26,7
7941,17-09-2021,Men's Apparel,Northeast,Amazon,Outlet,New Hampshire,65,1463,23
7942,18-08-2021,Men's Apparel,Northeast,Amazon,Outlet,New Hampshire,65,1625,25
7943,17-07-2021,Men's Apparel,Northeast,Amazon,Outlet,New Hampshire,65,2275,35
7944,17-05-2021,Men's Apparel,Northeast,Amazon,Outlet,New Hampshire,52,47,9
7945,18-04-2021,Men's Apparel,Northeast,Amazon,Outlet,New Hampshire,40,24,6
7946,19-02-2021,Men's Apparel,Northeast,Amazon,Outlet,New Hampshire,41,39,10
7947,18-08-2021,Men's Apparel,Northeast,Amazon,Outlet,New Hampshire,45,36,8
7948,17-03-2021,Men's Apparel,Northeast,Amazon,Outlet,New Hampshire,47,28,6
7949,17-09-2021,Men's Apparel,Northeast,Amazon,Outlet,New Hampshire,48,34,7
7950,19-06-2021,Men's Apparel,Northeast,Amazon,Outlet,New Hampshire,47,54,11
7951,17-07-2021,Men's Apparel,Northeast,Amazon,Outlet,New Hampshire,47,56,12
7952,21-01-2021,Men's Apparel,Northeast,Amazon,Outlet,Vermont,43,32,7
7953,10-09-2021,Men's Apparel,Northeast,Amazon,Outlet,Vermont,48,33,7
7954,12-10-2021,Men's Apparel,Northeast,Amazon,Outlet,Vermont,55,32,6
7955,10-07-2021,Men's Apparel,Northeast,Amazon,Outlet,Vermont,39,44,11
7956,10-03-2021,Men's Apparel,Northeast,Amazon,Outlet,Vermont,36,20,6
7957,12-02-2021,Men's Apparel,Northeast,Amazon,Outlet,Vermont,36,24,7
7958,11-08-2021,Men's Apparel,Northeast,Amazon,Outlet,Vermont,43,31,7
7959,11-11-2021,Men's Apparel,Northeast,Amazon,Outlet,Vermont,50,46,9
7960,12-06-2021,Men's Apparel,Northeast,Amazon,Outlet,Vermont,44,46,11
7961,10-05-2021,Men's Apparel,Northeast,Amazon,Outlet,Vermont,46,42,9
7962,11-04-2021,Men's Apparel,Northeast,Amazon,Outlet,Vermont,41,22,5
7963,10-12-2021,Men's Apparel,Northeast,Amazon,Outlet,Vermont,48,50,10
7964,19-10-2021,Men's Athletic Footwear,Northeast,Amazon,Outlet,Maine,40,600,15
7965,31-10-2021,Men's Athletic Footwear,Northeast,Amazon,Outlet,Maine,40,600,15
7966,25-10-2021,Men's Athletic Footwear,Northeast,Amazon,Outlet,Maine,40,700,18
7967,06-11-2021,Men's Athletic Footwear,Northeast,Amazon,Outlet,Maine,50,1000,20
7968,28-12-2021,Men's Athletic Footwear,Northeast,Amazon,Outlet,Maine,50,1250,25
7969,12-11-2021,Men's Athletic Footwear,Northeast,Amazon,Outlet,Maine,50,1375,28
7970,18-11-2021,Men's Athletic Footwear,Northeast,Amazon,Outlet,Maine,50,1500,30
7971,22-12-2021,Men's Athletic Footwear,Northeast,Amazon,Outlet,Maine,50,1500,30
7972,18-11-2021,Men's Athletic Footwear,Northeast,Amazon,Outlet,Maine,55,1100,20
7973,19-10-2021,Men's Athletic Footwear,Northeast,Amazon,Outlet,Maine,55,1238,23
7974,17-12-2021,Men's Athletic Footwear,Northeast,Amazon,Outlet,Maine,55,1513,28
7975,13-12-2021,Men's Athletic Footwear,Northeast,Amazon,Outlet,Massachusetts,37,42,11
7976,14-11-2021,Men's Athletic Footwear,Northeast,Amazon,Outlet,Massachusetts,40,41,10
7977,12-02-2021,Men's Athletic Footwear,Northeast,Amazon,Outlet,Massachusetts,33,24,7
7978,14-01-2021,Men's Athletic Footwear,Northeast,Amazon,Outlet,Massachusetts,36,39,11
7979,17-09-2021,Men's Athletic Footwear,Northeast,Amazon,Outlet,New Hampshire,60,2100,35
7980,17-07-2021,Men's Athletic Footwear,Northeast,Amazon,Outlet,New Hampshire,60,2700,45
7981,18-08-2021,Men's Athletic Footwear,Northeast,Amazon,Outlet,New Hampshire,60,2700,45
7982,18-04-2021,Men's Athletic Footwear,Northeast,Amazon,Outlet,New Hampshire,38,32,9
7983,17-09-2021,Men's Athletic Footwear,Northeast,Amazon,Outlet,New Hampshire,43,50,12
7984,17-05-2021,Men's Athletic Footwear,Northeast,Amazon,Outlet,New Hampshire,40,37,9
7985,17-07-2021,Men's Athletic Footwear,Northeast,Amazon,Outlet,New Hampshire,47,70,15
7986,17-03-2021,Men's Athletic Footwear,Northeast,Amazon,Outlet,New Hampshire,36,32,9
7987,18-08-2021,Men's Athletic Footwear,Northeast,Amazon,Outlet,New Hampshire,39,53,14
7988,19-06-2021,Men's Athletic Footwear,Northeast,Amazon,Outlet,New Hampshire,40,56,14
7989,19-02-2021,Men's Athletic Footwear,Northeast,Amazon,Outlet,Vermont,37,31,9
7990,21-01-2021,Men's Athletic Footwear,Northeast,Amazon,Outlet,Vermont,39,43,11
7991,11-04-2021,Men's Athletic Footwear,Northeast,Amazon,Outlet,Vermont,35,24,7
7992,12-10-2021,Men's Athletic Footwear,Northeast,Amazon,Outlet,Vermont,44,44,10
7993,10-03-2021,Men's Athletic Footwear,Northeast,Amazon,Outlet,Vermont,36,29,8
7994,10-07-2021,Men's Athletic Footwear,Northeast,Amazon,Outlet,Vermont,42,61,15
7995,12-06-2021,Men's Athletic Footwear,Northeast,Amazon,Outlet,Vermont,44,53,12
7996,10-05-2021,Men's Athletic Footwear,Northeast,Amazon,Outlet,Vermont,41,39,9
7997,10-12-2021,Men's Athletic Footwear,Northeast,Amazon,Outlet,Vermont,41,54,13
7998,10-09-2021,Men's Athletic Footwear,Northeast,Amazon,Outlet,Vermont,42,47,11
7999,11-08-2021,Men's Athletic Footwear,Northeast,Amazon,Outlet,Vermont,43,64,15
8000,30-10-2021,Men's Street Footwear,Northeast,Amazon,Outlet,Maine,40,1800,45
8001,24-10-2021,Men's Street Footwear,Northeast,Amazon,Outlet,Maine,40,1880,47
8002,18-10-2021,Men's Street Footwear,Northeast,Amazon,Outlet,Maine,40,2000,50
8003,27-12-2021,Men's Street Footwear,Northeast,Amazon,Outlet,Maine,55,2475,45
8004,05-11-2021,Men's Street Footwear,Northeast,Amazon,Outlet,Maine,55,2723,50
8005,11-11-2021,Men's Street Footwear,Northeast,Amazon,Outlet,Maine,55,2888,53
8006,21-12-2021,Men's Street Footwear,Northeast,Amazon,Outlet,Maine,55,2888,53
8007,17-11-2021,Men's Street Footwear,Northeast,Amazon,Outlet,Maine,55,3025,55
8008,19-10-2021,Men's Street Footwear,Northeast,Amazon,Outlet,Maine,60,2400,40
8009,18-11-2021,Men's Street Footwear,Northeast,Amazon,Outlet,Maine,65,2438,38
8010,17-12-2021,Men's Street Footwear,Northeast,Amazon,Outlet,Maine,65,3088,48
8011,14-11-2021,Men's Street Footwear,Northeast,Amazon,Outlet,Massachusetts,49,59,12
8012,13-12-2021,Men's Street Footwear,Northeast,Amazon,Outlet,Massachusetts,51,91,18
8013,12-02-2021,Men's Street Footwear,Northeast,Amazon,Outlet,Massachusetts,33,61,18
8014,14-01-2021,Men's Street Footwear,Northeast,Amazon,Outlet,Massachusetts,35,63,18
8015,17-09-2021,Men's Street Footwear,Northeast,Amazon,Outlet,New Hampshire,65,3575,55
8016,18-08-2021,Men's Street Footwear,Northeast,Amazon,Outlet,New Hampshire,65,4388,68
8017,18-04-2021,Men's Street Footwear,Northeast,Amazon,Outlet,New Hampshire,33,62,19
8018,17-07-2021,Men's Street Footwear,Northeast,Amazon,Outlet,New Hampshire,49,110,22
8019,17-05-2021,Men's Street Footwear,Northeast,Amazon,Outlet,New Hampshire,47,92,20
8020,17-09-2021,Men's Street Footwear,Northeast,Amazon,Outlet,New Hampshire,51,98,19
8021,17-03-2021,Men's Street Footwear,Northeast,Amazon,Outlet,New Hampshire,39,73,19
8022,19-06-2021,Men's Street Footwear,Northeast,Amazon,Outlet,New Hampshire,44,95,22
8023,18-08-2021,Men's Street Footwear,Northeast,Amazon,Outlet,New Hampshire,48,97,20
8024,21-01-2021,Men's Street Footwear,Northeast,Amazon,Outlet,Vermont,34,59,17
8025,19-02-2021,Men's Street Footwear,Northeast,Amazon,Outlet,Vermont,34,63,19
8026,12-10-2021,Men's Street Footwear,Northeast,Amazon,Outlet,Vermont,44,69,16
8027,10-12-2021,Men's Street Footwear,Northeast,Amazon,Outlet,Vermont,48,89,19
8028,10-03-2021,Men's Street Footwear,Northeast,Amazon,Outlet,Vermont,35,65,19
8029,10-09-2021,Men's Street Footwear,Northeast,Amazon,Outlet,Vermont,44,79,18
8030,12-06-2021,Men's Street Footwear,Northeast,Amazon,Outlet,Vermont,47,92,20
8031,11-08-2021,Men's Street Footwear,Northeast,Amazon,Outlet,Vermont,42,90,22
8032,10-05-2021,Men's Street Footwear,Northeast,Amazon,Outlet,Vermont,48,85,18
8033,11-04-2021,Men's Street Footwear,Northeast,Amazon,Outlet,Vermont,30,50,17
8034,10-07-2021,Men's Street Footwear,Northeast,Amazon,Outlet,Vermont,45,94,21
8035,29-10-2021,Women's Apparel,Northeast,Amazon,Outlet,Maine,40,800,20
8036,04-11-2021,Women's Apparel,Northeast,Amazon,Outlet,Maine,40,900,23
8037,17-10-2021,Women's Apparel,Northeast,Amazon,Outlet,Maine,40,1000,25
8038,23-10-2021,Women's Apparel,Northeast,Amazon,Outlet,Maine,40,1000,25
8039,17-09-2021,Women's Apparel,Northeast,Amazon,Outlet,Maine,60,1350,23
8040,10-11-2021,Women's Apparel,Northeast,Amazon,Outlet,Maine,60,1650,28
8041,16-11-2021,Women's Apparel,Northeast,Amazon,Outlet,Maine,60,1950,33
8042,26-12-2021,Women's Apparel,Northeast,Amazon,Outlet,Maine,60,1950,33
8043,20-12-2021,Women's Apparel,Northeast,Amazon,Outlet,Maine,60,2250,38
8044,19-10-2021,Women's Apparel,Northeast,Amazon,Outlet,Maine,70,1575,23
8045,18-11-2021,Women's Apparel,Northeast,Amazon,Outlet,Maine,70,1750,25
8046,17-12-2021,Women's Apparel,Northeast,Amazon,Outlet,Maine,70,2100,30
8047,13-12-2021,Women's Apparel,Northeast,Amazon,Outlet,Massachusetts,51,65,13
8048,14-11-2021,Women's Apparel,Northeast,Amazon,Outlet,Massachusetts,48,59,12
8049,15-10-2021,Women's Apparel,Northeast,Amazon,Outlet,Massachusetts,51,35,7
8050,14-01-2021,Women's Apparel,Northeast,Amazon,Outlet,Massachusetts,34,35,10
8051,17-09-2021,Women's Apparel,Northeast,Amazon,Outlet,New Hampshire,70,2275,33
8052,18-08-2021,Women's Apparel,Northeast,Amazon,Outlet,New Hampshire,70,2975,43
8053,17-07-2021,Women's Apparel,Northeast,Amazon,Outlet,New Hampshire,70,3675,53
8054,18-04-2021,Women's Apparel,Northeast,Amazon,Outlet,New Hampshire,33,33,10
8055,18-08-2021,Women's Apparel,Northeast,Amazon,Outlet,New Hampshire,46,67,15
8056,17-09-2021,Women's Apparel,Northeast,Amazon,Outlet,New Hampshire,53,55,10
8057,17-03-2021,Women's Apparel,Northeast,Amazon,Outlet,New Hampshire,36,36,10
8058,17-05-2021,Women's Apparel,Northeast,Amazon,Outlet,New Hampshire,46,64,14
8059,19-02-2021,Women's Apparel,Northeast,Amazon,Outlet,New Hampshire,36,45,12
8060,17-07-2021,Women's Apparel,Northeast,Amazon,Outlet,New Hampshire,47,77,16
8061,19-06-2021,Women's Apparel,Northeast,Amazon,Outlet,New Hampshire,50,81,16
8062,21-01-2021,Women's Apparel,Northeast,Amazon,Outlet,Vermont,35,35,10
8063,11-08-2021,Women's Apparel,Northeast,Amazon,Outlet,Vermont,44,60,14
8064,11-04-2021,Women's Apparel,Northeast,Amazon,Outlet,Vermont,36,32,9
8065,12-06-2021,Women's Apparel,Northeast,Amazon,Outlet,Vermont,49,77,16
8066,10-03-2021,Women's Apparel,Northeast,Amazon,Outlet,Vermont,29,28,10
8067,10-09-2021,Women's Apparel,Northeast,Amazon,Outlet,Vermont,45,42,9
8068,10-05-2021,Women's Apparel,Northeast,Amazon,Outlet,Vermont,47,56,12
8069,12-02-2021,Women's Apparel,Northeast,Amazon,Outlet,Vermont,35,37,11
8070,10-07-2021,Women's Apparel,Northeast,Amazon,Outlet,Vermont,49,86,18
8071,11-11-2021,Women's Apparel,Northeast,Amazon,Outlet,Vermont,57,73,13
8072,10-12-2021,Women's Apparel,Northeast,Amazon,Outlet,Vermont,60,87,15
8073,27-10-2021,Women's Athletic Footwear,Northeast,Amazon,Outlet,Maine,35,175,5
8074,21-10-2021,Women's Athletic Footwear,Northeast,Amazon,Outlet,Maine,35,263,8
8075,02-11-2021,Women's Athletic Footwear,Northeast,Amazon,Outlet,Maine,35,263,8
8076,08-11-2021,Women's Athletic Footwear,Northeast,Amazon,Outlet,Maine,45,563,13
8077,30-12-2021,Women's Athletic Footwear,Northeast,Amazon,Outlet,Maine,45,563,13
8078,14-11-2021,Women's Athletic Footwear,Northeast,Amazon,Outlet,Maine,45,788,18
8079,20-11-2021,Women's Athletic Footwear,Northeast,Amazon,Outlet,Maine,45,788,18
8080,24-12-2021,Women's Athletic Footwear,Northeast,Amazon,Outlet,Maine,45,788,18
8081,19-10-2021,Women's Athletic Footwear,Northeast,Amazon,Outlet,Maine,55,550,10
8082,18-11-2021,Women's Athletic Footwear,Northeast,Amazon,Outlet,Maine,55,963,18
8083,17-12-2021,Women's Athletic Footwear,Northeast,Amazon,Outlet,Maine,55,1100,20
8084,13-12-2021,Women's Athletic Footwear,Northeast,Amazon,Outlet,Massachusetts,43,45,11
8085,14-11-2021,Women's Athletic Footwear,Northeast,Amazon,Outlet,Massachusetts,42,35,8
8086,14-01-2021,Women's Athletic Footwear,Northeast,Amazon,Outlet,Massachusetts,29,15,5
8087,17-09-2021,Women's Athletic Footwear,Northeast,Amazon,Outlet,New Hampshire,55,1238,23
8088,18-08-2021,Women's Athletic Footwear,Northeast,Amazon,Outlet,New Hampshire,55,1513,28
8089,17-07-2021,Women's Athletic Footwear,Northeast,Amazon,Outlet,New Hampshire,55,1788,33
8090,18-04-2021,Women's Athletic Footwear,Northeast,Amazon,Outlet,New Hampshire,35,19,5
8091,18-08-2021,Women's Athletic Footwear,Northeast,Amazon,Outlet,New Hampshire,42,37,9
8092,19-02-2021,Women's Athletic Footwear,Northeast,Amazon,Outlet,New Hampshire,31,21,7
8093,19-06-2021,Women's Athletic Footwear,Northeast,Amazon,Outlet,New Hampshire,37,38,10
8094,17-05-2021,Women's Athletic Footwear,Northeast,Amazon,Outlet,New Hampshire,41,37,9
8095,17-07-2021,Women's Athletic Footwear,Northeast,Amazon,Outlet,New Hampshire,39,42,11
8096,17-03-2021,Women's Athletic Footwear,Northeast,Amazon,Outlet,New Hampshire,33,15,5
8097,17-09-2021,Women's Athletic Footwear,Northeast,Amazon,Outlet,New Hampshire,41,30,7
8098,21-01-2021,Women's Athletic Footwear,Northeast,Amazon,Outlet,Vermont,36,22,6
8099,12-10-2021,Women's Athletic Footwear,Northeast,Amazon,Outlet,Vermont,46,28,6
8100,12-02-2021,Women's Athletic Footwear,Northeast,Amazon,Outlet,Vermont,30,14,5
8101,11-11-2021,Women's Athletic Footwear,Northeast,Amazon,Outlet,Vermont,42,40,10
8102,10-03-2021,Women's Athletic Footwear,Northeast,Amazon,Outlet,Vermont,30,12,4
8103,11-04-2021,Women's Athletic Footwear,Northeast,Amazon,Outlet,Vermont,30,15,5
8104,10-09-2021,Women's Athletic Footwear,Northeast,Amazon,Outlet,Vermont,35,23,7
8105,12-06-2021,Women's Athletic Footwear,Northeast,Amazon,Outlet,Vermont,38,39,10
8106,10-05-2021,Women's Athletic Footwear,Northeast,Amazon,Outlet,Vermont,40,33,8
8107,10-07-2021,Women's Athletic Footwear,Northeast,Amazon,Outlet,Vermont,36,35,10
8108,11-08-2021,Women's Athletic Footwear,Northeast,Amazon,Outlet,Vermont,40,34,9
8109,10-12-2021,Women's Athletic Footwear,Northeast,Amazon,Outlet,Vermont,44,44,10
8110,01-11-2021,Women's Street Footwear,Northeast,Amazon,Outlet,Maine,30,450,15
8111,20-10-2021,Women's Street Footwear,Northeast,Amazon,Outlet,Maine,30,600,20
8112,26-10-2021,Women's Street Footwear,Northeast,Amazon,Outlet,Maine,30,600,20
8113,29-12-2021,Women's Street Footwear,Northeast,Amazon,Outlet,Maine,45,675,15
8114,07-11-2021,Women's Street Footwear,Northeast,Amazon,Outlet,Maine,45,788,18
8115,13-11-2021,Women's Street Footwear,Northeast,Amazon,Outlet,Maine,45,900,20
8116,19-11-2021,Women's Street Footwear,Northeast,Amazon,Outlet,Maine,45,1013,23
8117,23-12-2021,Women's Street Footwear,Northeast,Amazon,Outlet,Maine,45,1013,23
8118,19-10-2021,Women's Street Footwear,Northeast,Amazon,Outlet,Maine,55,688,13
8119,18-11-2021,Women's Street Footwear,Northeast,Amazon,Outlet,Maine,55,1073,20
8120,17-12-2021,Women's Street Footwear,Northeast,Amazon,Outlet,Maine,55,1375,25
8121,13-12-2021,Women's Street Footwear,Northeast,Amazon,Outlet,Massachusetts,36,40,11
8122,14-11-2021,Women's Street Footwear,Northeast,Amazon,Outlet,Massachusetts,44,40,9
8123,12-02-2021,Women's Street Footwear,Northeast,Amazon,Outlet,Massachusetts,25,21,9
8124,14-01-2021,Women's Street Footwear,Northeast,Amazon,Outlet,Massachusetts,27,27,10
8125,17-09-2021,Women's Street Footwear,Northeast,Amazon,Outlet,New Hampshire,55,1375,25
8126,17-07-2021,Women's Street Footwear,Northeast,Amazon,Outlet,New Hampshire,55,2063,38
8127,18-08-2021,Women's Street Footwear,Northeast,Amazon,Outlet,New Hampshire,55,2063,38
8128,17-09-2021,Women's Street Footwear,Northeast,Amazon,Outlet,New Hampshire,43,34,8
8129,18-04-2021,Women's Street Footwear,Northeast,Amazon,Outlet,New Hampshire,26,21,8
8130,17-03-2021,Women's Street Footwear,Northeast,Amazon,Outlet,New Hampshire,32,34,11
8131,17-05-2021,Women's Street Footwear,Northeast,Amazon,Outlet,New Hampshire,42,42,10
8132,18-08-2021,Women's Street Footwear,Northeast,Amazon,Outlet,New Hampshire,39,44,11
8133,17-07-2021,Women's Street Footwear,Northeast,Amazon,Outlet,New Hampshire,37,47,13
8134,19-06-2021,Women's Street Footwear,Northeast,Amazon,Outlet,New Hampshire,43,47,11
8135,19-02-2021,Women's Street Footwear,Northeast,Amazon,Outlet,Vermont,31,30,10
8136,21-01-2021,Women's Street Footwear,Northeast,Amazon,Outlet,Vermont,28,28,10
8137,10-07-2021,Women's Street Footwear,Northeast,Amazon,Outlet,Vermont,33,36,11
8138,10-05-2021,Women's Street Footwear,Northeast,Amazon,Outlet,Vermont,37,36,10
8139,12-10-2021,Women's Street Footwear,Northeast,Amazon,Outlet,Vermont,40,26,7
8140,10-03-2021,Women's Street Footwear,Northeast,Amazon,Outlet,Vermont,23,20,9
8141,11-08-2021,Women's Street Footwear,Northeast,Amazon,Outlet,Vermont,34,39,12
8142,12-06-2021,Women's Street Footwear,Northeast,Amazon,Outlet,Vermont,35,36,10
8143,10-12-2021,Women's Street Footwear,Northeast,Amazon,Outlet,Vermont,44,58,13
8144,11-04-2021,Women's Street Footwear,Northeast,Amazon,Outlet,Vermont,25,19,7
8145,10-09-2021,Women's Street Footwear,Northeast,Amazon,Outlet,Vermont,40,29,7
8146,03-12-2021,Men's Apparel,Northeast,Foot Locker,Outlet,Connecticut,42,42,10
8147,10-01-2021,Men's Apparel,Northeast,Foot Locker,Outlet,Connecticut,34,15,4
8148,04-11-2021,Men's Apparel,Northeast,Foot Locker,Outlet,Connecticut,44,39,9
8149,24-01-2021,Men's Apparel,Northeast,Foot Locker,Outlet,New Hampshire,65,1300,20
8150,24-01-2021,Men's Apparel,Northeast,Foot Locker,Outlet,New Hampshire,50,32,6
8151,19-10-2021,Men's Apparel,Northeast,Foot Locker,Outlet,New Hampshire,75,1313,18
8152,18-11-2021,Men's Apparel,Northeast,Foot Locker,Outlet,New Hampshire,75,2250,30
8153,17-12-2021,Men's Apparel,Northeast,Foot Locker,Outlet,New Hampshire,75,2625,35
8154,19-10-2021,Men's Apparel,Northeast,Foot Locker,Outlet,New Hampshire,50,29,6
8155,18-11-2021,Men's Apparel,Northeast,Foot Locker,Outlet,New Hampshire,59,57,10
8156,17-12-2021,Men's Apparel,Northeast,Foot Locker,Outlet,New Hampshire,50,62,12
8157,29-01-2020,Men's Apparel,Northeast,Foot Locker,Outlet,New York,43,124,29
8158,08-03-2020,Men's Apparel,Northeast,Foot Locker,Outlet,New York,45,130,29
8159,14-03-2020,Men's Apparel,Northeast,Foot Locker,Outlet,New York,46,128,28
8160,23-01-2020,Men's Apparel,Northeast,Foot Locker,Outlet,New York,43,132,31
8161,10-02-2020,Men's Apparel,Northeast,Foot Locker,Outlet,New York,47,132,28
8162,04-02-2020,Men's Apparel,Northeast,Foot Locker,Outlet,New York,44,124,28
8163,05-01-2020,Men's Apparel,Northeast,Foot Locker,Outlet,New York,43,132,31
8164,19-12-2021,Men's Apparel,Northeast,Foot Locker,Outlet,Pennsylvania,43,13,3
8165,13-12-2021,Men's Apparel,Northeast,Foot Locker,Outlet,Pennsylvania,36,15,4
8166,07-11-2021,Men's Apparel,Northeast,Foot Locker,Outlet,Pennsylvania,41,10,2
8167,01-11-2021,Men's Apparel,Northeast,Foot Locker,Outlet,Pennsylvania,39,16,4
8168,13-11-2021,Men's Apparel,Northeast,Foot Locker,Outlet,Pennsylvania,45,12,3
8169,19-11-2021,Men's Apparel,Northeast,Foot Locker,Outlet,Pennsylvania,51,20,4
8170,07-12-2021,Men's Apparel,Northeast,Foot Locker,Outlet,Pennsylvania,46,25,5
8171,31-12-2021,Men's Apparel,Northeast,Foot Locker,Outlet,Pennsylvania,46,26,6
8172,25-12-2021,Men's Apparel,Northeast,Foot Locker,Outlet,Pennsylvania,51,24,5
8173,01-12-2021,Men's Apparel,Northeast,Foot Locker,Outlet,Pennsylvania,50,32,6
8174,26-10-2021,Men's Apparel,Northeast,Foot Locker,Outlet,Pennsylvania,42,17,4
8175,25-11-2021,Men's Apparel,Northeast,Foot Locker,Outlet,Pennsylvania,43,21,5
8176,07-04-2021,Men's Apparel,Northeast,Foot Locker,Outlet,Rhode Island,33,5,2
8177,08-10-2021,Men's Apparel,Northeast,Foot Locker,Outlet,Rhode Island,40,9,2
8178,06-07-2021,Men's Apparel,Northeast,Foot Locker,Outlet,Rhode Island,33,22,7
8179,08-06-2021,Men's Apparel,Northeast,Foot Locker,Outlet,Rhode Island,39,26,7
8180,06-03-2021,Men's Apparel,Northeast,Foot Locker,Outlet,Rhode Island,33,8,3
8181,06-09-2021,Men's Apparel,Northeast,Foot Locker,Outlet,Rhode Island,34,11,3
8182,08-02-2021,Men's Apparel,Northeast,Foot Locker,Outlet,Rhode Island,34,14,4
8183,07-08-2021,Men's Apparel,Northeast,Foot Locker,Outlet,Rhode Island,37,15,4
8184,06-05-2021,Men's Apparel,Northeast,Foot Locker,Outlet,Rhode Island,40,22,5
8185,08-02-2021,Men's Athletic Footwear,Northeast,Foot Locker,Outlet,Connecticut,24,10,4
8186,10-01-2021,Men's Athletic Footwear,Northeast,Foot Locker,Outlet,Connecticut,28,22,8
8187,03-12-2021,Men's Athletic Footwear,Northeast,Foot Locker,Outlet,Connecticut,37,48,13
8188,04-11-2021,Men's Athletic Footwear,Northeast,Foot Locker,Outlet,Connecticut,37,39,11
8189,22-02-2021,Men's Athletic Footwear,Northeast,Foot Locker,Outlet,New Hampshire,55,1238,23
8190,24-01-2021,Men's Athletic Footwear,Northeast,Foot Locker,Outlet,New Hampshire,55,1650,30
8191,24-01-2021,Men's Athletic Footwear,Northeast,Foot Locker,Outlet,New Hampshire,36,33,9
8192,19-10-2021,Men's Athletic Footwear,Northeast,Foot Locker,Outlet,New Hampshire,65,1950,30
8193,18-11-2021,Men's Athletic Footwear,Northeast,Foot Locker,Outlet,New Hampshire,65,2113,33
8194,17-12-2021,Men's Athletic Footwear,Northeast,Foot Locker,Outlet,New Hampshire,65,2763,43
8195,22-02-2021,Men's Athletic Footwear,Northeast,Foot Locker,Outlet,New Hampshire,42,29,7
8196,17-12-2021,Men's Athletic Footwear,Northeast,Foot Locker,Outlet,New Hampshire,49,63,13
8197,18-11-2021,Men's Athletic Footwear,Northeast,Foot Locker,Outlet,New Hampshire,42,48,11
8198,19-10-2021,Men's Athletic Footwear,Northeast,Foot Locker,Outlet,New Hampshire,44,44,10
8199,01-02-2020,Men's Athletic Footwear,Northeast,Foot Locker,Outlet,New York,35,110,32
8200,08-01-2020,Men's Athletic Footwear,Northeast,Foot Locker,Outlet,New York,39,123,32
8201,17-03-2020,Men's Athletic Footwear,Northeast,Foot Locker,Outlet,New York,37,133,36
8202,05-03-2020,Men's Athletic Footwear,Northeast,Foot Locker,Outlet,New York,41,139,34
8203,02-01-2020,Men's Athletic Footwear,Northeast,Foot Locker,Outlet,New York,36,115,32
8204,07-02-2020,Men's Athletic Footwear,Northeast,Foot Locker,Outlet,New York,37,110,30
8205,26-01-2020,Men's Athletic Footwear,Northeast,Foot Locker,Outlet,New York,35,110,32
8206,11-03-2020,Men's Athletic Footwear,Northeast,Foot Locker,Outlet,New York,41,130,32
8207,16-12-2021,Men's Athletic Footwear,Northeast,Foot Locker,Outlet,Pennsylvania,35,24,7
8208,10-11-2021,Men's Athletic Footwear,Northeast,Foot Locker,Outlet,Pennsylvania,37,19,5
8209,16-11-2021,Men's Athletic Footwear,Northeast,Foot Locker,Outlet,Pennsylvania,40,22,5
8210,10-12-2021,Men's Athletic Footwear,Northeast,Foot Locker,Outlet,Pennsylvania,40,36,9
8211,04-11-2021,Men's Athletic Footwear,Northeast,Foot Locker,Outlet,Pennsylvania,33,17,5
8212,22-11-2021,Men's Athletic Footwear,Northeast,Foot Locker,Outlet,Pennsylvania,41,35,9
8213,28-11-2021,Men's Athletic Footwear,Northeast,Foot Locker,Outlet,Pennsylvania,45,45,10
8214,29-10-2021,Men's Athletic Footwear,Northeast,Foot Locker,Outlet,Pennsylvania,32,14,4
8215,28-12-2021,Men's Athletic Footwear,Northeast,Foot Locker,Outlet,Pennsylvania,47,40,9
8216,22-12-2021,Men's Athletic Footwear,Northeast,Foot Locker,Outlet,Pennsylvania,43,29,7
8217,04-12-2021,Men's Athletic Footwear,Northeast,Foot Locker,Outlet,Pennsylvania,44,45,10
8218,06-09-2021,Men's Athletic Footwear,Northeast,Foot Locker,Outlet,Rhode Island,30,24,8
8219,06-05-2021,Men's Athletic Footwear,Northeast,Foot Locker,Outlet,Rhode Island,32,19,6
8220,06-07-2021,Men's Athletic Footwear,Northeast,Foot Locker,Outlet,Rhode Island,32,36,11
8221,07-08-2021,Men's Athletic Footwear,Northeast,Foot Locker,Outlet,Rhode Island,31,34,11
8222,08-10-2021,Men's Athletic Footwear,Northeast,Foot Locker,Outlet,Rhode Island,38,26,7
8223,06-03-2021,Men's Athletic Footwear,Northeast,Foot Locker,Outlet,Rhode Island,27,12,5
8224,08-06-2021,Men's Athletic Footwear,Northeast,Foot Locker,Outlet,Rhode Island,35,37,11
8225,07-04-2021,Men's Athletic Footwear,Northeast,Foot Locker,Outlet,Rhode Island,23,9,4
8226,08-02-2021,Men's Street Footwear,Northeast,Foot Locker,Outlet,Connecticut,24,39,16
8227,10-01-2021,Men's Street Footwear,Northeast,Foot Locker,Outlet,Connecticut,23,34,15
8228,03-12-2021,Men's Street Footwear,Northeast,Foot Locker,Outlet,Connecticut,45,78,17
8229,04-11-2021,Men's Street Footwear,Northeast,Foot Locker,Outlet,Connecticut,51,76,15
8230,24-01-2021,Men's Street Footwear,Northeast,Foot Locker,Outlet,New Hampshire,55,2750,50
8231,22-02-2021,Men's Street Footwear,Northeast,Foot Locker,Outlet,New Hampshire,55,3163,58
8232,24-01-2021,Men's Street Footwear,Northeast,Foot Locker,Outlet,New Hampshire,36,59,17
8233,22-02-2021,Men's Street Footwear,Northeast,Foot Locker,Outlet,New Hampshire,41,75,18
8234,19-10-2021,Men's Street Footwear,Northeast,Foot Locker,Outlet,New Hampshire,70,3325,48
8235,18-11-2021,Men's Street Footwear,Northeast,Foot Locker,Outlet,New Hampshire,75,3375,45
8236,17-12-2021,Men's Street Footwear,Northeast,Foot Locker,Outlet,New Hampshire,75,4688,63
8237,19-10-2021,Men's Street Footwear,Northeast,Foot Locker,Outlet,New Hampshire,52,84,16
8238,18-11-2021,Men's Street Footwear,Northeast,Foot Locker,Outlet,New Hampshire,59,88,15
8239,17-12-2021,Men's Street Footwear,Northeast,Foot Locker,Outlet,New Hampshire,49,98,20
8240,07-01-2020,Men's Street Footwear,Northeast,Foot Locker,Outlet,New York,33,128,39
8241,01-01-2020,Men's Street Footwear,Northeast,Foot Locker,Outlet,New York,34,131,38
8242,25-01-2020,Men's Street Footwear,Northeast,Foot Locker,Outlet,New York,40,156,39
8243,16-03-2020,Men's Street Footwear,Northeast,Foot Locker,Outlet,New York,41,154,38
8244,06-02-2020,Men's Street Footwear,Northeast,Foot Locker,Outlet,New York,44,161,37
8245,10-03-2020,Men's Street Footwear,Northeast,Foot Locker,Outlet,New York,44,191,43
8246,04-03-2020,Men's Street Footwear,Northeast,Foot Locker,Outlet,New York,47,188,40
8247,31-01-2020,Men's Street Footwear,Northeast,Foot Locker,Outlet,New York,33,123,37
8248,15-11-2021,Men's Street Footwear,Northeast,Foot Locker,Outlet,Pennsylvania,44,66,15
8249,09-12-2021,Men's Street Footwear,Northeast,Foot Locker,Outlet,Pennsylvania,46,75,16
8250,15-12-2021,Men's Street Footwear,Northeast,Foot Locker,Outlet,Pennsylvania,47,58,12
8251,09-11-2021,Men's Street Footwear,Northeast,Foot Locker,Outlet,Pennsylvania,35,49,14
8252,21-11-2021,Men's Street Footwear,Northeast,Foot Locker,Outlet,Pennsylvania,49,83,17
8253,27-11-2021,Men's Street Footwear,Northeast,Foot Locker,Outlet,Pennsylvania,49,86,18
8254,03-11-2021,Men's Street Footwear,Northeast,Foot Locker,Outlet,Pennsylvania,39,61,16
8255,03-12-2021,Men's Street Footwear,Northeast,Foot Locker,Outlet,Pennsylvania,51,91,18
8256,28-10-2021,Men's Street Footwear,Northeast,Foot Locker,Outlet,Pennsylvania,32,53,17
8257,21-12-2021,Men's Street Footwear,Northeast,Foot Locker,Outlet,Pennsylvania,48,60,12
8258,27-12-2021,Men's Street Footwear,Northeast,Foot Locker,Outlet,Pennsylvania,53,76,14
8259,06-03-2021,Men's Street Footwear,Northeast,Foot Locker,Outlet,Rhode Island,26,41,16
8260,06-07-2021,Men's Street Footwear,Northeast,Foot Locker,Outlet,Rhode Island,38,66,17
8261,08-06-2021,Men's Street Footwear,Northeast,Foot Locker,Outlet,Rhode Island,36,63,18
8262,08-10-2021,Men's Street Footwear,Northeast,Foot Locker,Outlet,Rhode Island,37,42,11
8263,07-08-2021,Men's Street Footwear,Northeast,Foot Locker,Outlet,Rhode Island,38,69,18
8264,06-05-2021,Men's Street Footwear,Northeast,Foot Locker,Outlet,Rhode Island,39,59,15
8265,07-04-2021,Men's Street Footwear,Northeast,Foot Locker,Outlet,Rhode Island,28,37,13
8266,06-09-2021,Men's Street Footwear,Northeast,Foot Locker,Outlet,Rhode Island,39,50,13
8267,03-12-2021,Women's Apparel,Northeast,Foot Locker,Outlet,Connecticut,52,62,12
8268,04-11-2021,Women's Apparel,Northeast,Foot Locker,Outlet,Connecticut,52,60,12
8269,05-10-2021,Women's Apparel,Northeast,Foot Locker,Outlet,Connecticut,46,43,9
8270,10-01-2021,Women's Apparel,Northeast,Foot Locker,Outlet,Connecticut,26,19,7
8271,24-01-2021,Women's Apparel,Northeast,Foot Locker,Outlet,New Hampshire,55,1650,30
8272,24-01-2021,Women's Apparel,Northeast,Foot Locker,Outlet,New Hampshire,41,43,11
8273,19-10-2021,Women's Apparel,Northeast,Foot Locker,Outlet,New Hampshire,80,2400,30
8274,18-11-2021,Women's Apparel,Northeast,Foot Locker,Outlet,New Hampshire,80,3200,40
8275,17-12-2021,Women's Apparel,Northeast,Foot Locker,Outlet,New Hampshire,80,3600,45
8276,19-10-2021,Women's Apparel,Northeast,Foot Locker,Outlet,New Hampshire,64,58,9
8277,17-12-2021,Women's Apparel,Northeast,Foot Locker,Outlet,New Hampshire,61,88,14
8278,18-11-2021,Women's Apparel,Northeast,Foot Locker,Outlet,New Hampshire,61,73,12
8279,30-01-2020,Women's Apparel,Northeast,Foot Locker,Outlet,New York,36,116,32
8280,05-02-2020,Women's Apparel,Northeast,Foot Locker,Outlet,New York,39,130,33
8281,15-03-2020,Women's Apparel,Northeast,Foot Locker,Outlet,New York,47,165,35
8282,24-01-2020,Women's Apparel,Northeast,Foot Locker,Outlet,New York,36,126,35
8283,03-03-2020,Women's Apparel,Northeast,Foot Locker,Outlet,New York,44,141,32
8284,06-01-2020,Women's Apparel,Northeast,Foot Locker,Outlet,New York,38,125,33
8285,09-03-2020,Women's Apparel,Northeast,Foot Locker,Outlet,New York,46,160,35
8286,14-11-2021,Women's Apparel,Northeast,Foot Locker,Outlet,Pennsylvania,39,25,6
8287,08-11-2021,Women's Apparel,Northeast,Foot Locker,Outlet,Pennsylvania,38,23,6
8288,14-12-2021,Women's Apparel,Northeast,Foot Locker,Outlet,Pennsylvania,48,38,8
8289,20-12-2021,Women's Apparel,Northeast,Foot Locker,Outlet,Pennsylvania,42,31,7
8290,01-01-2020,Women's Apparel,Northeast,Foot Locker,Outlet,Pennsylvania,53,44,8
8291,27-10-2021,Women's Apparel,Northeast,Foot Locker,Outlet,Pennsylvania,32,22,7
8292,02-11-2021,Women's Apparel,Northeast,Foot Locker,Outlet,Pennsylvania,30,22,7
8293,26-11-2021,Women's Apparel,Northeast,Foot Locker,Outlet,Pennsylvania,52,55,11
8294,08-12-2021,Women's Apparel,Northeast,Foot Locker,Outlet,Pennsylvania,49,60,12
8295,02-12-2021,Women's Apparel,Northeast,Foot Locker,Outlet,Pennsylvania,50,58,12
8296,26-12-2021,Women's Apparel,Northeast,Foot Locker,Outlet,Pennsylvania,53,40,8
8297,20-11-2021,Women's Apparel,Northeast,Foot Locker,Outlet,Pennsylvania,51,40,8
8298,06-07-2021,Women's Apparel,Northeast,Foot Locker,Outlet,Rhode Island,38,52,14
8299,06-03-2021,Women's Apparel,Northeast,Foot Locker,Outlet,Rhode Island,25,15,6
8300,07-04-2021,Women's Apparel,Northeast,Foot Locker,Outlet,Rhode Island,26,16,6
8301,06-05-2021,Women's Apparel,Northeast,Foot Locker,Outlet,Rhode Island,36,33,9
8302,06-09-2021,Women's Apparel,Northeast,Foot Locker,Outlet,Rhode Island,41,26,6
8303,08-06-2021,Women's Apparel,Northeast,Foot Locker,Outlet,Rhode Island,43,51,12
8304,08-02-2021,Women's Apparel,Northeast,Foot Locker,Outlet,Rhode Island,27,21,8
8305,07-08-2021,Women's Apparel,Northeast,Foot Locker,Outlet,Rhode Island,38,36,10
8306,03-12-2021,Women's Athletic Footwear,Northeast,Foot Locker,Outlet,Connecticut,38,36,10
8307,04-11-2021,Women's Athletic Footwear,Northeast,Foot Locker,Outlet,Connecticut,39,32,8
8308,10-01-2021,Women's Athletic Footwear,Northeast,Foot Locker,Outlet,Connecticut,24,6,2
8309,24-01-2021,Women's Athletic Footwear,Northeast,Foot Locker,Outlet,New Hampshire,50,750,15
8310,24-01-2021,Women's Athletic Footwear,Northeast,Foot Locker,Outlet,New Hampshire,33,17,5
8311,19-10-2021,Women's Athletic Footwear,Northeast,Foot Locker,Outlet,New Hampshire,65,1138,18
8312,18-11-2021,Women's Athletic Footwear,Northeast,Foot Locker,Outlet,New Hampshire,65,2113,33
8313,17-12-2021,Women's Athletic Footwear,Northeast,Foot Locker,Outlet,New Hampshire,65,2275,35
8314,19-10-2021,Women's Athletic Footwear,Northeast,Foot Locker,Outlet,New Hampshire,44,27,6
8315,18-11-2021,Women's Athletic Footwear,Northeast,Foot Locker,Outlet,New Hampshire,43,49,11
8316,17-12-2021,Women's Athletic Footwear,Northeast,Foot Locker,Outlet,New Hampshire,49,57,12
8317,03-02-2020,Women's Athletic Footwear,Northeast,Foot Locker,Outlet,New York,31,90,29
8318,13-03-2020,Women's Athletic Footwear,Northeast,Foot Locker,Outlet,New York,35,95,27
8319,04-01-2020,Women's Athletic Footwear,Northeast,Foot Locker,Outlet,New York,36,101,28
8320,22-01-2020,Women's Athletic Footwear,Northeast,Foot Locker,Outlet,New York,32,79,25
8321,07-03-2020,Women's Athletic Footwear,Northeast,Foot Locker,Outlet,New York,38,113,30
8322,28-01-2020,Women's Athletic Footwear,Northeast,Foot Locker,Outlet,New York,31,74,24
8323,09-02-2020,Women's Athletic Footwear,Northeast,Foot Locker,Outlet,New York,33,95,29
8324,31-03-2020,Women's Athletic Footwear,Northeast,Foot Locker,Outlet,New York,40,130,32
8325,12-11-2021,Women's Athletic Footwear,Northeast,Foot Locker,Outlet,Pennsylvania,36,9,2
8326,18-12-2021,Women's Athletic Footwear,Northeast,Foot Locker,Outlet,Pennsylvania,40,14,3
8327,18-11-2021,Women's Athletic Footwear,Northeast,Foot Locker,Outlet,Pennsylvania,42,14,3
8328,12-12-2021,Women's Athletic Footwear,Northeast,Foot Locker,Outlet,Pennsylvania,32,17,5
8329,31-10-2021,Women's Athletic Footwear,Northeast,Foot Locker,Outlet,Pennsylvania,28,5,2
8330,06-11-2021,Women's Athletic Footwear,Northeast,Foot Locker,Outlet,Pennsylvania,32,3,1
8331,30-12-2021,Women's Athletic Footwear,Northeast,Foot Locker,Outlet,Pennsylvania,40,21,5
8332,24-12-2021,Women's Athletic Footwear,Northeast,Foot Locker,Outlet,Pennsylvania,43,26,6
8333,06-12-2021,Women's Athletic Footwear,Northeast,Foot Locker,Outlet,Pennsylvania,43,27,6
8334,30-11-2021,Women's Athletic Footwear,Northeast,Foot Locker,Outlet,Pennsylvania,39,22,6
8335,24-11-2021,Women's Athletic Footwear,Northeast,Foot Locker,Outlet,Pennsylvania,43,23,5
8336,07-08-2021,Women's Athletic Footwear,Northeast,Foot Locker,Outlet,Rhode Island,29,14,5
8337,08-02-2021,Women's Athletic Footwear,Northeast,Foot Locker,Outlet,Rhode Island,20,3,2
8338,07-04-2021,Women's Athletic Footwear,Northeast,Foot Locker,Outlet,Rhode Island,21,4,2
8339,08-10-2021,Women's Athletic Footwear,Northeast,Foot Locker,Outlet,Rhode Island,39,9,2
8340,08-06-2021,Women's Athletic Footwear,Northeast,Foot Locker,Outlet,Rhode Island,26,18,7
8341,06-05-2021,Women's Athletic Footwear,Northeast,Foot Locker,Outlet,Rhode Island,27,14,5
8342,06-09-2021,Women's Athletic Footwear,Northeast,Foot Locker,Outlet,Rhode Island,30,10,3
8343,06-07-2021,Women's Athletic Footwear,Northeast,Foot Locker,Outlet,Rhode Island,31,19,6
8344,06-03-2021,Women's Athletic Footwear,Northeast,Foot Locker,Outlet,Rhode Island,20,2,1
8345,03-12-2021,Women's Street Footwear,Northeast,Foot Locker,Outlet,Connecticut,43,50,12
8346,04-11-2021,Women's Street Footwear,Northeast,Foot Locker,Outlet,Connecticut,36,37,10
8347,10-01-2021,Women's Street Footwear,Northeast,Foot Locker,Outlet,Connecticut,19,14,7
8348,08-02-2021,Women's Street Footwear,Northeast,Foot Locker,Outlet,Connecticut,18,10,5
8349,22-02-2021,Women's Street Footwear,Northeast,Foot Locker,Outlet,New Hampshire,45,1238,28
8350,24-01-2021,Women's Street Footwear,Northeast,Foot Locker,Outlet,New Hampshire,45,1350,30
8351,22-02-2021,Women's Street Footwear,Northeast,Foot Locker,Outlet,New Hampshire,29,24,8
8352,24-01-2021,Women's Street Footwear,Northeast,Foot Locker,Outlet,New Hampshire,35,35,10
8353,19-10-2021,Women's Street Footwear,Northeast,Foot Locker,Outlet,New Hampshire,65,1300,20
8354,18-11-2021,Women's Street Footwear,Northeast,Foot Locker,Outlet,New Hampshire,65,2243,35
8355,17-12-2021,Women's Street Footwear,Northeast,Foot Locker,Outlet,New Hampshire,65,2600,40
8356,19-10-2021,Women's Street Footwear,Northeast,Foot Locker,Outlet,New Hampshire,52,31,6
8357,18-11-2021,Women's Street Footwear,Northeast,Foot Locker,Outlet,New Hampshire,51,58,11
8358,17-12-2021,Women's Street Footwear,Northeast,Foot Locker,Outlet,New Hampshire,47,60,13
8359,03-01-2020,Women's Street Footwear,Northeast,Foot Locker,Outlet,New York,32,112,35
8360,18-03-2020,Women's Street Footwear,Northeast,Foot Locker,Outlet,New York,37,116,31
8361,02-02-2020,Women's Street Footwear,Northeast,Foot Locker,Outlet,New York,28,88,32
8362,21-01-2020,Women's Street Footwear,Northeast,Foot Locker,Outlet,New York,32,103,32
8363,27-01-2020,Women's Street Footwear,Northeast,Foot Locker,Outlet,New York,27,85,31
8364,06-03-2020,Women's Street Footwear,Northeast,Foot Locker,Outlet,New York,37,110,30
8365,12-03-2020,Women's Street Footwear,Northeast,Foot Locker,Outlet,New York,35,103,30
8366,08-02-2020,Women's Street Footwear,Northeast,Foot Locker,Outlet,New York,36,104,29
8367,17-11-2021,Women's Street Footwear,Northeast,Foot Locker,Outlet,Pennsylvania,38,20,5
8368,17-12-2021,Women's Street Footwear,Northeast,Foot Locker,Outlet,Pennsylvania,38,14,4
8369,11-12-2021,Women's Street Footwear,Northeast,Foot Locker,Outlet,Pennsylvania,32,19,6
8370,11-11-2021,Women's Street Footwear,Northeast,Foot Locker,Outlet,Pennsylvania,27,14,5
8371,23-11-2021,Women's Street Footwear,Northeast,Foot Locker,Outlet,Pennsylvania,42,23,5
8372,29-11-2021,Women's Street Footwear,Northeast,Foot Locker,Outlet,Pennsylvania,43,31,7
8373,29-12-2021,Women's Street Footwear,Northeast,Foot Locker,Outlet,Pennsylvania,44,35,8
8374,23-12-2021,Women's Street Footwear,Northeast,Foot Locker,Outlet,Pennsylvania,47,31,7
8375,30-10-2021,Women's Street Footwear,Northeast,Foot Locker,Outlet,Pennsylvania,25,14,5
8376,05-11-2021,Women's Street Footwear,Northeast,Foot Locker,Outlet,Pennsylvania,29,17,6
8377,05-12-2021,Women's Street Footwear,Northeast,Foot Locker,Outlet,Pennsylvania,38,30,8
8378,07-04-2021,Women's Street Footwear,Northeast,Foot Locker,Outlet,Rhode Island,16,7,4
8379,06-05-2021,Women's Street Footwear,Northeast,Foot Locker,Outlet,Rhode Island,32,19,6
8380,08-06-2021,Women's Street Footwear,Northeast,Foot Locker,Outlet,Rhode Island,32,24,7
8381,06-09-2021,Women's Street Footwear,Northeast,Foot Locker,Outlet,Rhode Island,29,11,4
8382,07-08-2021,Women's Street Footwear,Northeast,Foot Locker,Outlet,Rhode Island,30,26,9
8383,08-10-2021,Women's Street Footwear,Northeast,Foot Locker,Outlet,Rhode Island,40,12,3
8384,06-07-2021,Women's Street Footwear,Northeast,Foot Locker,Outlet,Rhode Island,27,21,8
8385,06-03-2021,Women's Street Footwear,Northeast,Foot Locker,Outlet,Rhode Island,17,10,6
8386,05-06-2021,Men's Apparel,Northeast,Sports Direct,Outlet,Connecticut,36,33,9
8387,04-08-2021,Men's Apparel,Northeast,Sports Direct,Outlet,Connecticut,43,27,6
8388,03-07-2021,Men's Apparel,Northeast,Sports Direct,Outlet,Connecticut,43,40,9
8389,05-10-2021,Men's Apparel,Northeast,Sports Direct,Outlet,Connecticut,50,23,5
8390,04-04-2021,Men's Apparel,Northeast,Sports Direct,Outlet,Connecticut,37,15,4
8391,03-03-2021,Men's Apparel,Northeast,Sports Direct,Outlet,Connecticut,39,21,5
8392,03-05-2021,Men's Apparel,Northeast,Sports Direct,Outlet,Connecticut,37,31,8
8393,03-09-2021,Men's Apparel,Northeast,Sports Direct,Outlet,Connecticut,41,24,6
8394,05-02-2021,Men's Apparel,Northeast,Sports Direct,Outlet,Connecticut,39,26,7
8395,14-04-2021,Men's Apparel,Northeast,Sports Direct,Outlet,Massachusetts,33,15,4
8396,15-02-2021,Men's Apparel,Northeast,Sports Direct,Outlet,Massachusetts,36,19,5
8397,14-08-2021,Men's Apparel,Northeast,Sports Direct,Outlet,Massachusetts,40,20,5
8398,13-05-2021,Men's Apparel,Northeast,Sports Direct,Outlet,Massachusetts,39,23,6
8399,15-10-2021,Men's Apparel,Northeast,Sports Direct,Outlet,Massachusetts,51,17,3
8400,13-03-2021,Men's Apparel,Northeast,Sports Direct,Outlet,Massachusetts,36,11,3
8401,13-09-2021,Men's Apparel,Northeast,Sports Direct,Outlet,Massachusetts,39,16,4
8402,13-07-2021,Men's Apparel,Northeast,Sports Direct,Outlet,Massachusetts,41,33,8
8403,15-06-2021,Men's Apparel,Northeast,Sports Direct,Outlet,Massachusetts,39,29,7
8404,17-01-2021,Men's Apparel,Northeast,Sports Direct,Outlet,Rhode Island,39,18,5
8405,07-11-2021,Men's Apparel,Northeast,Sports Direct,Outlet,Rhode Island,43,26,6
8406,06-12-2021,Men's Apparel,Northeast,Sports Direct,Outlet,Rhode Island,41,30,7
8407,03-07-2021,Men's Athletic Footwear,Northeast,Sports Direct,Outlet,Connecticut,38,46,12
8408,04-08-2021,Men's Athletic Footwear,Northeast,Sports Direct,Outlet,Connecticut,34,44,13
8409,04-04-2021,Men's Athletic Footwear,Northeast,Sports Direct,Outlet,Connecticut,30,19,6
8410,03-05-2021,Men's Athletic Footwear,Northeast,Sports Direct,Outlet,Connecticut,35,29,8
8411,05-10-2021,Men's Athletic Footwear,Northeast,Sports Direct,Outlet,Connecticut,39,37,9
8412,03-03-2021,Men's Athletic Footwear,Northeast,Sports Direct,Outlet,Connecticut,32,22,7
8413,05-06-2021,Men's Athletic Footwear,Northeast,Sports Direct,Outlet,Connecticut,38,47,12
8414,03-09-2021,Men's Athletic Footwear,Northeast,Sports Direct,Outlet,Connecticut,40,37,9
8415,14-08-2021,Men's Athletic Footwear,Northeast,Sports Direct,Outlet,Massachusetts,33,37,11
8416,15-06-2021,Men's Athletic Footwear,Northeast,Sports Direct,Outlet,Massachusetts,36,41,11
8417,13-03-2021,Men's Athletic Footwear,Northeast,Sports Direct,Outlet,Massachusetts,31,19,6
8418,15-10-2021,Men's Athletic Footwear,Northeast,Sports Direct,Outlet,Massachusetts,37,25,7
8419,14-04-2021,Men's Athletic Footwear,Northeast,Sports Direct,Outlet,Massachusetts,28,14,5
8420,13-05-2021,Men's Athletic Footwear,Northeast,Sports Direct,Outlet,Massachusetts,34,23,7
8421,13-09-2021,Men's Athletic Footwear,Northeast,Sports Direct,Outlet,Massachusetts,35,31,9
8422,13-07-2021,Men's Athletic Footwear,Northeast,Sports Direct,Outlet,Massachusetts,36,38,11
8423,17-01-2021,Men's Athletic Footwear,Northeast,Sports Direct,Outlet,Rhode Island,28,25,9
8424,15-02-2021,Men's Athletic Footwear,Northeast,Sports Direct,Outlet,Rhode Island,31,16,5
8425,06-12-2021,Men's Athletic Footwear,Northeast,Sports Direct,Outlet,Rhode Island,37,38,10
8426,07-11-2021,Men's Athletic Footwear,Northeast,Sports Direct,Outlet,Rhode Island,40,30,7
8427,04-08-2021,Men's Street Footwear,Northeast,Sports Direct,Outlet,Connecticut,40,78,19
8428,05-10-2021,Men's Street Footwear,Northeast,Sports Direct,Outlet,Connecticut,46,70,15
8429,03-03-2021,Men's Street Footwear,Northeast,Sports Direct,Outlet,Connecticut,26,47,18
8430,03-05-2021,Men's Street Footwear,Northeast,Sports Direct,Outlet,Connecticut,40,76,19
8431,03-07-2021,Men's Street Footwear,Northeast,Sports Direct,Outlet,Connecticut,42,82,20
8432,04-04-2021,Men's Street Footwear,Northeast,Sports Direct,Outlet,Connecticut,28,43,16
8433,05-06-2021,Men's Street Footwear,Northeast,Sports Direct,Outlet,Connecticut,40,82,21
8434,03-09-2021,Men's Street Footwear,Northeast,Sports Direct,Outlet,Connecticut,43,73,17
8435,14-04-2021,Men's Street Footwear,Northeast,Sports Direct,Outlet,Massachusetts,28,42,15
8436,13-07-2021,Men's Street Footwear,Northeast,Sports Direct,Outlet,Massachusetts,37,67,18
8437,15-10-2021,Men's Street Footwear,Northeast,Sports Direct,Outlet,Massachusetts,40,53,13
8438,14-08-2021,Men's Street Footwear,Northeast,Sports Direct,Outlet,Massachusetts,40,78,20
8439,13-03-2021,Men's Street Footwear,Northeast,Sports Direct,Outlet,Massachusetts,28,43,16
8440,13-09-2021,Men's Street Footwear,Northeast,Sports Direct,Outlet,Massachusetts,36,55,15
8441,15-06-2021,Men's Street Footwear,Northeast,Sports Direct,Outlet,Massachusetts,39,76,20
8442,13-05-2021,Men's Street Footwear,Northeast,Sports Direct,Outlet,Massachusetts,41,71,17
8443,17-01-2021,Men's Street Footwear,Northeast,Sports Direct,Outlet,Rhode Island,28,39,14
8444,15-02-2021,Men's Street Footwear,Northeast,Sports Direct,Outlet,Rhode Island,26,40,16
8445,06-12-2021,Men's Street Footwear,Northeast,Sports Direct,Outlet,Rhode Island,48,77,16
8446,07-11-2021,Men's Street Footwear,Northeast,Sports Direct,Outlet,Rhode Island,40,42,11
8447,03-07-2021,Women's Apparel,Northeast,Sports Direct,Outlet,Connecticut,40,61,15
8448,04-08-2021,Women's Apparel,Northeast,Sports Direct,Outlet,Connecticut,44,55,12
8449,03-03-2021,Women's Apparel,Northeast,Sports Direct,Outlet,Connecticut,29,25,9
8450,05-02-2021,Women's Apparel,Northeast,Sports Direct,Outlet,Connecticut,32,31,10
8451,05-06-2021,Women's Apparel,Northeast,Sports Direct,Outlet,Connecticut,39,50,13
8452,04-04-2021,Women's Apparel,Northeast,Sports Direct,Outlet,Connecticut,26,24,9
8453,03-05-2021,Women's Apparel,Northeast,Sports Direct,Outlet,Connecticut,41,52,13
8454,03-09-2021,Women's Apparel,Northeast,Sports Direct,Outlet,Connecticut,45,37,8
8455,15-02-2021,Women's Apparel,Northeast,Sports Direct,Outlet,Massachusetts,30,24,8
8456,13-07-2021,Women's Apparel,Northeast,Sports Direct,Outlet,Massachusetts,41,54,13
8457,13-09-2021,Women's Apparel,Northeast,Sports Direct,Outlet,Massachusetts,41,32,8
8458,13-05-2021,Women's Apparel,Northeast,Sports Direct,Outlet,Massachusetts,43,45,10
8459,14-08-2021,Women's Apparel,Northeast,Sports Direct,Outlet,Massachusetts,46,45,10
8460,15-06-2021,Women's Apparel,Northeast,Sports Direct,Outlet,Massachusetts,47,56,12
8461,14-04-2021,Women's Apparel,Northeast,Sports Direct,Outlet,Massachusetts,30,28,9
8462,13-03-2021,Women's Apparel,Northeast,Sports Direct,Outlet,Massachusetts,31,21,7
8463,17-01-2021,Women's Apparel,Northeast,Sports Direct,Outlet,Rhode Island,26,22,8
8464,06-12-2021,Women's Apparel,Northeast,Sports Direct,Outlet,Rhode Island,51,57,11
8465,07-11-2021,Women's Apparel,Northeast,Sports Direct,Outlet,Rhode Island,46,38,8
8466,08-10-2021,Women's Apparel,Northeast,Sports Direct,Outlet,Rhode Island,47,31,7
8467,04-04-2021,Women's Athletic Footwear,Northeast,Sports Direct,Outlet,Connecticut,26,11,4
8468,03-03-2021,Women's Athletic Footwear,Northeast,Sports Direct,Outlet,Connecticut,27,9,3
8469,05-02-2021,Women's Athletic Footwear,Northeast,Sports Direct,Outlet,Connecticut,24,9,4
8470,04-08-2021,Women's Athletic Footwear,Northeast,Sports Direct,Outlet,Connecticut,32,23,7
8471,03-05-2021,Women's Athletic Footwear,Northeast,Sports Direct,Outlet,Connecticut,32,24,7
8472,03-09-2021,Women's Athletic Footwear,Northeast,Sports Direct,Outlet,Connecticut,30,17,6
8473,05-06-2021,Women's Athletic Footwear,Northeast,Sports Direct,Outlet,Connecticut,35,30,9
8474,03-07-2021,Women's Athletic Footwear,Northeast,Sports Direct,Outlet,Connecticut,34,32,9
8475,05-10-2021,Women's Athletic Footwear,Northeast,Sports Direct,Outlet,Connecticut,43,19,5
8476,13-09-2021,Women's Athletic Footwear,Northeast,Sports Direct,Outlet,Massachusetts,34,13,4
8477,15-10-2021,Women's Athletic Footwear,Northeast,Sports Direct,Outlet,Massachusetts,38,12,3
8478,14-04-2021,Women's Athletic Footwear,Northeast,Sports Direct,Outlet,Massachusetts,23,9,4
8479,13-03-2021,Women's Athletic Footwear,Northeast,Sports Direct,Outlet,Massachusetts,25,23,9
8480,14-08-2021,Women's Athletic Footwear,Northeast,Sports Direct,Outlet,Massachusetts,31,18,6
8481,15-06-2021,Women's Athletic Footwear,Northeast,Sports Direct,Outlet,Massachusetts,34,24,7
8482,13-05-2021,Women's Athletic Footwear,Northeast,Sports Direct,Outlet,Massachusetts,32,17,5
8483,15-02-2021,Women's Athletic Footwear,Northeast,Sports Direct,Outlet,Massachusetts,27,20,8
8484,13-07-2021,Women's Athletic Footwear,Northeast,Sports Direct,Outlet,Massachusetts,34,26,8
8485,17-01-2021,Women's Athletic Footwear,Northeast,Sports Direct,Outlet,Rhode Island,25,8,3
8486,06-12-2021,Women's Athletic Footwear,Northeast,Sports Direct,Outlet,Rhode Island,34,26,8
8487,07-11-2021,Women's Athletic Footwear,Northeast,Sports Direct,Outlet,Rhode Island,36,24,7
8488,03-03-2021,Women's Street Footwear,Northeast,Sports Direct,Outlet,Connecticut,23,17,8
8489,03-09-2021,Women's Street Footwear,Northeast,Sports Direct,Outlet,Connecticut,33,21,6
8490,05-06-2021,Women's Street Footwear,Northeast,Sports Direct,Outlet,Connecticut,35,34,10
8491,03-07-2021,Women's Street Footwear,Northeast,Sports Direct,Outlet,Connecticut,29,32,11
8492,03-05-2021,Women's Street Footwear,Northeast,Sports Direct,Outlet,Connecticut,32,27,8
8493,04-08-2021,Women's Street Footwear,Northeast,Sports Direct,Outlet,Connecticut,36,39,11
8494,04-04-2021,Women's Street Footwear,Northeast,Sports Direct,Outlet,Connecticut,20,13,6
8495,05-10-2021,Women's Street Footwear,Northeast,Sports Direct,Outlet,Connecticut,36,22,6
8496,13-09-2021,Women's Street Footwear,Northeast,Sports Direct,Outlet,Massachusetts,30,14,5
8497,13-07-2021,Women's Street Footwear,Northeast,Sports Direct,Outlet,Massachusetts,32,28,9
8498,15-10-2021,Women's Street Footwear,Northeast,Sports Direct,Outlet,Massachusetts,41,16,4
8499,14-04-2021,Women's Street Footwear,Northeast,Sports Direct,Outlet,Massachusetts,22,11,5
8500,14-08-2021,Women's Street Footwear,Northeast,Sports Direct,Outlet,Massachusetts,29,25,9
8501,13-05-2021,Women's Street Footwear,Northeast,Sports Direct,Outlet,Massachusetts,30,20,7
8502,15-06-2021,Women's Street Footwear,Northeast,Sports Direct,Outlet,Massachusetts,36,27,8
8503,13-03-2021,Women's Street Footwear,Northeast,Sports Direct,Outlet,Massachusetts,23,14,6
8504,17-01-2021,Women's Street Footwear,Northeast,Sports Direct,Outlet,Rhode Island,22,17,8
8505,15-02-2021,Women's Street Footwear,Northeast,Sports Direct,Outlet,Rhode Island,24,17,7
8506,07-11-2021,Women's Street Footwear,Northeast,Sports Direct,Outlet,Rhode Island,37,25,7
8507,06-12-2021,Women's Street Footwear,Northeast,Sports Direct,Outlet,Rhode Island,40,35,9
8508,25-04-2020,Men's Apparel,Northeast,Walmart,Outlet,New York,51,147,29
8509,17-04-2020,Men's Apparel,Northeast,Walmart,Outlet,New York,43,120,28
8510,01-05-2020,Men's Apparel,Northeast,Walmart,Outlet,New York,47,132,28
8511,23-04-2020,Men's Apparel,Northeast,Walmart,Outlet,New York,44,139,32
8512,07-05-2020,Men's Apparel,Northeast,Walmart,Outlet,New York,48,134,28
8513,20-04-2020,Men's Athletic Footwear,Northeast,Walmart,Outlet,New York,43,151,35
8514,04-05-2020,Men's Athletic Footwear,Northeast,Walmart,Outlet,New York,43,133,31
8515,28-04-2020,Men's Athletic Footwear,Northeast,Walmart,Outlet,New York,40,125,31
8516,19-04-2020,Men's Street Footwear,Northeast,Walmart,Outlet,New York,39,159,41
8517,27-04-2020,Men's Street Footwear,Northeast,Walmart,Outlet,New York,46,185,40
8518,03-05-2020,Men's Street Footwear,Northeast,Walmart,Outlet,New York,48,202,42
8519,26-04-2020,Women's Apparel,Northeast,Walmart,Outlet,New York,50,165,33
8520,02-05-2020,Women's Apparel,Northeast,Walmart,Outlet,New York,53,171,32
8521,24-04-2020,Women's Apparel,Northeast,Walmart,Outlet,New York,45,158,35
8522,18-07-2020,Women's Apparel,Northeast,Walmart,Outlet,New York,48,163,34
8523,18-04-2020,Women's Apparel,Northeast,Walmart,Outlet,New York,48,170,36
8524,30-04-2020,Women's Athletic Footwear,Northeast,Walmart,Outlet,New York,41,111,27
8525,22-04-2020,Women's Athletic Footwear,Northeast,Walmart,Outlet,New York,34,104,31
8526,06-05-2020,Women's Athletic Footwear,Northeast,Walmart,Outlet,New York,41,125,31
8527,21-04-2020,Women's Street Footwear,Northeast,Walmart,Outlet,New York,36,113,32
8528,05-05-2020,Women's Street Footwear,Northeast,Walmart,Outlet,New York,42,140,33
8529,29-04-2020,Women's Street Footwear,Northeast,Walmart,Outlet,New York,43,126,29
8530,11-11-2021,Men's Athletic Footwear,Northeast,West Gear,Outlet,Vermont,47,46,10
8531,11-11-2021,Men's Street Footwear,Northeast,West Gear,Outlet,Vermont,54,76,14
8532,12-10-2021,Women's Apparel,Northeast,West Gear,Outlet,Vermont,54,49,9
8533,11-11-2021,Women's Street Footwear,Northeast,West Gear,Outlet,Vermont,46,47,10
8534,13-10-2021,Men's Athletic Footwear,South,Amazon,Outlet,Alabama,40,1000,25
8535,13-10-2021,Men's Athletic Footwear,South,Amazon,Outlet,Alabama,30,26,9
8536,12-10-2021,Men's Street Footwear,South,Amazon,Outlet,Alabama,40,1800,45
8537,12-10-2021,Men's Street Footwear,South,Amazon,Outlet,Alabama,27,38,14
8538,15-10-2021,Women's Athletic Footwear,South,Amazon,Outlet,Alabama,35,350,10
8539,15-10-2021,Women's Athletic Footwear,South,Amazon,Outlet,Alabama,25,8,3
8540,14-10-2021,Women's Street Footwear,South,Amazon,Outlet,Alabama,30,750,25
8541,14-10-2021,Women's Street Footwear,South,Amazon,Outlet,Alabama,23,19,8
8542,16-03-2021,Men's Apparel,South,Foot Locker,Outlet,Mississippi,25,26,10
8543,18-06-2021,Men's Apparel,South,Foot Locker,Outlet,Mississippi,47,63,14
8544,18-02-2021,Men's Apparel,South,Foot Locker,Outlet,Mississippi,26,35,14
8545,17-04-2021,Men's Apparel,South,Foot Locker,Outlet,Mississippi,30,29,10
8546,16-05-2021,Men's Apparel,South,Foot Locker,Outlet,Mississippi,34,45,13
8547,16-03-2021,Men's Athletic Footwear,South,Foot Locker,Outlet,Mississippi,20,26,13
8548,18-06-2021,Men's Athletic Footwear,South,Foot Locker,Outlet,Mississippi,29,44,15
8549,17-04-2021,Men's Athletic Footwear,South,Foot Locker,Outlet,Mississippi,20,23,12
8550,16-05-2021,Men's Athletic Footwear,South,Foot Locker,Outlet,Mississippi,28,39,14
8551,22-05-2021,Men's Athletic Footwear,South,Foot Locker,Outlet,Tennessee,35,788,23
8552,22-05-2021,Men's Athletic Footwear,South,Foot Locker,Outlet,Tennessee,23,16,7
8553,23-10-2021,Men's Athletic Footwear,South,Foot Locker,Outlet,Texas,34,23,7
8554,16-05-2021,Men's Street Footwear,South,Foot Locker,Outlet,Mississippi,27,64,24
8555,17-04-2021,Men's Street Footwear,South,Foot Locker,Outlet,Mississippi,19,42,22
8556,18-06-2021,Men's Street Footwear,South,Foot Locker,Outlet,Mississippi,31,82,26
8557,16-03-2021,Men's Street Footwear,South,Foot Locker,Outlet,Mississippi,20,45,22
8558,16-07-2021,Men's Street Footwear,South,Foot Locker,Outlet,Mississippi,47,136,29
8559,21-05-2021,Men's Street Footwear,South,Foot Locker,Outlet,Tennessee,35,1488,43
8560,21-05-2021,Men's Street Footwear,South,Foot Locker,Outlet,Tennessee,27,38,14
8561,22-10-2021,Men's Street Footwear,South,Foot Locker,Outlet,Texas,34,44,13
8562,17-04-2021,Women's Apparel,South,Foot Locker,Outlet,Mississippi,22,32,15
8563,18-06-2021,Women's Apparel,South,Foot Locker,Outlet,Mississippi,51,112,22
8564,16-03-2021,Women's Apparel,South,Foot Locker,Outlet,Mississippi,17,23,14
8565,16-05-2021,Women's Apparel,South,Foot Locker,Outlet,Mississippi,35,53,15
8566,18-02-2021,Women's Apparel,South,Foot Locker,Outlet,Mississippi,20,32,16
8567,17-04-2021,Women's Athletic Footwear,South,Foot Locker,Outlet,Mississippi,16,15,10
8568,18-06-2021,Women's Athletic Footwear,South,Foot Locker,Outlet,Mississippi,34,51,15
8569,16-03-2021,Women's Athletic Footwear,South,Foot Locker,Outlet,Mississippi,15,13,9
8570,18-02-2021,Women's Athletic Footwear,South,Foot Locker,Outlet,Mississippi,19,19,10
8571,16-05-2021,Women's Athletic Footwear,South,Foot Locker,Outlet,Mississippi,24,28,12
8572,24-05-2021,Women's Athletic Footwear,South,Foot Locker,Outlet,Tennessee,30,225,8
8573,24-05-2021,Women's Athletic Footwear,South,Foot Locker,Outlet,Tennessee,22,5,2
8574,25-10-2021,Women's Athletic Footwear,South,Foot Locker,Outlet,Texas,28,6,2
8575,16-05-2021,Women's Street Footwear,South,Foot Locker,Outlet,Mississippi,26,35,14
8576,17-04-2021,Women's Street Footwear,South,Foot Locker,Outlet,Mississippi,11,14,12
8577,18-06-2021,Women's Street Footwear,South,Foot Locker,Outlet,Mississippi,33,52,16
8578,16-03-2021,Women's Street Footwear,South,Foot Locker,Outlet,Mississippi,11,15,14
8579,23-05-2021,Women's Street Footwear,South,Foot Locker,Outlet,Tennessee,25,563,23
8580,23-05-2021,Women's Street Footwear,South,Foot Locker,Outlet,Tennessee,19,14,7
8581,24-10-2021,Women's Street Footwear,South,Foot Locker,Outlet,Texas,28,20,7
8582,16-12-2021,Men's Apparel,South,Sports Direct,Outlet,Mississippi,54,85,16
8583,17-11-2021,Men's Apparel,South,Sports Direct,Outlet,Mississippi,59,78,13
8584,16-12-2021,Men's Athletic Footwear,South,Sports Direct,Outlet,Mississippi,44,88,20
8585,17-11-2021,Men's Athletic Footwear,South,Sports Direct,Outlet,Mississippi,15,23,15
8586,17-11-2021,Men's Street Footwear,South,Sports Direct,Outlet,Mississippi,22,45,21
8587,16-12-2021,Men's Street Footwear,South,Sports Direct,Outlet,Mississippi,48,123,26
8588,18-10-2021,Women's Apparel,South,Sports Direct,Outlet,Mississippi,27,44,16
8589,16-12-2021,Women's Apparel,South,Sports Direct,Outlet,Mississippi,53,94,18
8590,17-11-2021,Women's Apparel,South,Sports Direct,Outlet,Mississippi,51,86,17
8591,17-11-2021,Women's Athletic Footwear,South,Sports Direct,Outlet,Mississippi,43,66,15
8592,16-12-2021,Women's Athletic Footwear,South,Sports Direct,Outlet,Mississippi,41,59,14
8593,17-11-2021,Women's Street Footwear,South,Sports Direct,Outlet,Mississippi,22,26,12
8594,16-12-2021,Women's Street Footwear,South,Sports Direct,Outlet,Mississippi,43,68,16
8595,16-07-2021,Men's Apparel,South,Walmart,Outlet,Mississippi,46,69,15
8596,16-09-2021,Men's Apparel,South,Walmart,Outlet,Mississippi,22,29,13
8597,18-10-2021,Men's Apparel,South,Walmart,Outlet,Mississippi,25,26,11
8598,17-08-2021,Men's Apparel,South,Walmart,Outlet,Mississippi,35,55,16
8599,18-10-2021,Men's Athletic Footwear,South,Walmart,Outlet,Mississippi,17,28,17
8600,16-07-2021,Men's Athletic Footwear,South,Walmart,Outlet,Mississippi,42,81,19
8601,16-09-2021,Men's Athletic Footwear,South,Walmart,Outlet,Mississippi,33,52,16
8602,17-08-2021,Men's Athletic Footwear,South,Walmart,Outlet,Mississippi,44,87,20
8603,16-09-2021,Men's Street Footwear,South,Walmart,Outlet,Mississippi,40,93,23
8604,17-08-2021,Men's Street Footwear,South,Walmart,Outlet,Mississippi,41,105,26
8605,18-10-2021,Men's Street Footwear,South,Walmart,Outlet,Mississippi,24,52,22
8606,16-07-2021,Women's Apparel,South,Walmart,Outlet,Mississippi,49,102,21
8607,17-08-2021,Women's Apparel,South,Walmart,Outlet,Mississippi,42,87,21
8608,16-09-2021,Women's Apparel,South,Walmart,Outlet,Mississippi,26,42,16
8609,17-08-2021,Women's Athletic Footwear,South,Walmart,Outlet,Mississippi,32,47,15
8610,16-07-2021,Women's Athletic Footwear,South,Walmart,Outlet,Mississippi,33,47,14
8611,16-09-2021,Women's Athletic Footwear,South,Walmart,Outlet,Mississippi,16,19,12
8612,18-10-2021,Women's Athletic Footwear,South,Walmart,Outlet,Mississippi,20,22,11
8613,16-07-2021,Women's Street Footwear,South,Walmart,Outlet,Mississippi,37,62,17
8614,17-08-2021,Women's Street Footwear,South,Walmart,Outlet,Mississippi,37,66,18
8615,16-09-2021,Women's Street Footwear,South,Walmart,Outlet,Mississippi,15,22,15
8616,18-10-2021,Women's Street Footwear,South,Walmart,Outlet,Mississippi,19,23,12
8617,09-01-2021,Men's Apparel,Southeast,Foot Locker,Outlet,Georgia,35,86,25
8618,07-02-2021,Men's Athletic Footwear,Southeast,Foot Locker,Outlet,Georgia,27,67,25
8619,09-01-2021,Men's Athletic Footwear,Southeast,Foot Locker,Outlet,Georgia,30,77,26
8620,09-01-2021,Men's Street Footwear,Southeast,Foot Locker,Outlet,Georgia,26,91,35
8621,07-02-2021,Men's Street Footwear,Southeast,Foot Locker,Outlet,Georgia,31,117,38
8622,09-01-2021,Women's Apparel,Southeast,Foot Locker,Outlet,Georgia,30,84,28
8623,09-01-2021,Women's Athletic Footwear,Southeast,Foot Locker,Outlet,Georgia,25,52,21
8624,07-02-2021,Women's Street Footwear,Southeast,Foot Locker,Outlet,Georgia,21,52,25
8625,09-01-2021,Women's Street Footwear,Southeast,Foot Locker,Outlet,Georgia,24,63,26
8626,19-01-2021,Men's Apparel,Southeast,Sports Direct,Outlet,Virginia,30,42,14
8627,17-02-2021,Men's Athletic Footwear,Southeast,Sports Direct,Outlet,Virginia,27,41,15
8628,19-01-2021,Men's Athletic Footwear,Southeast,Sports Direct,Outlet,Virginia,28,52,19
8629,19-01-2021,Men's Street Footwear,Southeast,Sports Direct,Outlet,Virginia,23,54,23
8630,17-02-2021,Men's Street Footwear,Southeast,Sports Direct,Outlet,Virginia,26,67,26
8631,19-01-2021,Women's Apparel,Southeast,Sports Direct,Outlet,Virginia,25,48,19
8632,19-01-2021,Women's Athletic Footwear,Southeast,Sports Direct,Outlet,Virginia,21,29,14
8633,19-01-2021,Women's Street Footwear,Southeast,Sports Direct,Outlet,Virginia,18,32,18
8634,17-02-2021,Women's Street Footwear,Southeast,Sports Direct,Outlet,Virginia,17,29,17
8635,12-01-2021,Men's Apparel,Southeast,West Gear,Outlet,Florida,36,69,19
8636,12-01-2021,Men's Athletic Footwear,Southeast,West Gear,Outlet,Florida,36,80,22
8637,10-02-2021,Men's Athletic Footwear,Southeast,West Gear,Outlet,Florida,31,51,17
8638,10-02-2021,Men's Street Footwear,Southeast,West Gear,Outlet,Florida,36,104,29
8639,12-01-2021,Men's Street Footwear,Southeast,West Gear,Outlet,Florida,30,82,27
8640,12-01-2021,Women's Apparel,Southeast,West Gear,Outlet,Florida,35,77,22
8641,12-01-2021,Women's Athletic Footwear,Southeast,West Gear,Outlet,Florida,30,51,17
8642,12-01-2021,Women's Street Footwear,Southeast,West Gear,Outlet,Florida,26,53,20
8643,10-02-2021,Women's Street Footwear,Southeast,West Gear,Outlet,Florida,23,47,20
8644,01-06-2021,Men's Athletic Footwear,West,Foot Locker,Outlet,California,31,28,9
8645,31-05-2021,Men's Street Footwear,West,Foot Locker,Outlet,California,36,53,15
8646,03-06-2021,Women's Athletic Footwear,West,Foot Locker,Outlet,California,27,11,4
8647,02-06-2021,Women's Street Footwear,West,Foot Locker,Outlet,California,24,23,9
8648,11-06-2021,Men's Apparel,West,West Gear,Outlet,Utah,24,32,13
8649,11-11-2021,Men's Apparel,West,West Gear,Outlet,Utah,28,34,12
8650,10-07-2021,Men's Apparel,West,West Gear,Outlet,Utah,28,39,14
8651,11-10-2021,Men's Apparel,West,West Gear,Outlet,Utah,20,17,9
8652,11-08-2021,Men's Apparel,West,West Gear,Outlet,Utah,23,25,11
8653,11-04-2021,Men's Apparel,West,West Gear,Outlet,Utah,24,21,9
8654,10-03-2021,Men's Apparel,West,West Gear,Outlet,Utah,28,25,9
8655,12-09-2021,Men's Apparel,West,West Gear,Outlet,Utah,16,18,11
8656,10-12-2021,Men's Apparel,West,West Gear,Outlet,Utah,27,33,12
8657,11-02-2021,Men's Apparel,West,West Gear,Outlet,Utah,28,34,12
8658,12-05-2021,Men's Apparel,West,West Gear,Outlet,Utah,29,26,9
8659,11-04-2021,Men's Athletic Footwear,West,West Gear,Outlet,Utah,20,22,11
8660,12-09-2021,Men's Athletic Footwear,West,West Gear,Outlet,Utah,19,30,16
8661,11-11-2021,Men's Athletic Footwear,West,West Gear,Outlet,Utah,14,19,14
8662,10-07-2021,Men's Athletic Footwear,West,West Gear,Outlet,Utah,20,36,18
8663,11-10-2021,Men's Athletic Footwear,West,West Gear,Outlet,Utah,14,18,13
8664,11-06-2021,Men's Athletic Footwear,West,West Gear,Outlet,Utah,18,24,13
8665,10-03-2021,Men's Athletic Footwear,West,West Gear,Outlet,Utah,22,23,11
8666,12-05-2021,Men's Athletic Footwear,West,West Gear,Outlet,Utah,22,28,13
8667,10-12-2021,Men's Athletic Footwear,West,West Gear,Outlet,Utah,22,37,17
8668,11-08-2021,Men's Athletic Footwear,West,West Gear,Outlet,Utah,28,50,18
8669,10-03-2021,Men's Street Footwear,West,West Gear,Outlet,Utah,20,46,23
8670,11-06-2021,Men's Street Footwear,West,West Gear,Outlet,Utah,21,44,21
8671,11-11-2021,Men's Street Footwear,West,West Gear,Outlet,Utah,22,36,17
8672,12-05-2021,Men's Street Footwear,West,West Gear,Outlet,Utah,27,62,23
8673,10-07-2021,Men's Street Footwear,West,West Gear,Outlet,Utah,28,69,25
8674,12-09-2021,Men's Street Footwear,West,West Gear,Outlet,Utah,23,52,23
8675,11-04-2021,Men's Street Footwear,West,West Gear,Outlet,Utah,20,39,19
8676,10-12-2021,Men's Street Footwear,West,West Gear,Outlet,Utah,29,67,23
8677,11-10-2021,Men's Street Footwear,West,West Gear,Outlet,Utah,24,48,20
8678,11-08-2021,Men's Street Footwear,West,West Gear,Outlet,Utah,27,67,25
8679,11-04-2021,Women's Apparel,West,West Gear,Outlet,Utah,20,27,14
8680,10-12-2021,Women's Apparel,West,West Gear,Outlet,Utah,29,49,17
8681,11-10-2021,Women's Apparel,West,West Gear,Outlet,Utah,25,35,14
8682,11-06-2021,Women's Apparel,West,West Gear,Outlet,Utah,32,61,19
8683,11-02-2021,Women's Apparel,West,West Gear,Outlet,Utah,18,27,15
8684,10-07-2021,Women's Apparel,West,West Gear,Outlet,Utah,32,65,20
8685,11-11-2021,Women's Apparel,West,West Gear,Outlet,Utah,35,55,16
8686,12-09-2021,Women's Apparel,West,West Gear,Outlet,Utah,18,24,13
8687,10-03-2021,Women's Apparel,West,West Gear,Outlet,Utah,21,29,14
8688,11-08-2021,Women's Apparel,West,West Gear,Outlet,Utah,27,50,18
8689,12-05-2021,Women's Apparel,West,West Gear,Outlet,Utah,32,41,13
8690,11-11-2021,Women's Athletic Footwear,West,West Gear,Outlet,Utah,15,19,12
8691,11-02-2021,Women's Athletic Footwear,West,West Gear,Outlet,Utah,16,15,9
8692,10-03-2021,Women's Athletic Footwear,West,West Gear,Outlet,Utah,20,15,8
8693,10-12-2021,Women's Athletic Footwear,West,West Gear,Outlet,Utah,22,30,14
8694,11-06-2021,Women's Athletic Footwear,West,West Gear,Outlet,Utah,13,17,13
8695,12-05-2021,Women's Athletic Footwear,West,West Gear,Outlet,Utah,19,18,9
8696,11-04-2021,Women's Athletic Footwear,West,West Gear,Outlet,Utah,14,11,8
8697,12-09-2021,Women's Athletic Footwear,West,West Gear,Outlet,Utah,7,8,11
8698,11-10-2021,Women's Athletic Footwear,West,West Gear,Outlet,Utah,13,12,9
8699,11-08-2021,Women's Athletic Footwear,West,West Gear,Outlet,Utah,14,17,12
8700,10-07-2021,Women's Athletic Footwear,West,West Gear,Outlet,Utah,16,20,13
8701,11-06-2021,Women's Street Footwear,West,West Gear,Outlet,Utah,13,17,13
8702,10-12-2021,Women's Street Footwear,West,West Gear,Outlet,Utah,20,31,15
8703,12-05-2021,Women's Street Footwear,West,West Gear,Outlet,Utah,19,21,11
8704,10-03-2021,Women's Street Footwear,West,West Gear,Outlet,Utah,16,22,14
8705,10-07-2021,Women's Street Footwear,West,West Gear,Outlet,Utah,19,30,16
8706,11-04-2021,Women's Street Footwear,West,West Gear,Outlet,Utah,10,11,11
8707,11-10-2021,Women's Street Footwear,West,West Gear,Outlet,Utah,13,12,9
8708,11-08-2021,Women's Street Footwear,West,West Gear,Outlet,Utah,23,36,16
8709,12-09-2021,Women's Street Footwear,West,West Gear,Outlet,Utah,7,7,11
8710,11-11-2021,Women's Street Footwear,West,West Gear,Outlet,Utah,14,15,11
8711,17-03-2021,Men's Apparel,West,Kohl's,Outlet,California,40,56,14
8712,23-05-2021,Men's Apparel,West,Kohl's,Outlet,California,46,94,20
8713,23-03-2021,Men's Apparel,West,Kohl's,Outlet,California,36,46,13
8714,11-03-2021,Men's Apparel,West,Kohl's,Outlet,California,36,56,16
8715,17-04-2021,Men's Apparel,West,Kohl's,Outlet,California,38,53,14
8716,29-04-2021,Men's Apparel,West,Kohl's,Outlet,California,38,85,22
8717,23-04-2021,Men's Apparel,West,Kohl's,Outlet,California,39,64,17
8718,11-04-2021,Men's Apparel,West,Kohl's,Outlet,California,38,57,15
8719,29-05-2021,Men's Apparel,West,Kohl's,Outlet,California,43,94,22
8720,05-05-2021,Men's Apparel,West,Kohl's,Outlet,California,43,99,23
8721,11-05-2021,Men's Apparel,West,Kohl's,Outlet,California,44,86,20
8722,17-05-2021,Men's Apparel,West,Kohl's,Outlet,California,46,97,21
8723,08-05-2021,Men's Athletic Footwear,West,Kohl's,Outlet,California,39,103,26
8724,20-03-2021,Men's Athletic Footwear,West,Kohl's,Outlet,California,36,82,23
8725,26-05-2021,Men's Athletic Footwear,West,Kohl's,Outlet,California,42,121,29
8726,08-04-2021,Men's Athletic Footwear,West,Kohl's,Outlet,California,34,71,21
8727,26-04-2021,Men's Athletic Footwear,West,Kohl's,Outlet,California,37,101,27
8728,14-04-2021,Men's Athletic Footwear,West,Kohl's,Outlet,California,34,75,22
8729,20-04-2021,Men's Athletic Footwear,West,Kohl's,Outlet,California,35,79,23
8730,20-05-2021,Men's Athletic Footwear,West,Kohl's,Outlet,California,42,111,26
8731,14-05-2021,Men's Athletic Footwear,West,Kohl's,Outlet,California,43,114,26
8732,14-03-2021,Men's Athletic Footwear,West,Kohl's,Outlet,California,30,65,22
8733,02-05-2021,Men's Athletic Footwear,West,Kohl's,Outlet,California,41,108,26
8734,18-02-2021,Men's Athletic Footwear,West,Kohl's,Outlet,California,35,78,22
8735,19-03-2021,Men's Street Footwear,West,Kohl's,Outlet,California,24,63,26
8736,19-04-2021,Men's Street Footwear,West,Kohl's,Outlet,California,36,107,30
8737,01-05-2021,Men's Street Footwear,West,Kohl's,Outlet,California,36,110,31
8738,13-03-2021,Men's Street Footwear,West,Kohl's,Outlet,California,28,67,24
8739,07-04-2021,Men's Street Footwear,West,Kohl's,Outlet,California,31,77,25
8740,07-05-2021,Men's Street Footwear,West,Kohl's,Outlet,California,38,110,29
8741,25-05-2021,Men's Street Footwear,West,Kohl's,Outlet,California,39,123,32
8742,19-05-2021,Men's Street Footwear,West,Kohl's,Outlet,California,40,109,27
8743,25-04-2021,Men's Street Footwear,West,Kohl's,Outlet,California,30,86,29
8744,13-04-2021,Men's Street Footwear,West,Kohl's,Outlet,California,32,77,24
8745,13-05-2021,Men's Street Footwear,West,Kohl's,Outlet,California,36,92,26
8746,17-02-2021,Men's Street Footwear,West,Kohl's,Outlet,California,26,58,22
8747,18-04-2021,Women's Apparel,West,Kohl's,Outlet,California,43,89,21
8748,24-04-2021,Women's Apparel,West,Kohl's,Outlet,California,48,127,26
8749,12-05-2021,Women's Apparel,West,Kohl's,Outlet,California,49,103,21
8750,12-03-2021,Women's Apparel,West,Kohl's,Outlet,California,29,61,21
8751,06-04-2021,Women's Apparel,West,Kohl's,Outlet,California,33,64,19
8752,06-05-2021,Women's Apparel,West,Kohl's,Outlet,California,46,96,21
8753,30-04-2021,Women's Apparel,West,Kohl's,Outlet,California,51,114,22
8754,18-05-2021,Women's Apparel,West,Kohl's,Outlet,California,46,96,21
8755,24-05-2021,Women's Apparel,West,Kohl's,Outlet,California,49,117,24
8756,30-05-2021,Women's Apparel,West,Kohl's,Outlet,California,44,102,23
8757,18-03-2021,Women's Apparel,West,Kohl's,Outlet,California,32,67,21
8758,12-04-2021,Women's Apparel,West,Kohl's,Outlet,California,49,97,20
8759,22-04-2021,Women's Athletic Footwear,West,Kohl's,Outlet,California,32,62,19
8760,10-04-2021,Women's Athletic Footwear,West,Kohl's,Outlet,California,31,54,17
8761,16-04-2021,Women's Athletic Footwear,West,Kohl's,Outlet,California,33,64,19
8762,04-05-2021,Women's Athletic Footwear,West,Kohl's,Outlet,California,36,80,22
8763,22-03-2021,Women's Athletic Footwear,West,Kohl's,Outlet,California,36,63,18
8764,28-04-2021,Women's Athletic Footwear,West,Kohl's,Outlet,California,29,66,23
8765,28-05-2021,Women's Athletic Footwear,West,Kohl's,Outlet,California,35,78,22
8766,10-05-2021,Women's Athletic Footwear,West,Kohl's,Outlet,California,39,76,20
8767,16-03-2021,Women's Athletic Footwear,West,Kohl's,Outlet,California,34,61,18
8768,16-05-2021,Women's Athletic Footwear,West,Kohl's,Outlet,California,33,70,21
8769,22-05-2021,Women's Athletic Footwear,West,Kohl's,Outlet,California,33,73,22
8770,10-03-2021,Women's Athletic Footwear,West,Kohl's,Outlet,California,33,60,18
8771,15-05-2021,Women's Street Footwear,West,Kohl's,Outlet,California,33,69,21
8772,15-03-2021,Women's Street Footwear,West,Kohl's,Outlet,California,33,74,22
8773,21-04-2021,Women's Street Footwear,West,Kohl's,Outlet,California,35,82,23
8774,03-05-2021,Women's Street Footwear,West,Kohl's,Outlet,California,34,79,23
8775,15-04-2021,Women's Street Footwear,West,Kohl's,Outlet,California,36,77,22
8776,09-05-2021,Women's Street Footwear,West,Kohl's,Outlet,California,38,80,21
8777,21-03-2021,Women's Street Footwear,West,Kohl's,Outlet,California,33,73,22
8778,27-04-2021,Women's Street Footwear,West,Kohl's,Outlet,California,33,79,24
8779,21-05-2021,Women's Street Footwear,West,Kohl's,Outlet,California,35,78,22
8780,27-05-2021,Women's Street Footwear,West,Kohl's,Outlet,California,39,90,23
8781,09-04-2021,Women's Street Footwear,West,Kohl's,Outlet,California,38,78,21
8782,09-03-2021,Women's Street Footwear,West,Kohl's,Outlet,California,36,78,22
8783,02-08-2021,Men's Athletic Footwear,Midwest,Sports Direct,Outlet,Nebraska,30,2025,68
8784,01-08-2021,Men's Street Footwear,Midwest,Sports Direct,Outlet,Nebraska,20,1350,68
8785,04-08-2021,Women's Athletic Footwear,Midwest,Sports Direct,Outlet,Nebraska,35,1663,48
8786,03-08-2021,Women's Street Footwear,Midwest,Sports Direct,Outlet,Nebraska,30,1425,48
8787,20-07-2020,Men's Athletic Footwear,Northeast,Sports Direct,Outlet,New York,26,70,27
8788,19-07-2020,Men's Street Footwear,Northeast,Sports Direct,Outlet,New York,20,54,27
8789,22-07-2020,Women's Athletic Footwear,Northeast,Sports Direct,Outlet,New York,27,57,21
8790,21-07-2020,Women's Street Footwear,Northeast,Sports Direct,Outlet,New York,27,64,24
8791,05-01-2021,Men's Apparel,South,Foot Locker,Outlet,Louisiana,28,31,11
8792,04-02-2021,Men's Athletic Footwear,South,Foot Locker,Outlet,Louisiana,28,50,18
8793,05-01-2021,Men's Athletic Footwear,South,Foot Locker,Outlet,Louisiana,20,42,21
8794,04-02-2021,Men's Street Footwear,South,Foot Locker,Outlet,Louisiana,18,36,20
8795,05-01-2021,Men's Street Footwear,South,Foot Locker,Outlet,Louisiana,14,31,22
8796,05-01-2021,Women's Athletic Footwear,South,Foot Locker,Outlet,Louisiana,26,43,17
8797,04-02-2021,Women's Street Footwear,South,Foot Locker,Outlet,Louisiana,28,36,13
8798,05-01-2021,Women's Street Footwear,South,Foot Locker,Outlet,Louisiana,21,34,16
8799,19-12-2021,Men's Apparel,South,Kohl's,Outlet,Oklahoma,55,54,10
8800,20-11-2021,Men's Apparel,South,Kohl's,Outlet,Oklahoma,60,51,9
8801,16-01-2021,Men's Apparel,South,Kohl's,Outlet,Oklahoma,28,25,9
8802,20-11-2021,Men's Athletic Footwear,South,Kohl's,Outlet,Oklahoma,11,11,10
8803,16-01-2021,Men's Athletic Footwear,South,Kohl's,Outlet,Oklahoma,16,17,11
8804,19-12-2021,Men's Athletic Footwear,South,Kohl's,Outlet,Oklahoma,47,70,15
8805,14-02-2021,Men's Athletic Footwear,South,Kohl's,Outlet,Oklahoma,17,13,8
8806,16-01-2021,Men's Street Footwear,South,Kohl's,Outlet,Oklahoma,17,30,18
8807,14-02-2021,Men's Street Footwear,South,Kohl's,Outlet,Oklahoma,18,37,20
8808,19-12-2021,Men's Street Footwear,South,Kohl's,Outlet,Oklahoma,55,110,20
8809,20-11-2021,Men's Street Footwear,South,Kohl's,Outlet,Oklahoma,16,27,17
8810,16-01-2021,Women's Apparel,South,Kohl's,Outlet,Oklahoma,17,20,12
8811,19-12-2021,Women's Apparel,South,Kohl's,Outlet,Oklahoma,51,65,13
8812,20-11-2021,Women's Apparel,South,Kohl's,Outlet,Oklahoma,60,77,13
8813,21-10-2021,Women's Apparel,South,Kohl's,Outlet,Oklahoma,22,22,10
8814,16-01-2021,Women's Athletic Footwear,South,Kohl's,Outlet,Oklahoma,16,11,7
8815,19-12-2021,Women's Athletic Footwear,South,Kohl's,Outlet,Oklahoma,45,51,11
8816,20-11-2021,Women's Athletic Footwear,South,Kohl's,Outlet,Oklahoma,37,33,9
8817,14-02-2021,Women's Street Footwear,South,Kohl's,Outlet,Oklahoma,11,10,9
8818,16-01-2021,Women's Street Footwear,South,Kohl's,Outlet,Oklahoma,12,14,12
8819,20-11-2021,Women's Street Footwear,South,Kohl's,Outlet,Oklahoma,19,15,8
8820,19-12-2021,Women's Street Footwear,South,Kohl's,Outlet,Oklahoma,44,58,13
8821,11-08-2021,Men's Apparel,South,Sports Direct,Outlet,Alabama,40,1000,25
8822,05-08-2021,Men's Apparel,South,Sports Direct,Outlet,Alabama,40,1300,33
8823,11-08-2021,Men's Apparel,South,Sports Direct,Outlet,Alabama,29,25,9
8824,23-08-2021,Men's Apparel,South,Sports Direct,Outlet,Alabama,25,688,28
8825,17-08-2021,Men's Apparel,South,Sports Direct,Outlet,Alabama,40,1000,25
8826,29-08-2021,Men's Apparel,South,Sports Direct,Outlet,Alabama,50,2000,40
8827,04-09-2021,Men's Apparel,South,Sports Direct,Outlet,Alabama,50,2500,50
8828,05-08-2021,Men's Apparel,South,Sports Direct,Outlet,Alabama,31,35,11
8829,23-08-2021,Men's Apparel,South,Sports Direct,Outlet,Alabama,19,17,9
8830,29-08-2021,Men's Apparel,South,Sports Direct,Outlet,Alabama,39,51,13
8831,28-09-2021,Men's Apparel,South,Sports Direct,Outlet,Alabama,30,900,30
8832,22-09-2021,Men's Apparel,South,Sports Direct,Outlet,Alabama,45,1575,35
8833,04-10-2021,Men's Apparel,South,Sports Direct,Outlet,Alabama,50,2125,43
8834,10-09-2021,Men's Apparel,South,Sports Direct,Outlet,Alabama,50,2625,53
8835,16-09-2021,Men's Apparel,South,Sports Direct,Outlet,Alabama,55,2338,43
8836,10-10-2021,Men's Apparel,South,Sports Direct,Outlet,Alabama,60,3000,50
8837,17-08-2021,Men's Apparel,South,Sports Direct,Outlet,Alabama,28,25,9
8838,04-09-2021,Men's Apparel,South,Sports Direct,Outlet,Alabama,38,63,17
8839,10-10-2021,Men's Apparel,South,Sports Direct,Outlet,Alabama,40,62,16
8840,22-09-2021,Men's Apparel,South,Sports Direct,Outlet,Alabama,35,41,12
8841,04-10-2021,Men's Apparel,South,Sports Direct,Outlet,Alabama,37,55,15
8842,28-09-2021,Men's Apparel,South,Sports Direct,Outlet,Alabama,22,23,11
8843,16-09-2021,Men's Apparel,South,Sports Direct,Outlet,Alabama,42,59,14
8844,10-09-2021,Men's Apparel,South,Sports Direct,Outlet,Alabama,35,63,18
8845,23-01-2021,Men's Apparel,South,Sports Direct,Outlet,Mississippi,26,32,12
8846,20-03-2021,Men's Apparel,South,Sports Direct,Outlet,Tennessee,29,27,9
8847,14-03-2021,Men's Apparel,South,Sports Direct,Outlet,Tennessee,30,37,12
8848,01-04-2021,Men's Apparel,South,Sports Direct,Outlet,Tennessee,20,21,11
8849,13-04-2021,Men's Apparel,South,Sports Direct,Outlet,Tennessee,30,45,15
8850,19-05-2021,Men's Apparel,South,Sports Direct,Outlet,Tennessee,55,2750,50
8851,26-03-2021,Men's Apparel,South,Sports Direct,Outlet,Tennessee,27,24,9
8852,07-04-2021,Men's Apparel,South,Sports Direct,Outlet,Tennessee,33,44,13
8853,01-05-2021,Men's Apparel,South,Sports Direct,Outlet,Tennessee,39,47,12
8854,07-05-2021,Men's Apparel,South,Sports Direct,Outlet,Tennessee,28,31,11
8855,19-04-2021,Men's Apparel,South,Sports Direct,Outlet,Tennessee,33,60,18
8856,25-04-2021,Men's Apparel,South,Sports Direct,Outlet,Tennessee,35,50,14
8857,13-05-2021,Men's Apparel,South,Sports Direct,Outlet,Tennessee,43,60,14
8858,19-05-2021,Men's Apparel,South,Sports Direct,Outlet,Tennessee,38,61,16
8859,15-08-2021,Men's Apparel,South,Sports Direct,Outlet,Texas,26,29,11
8860,21-08-2021,Men's Apparel,South,Sports Direct,Outlet,Texas,26,24,9
8861,02-09-2021,Men's Apparel,South,Sports Direct,Outlet,Texas,26,28,11
8862,08-09-2021,Men's Apparel,South,Sports Direct,Outlet,Texas,38,58,15
8863,27-08-2021,Men's Apparel,South,Sports Direct,Outlet,Texas,29,28,10
8864,14-09-2021,Men's Apparel,South,Sports Direct,Outlet,Texas,40,60,15
8865,20-10-2021,Men's Apparel,South,Sports Direct,Outlet,Texas,47,79,17
8866,20-09-2021,Men's Apparel,South,Sports Direct,Outlet,Texas,39,72,18
8867,14-10-2021,Men's Apparel,South,Sports Direct,Outlet,Texas,46,75,16
8868,08-10-2021,Men's Apparel,South,Sports Direct,Outlet,Texas,30,38,13
8869,02-10-2021,Men's Apparel,South,Sports Direct,Outlet,Texas,37,55,15
8870,26-09-2021,Men's Apparel,South,Sports Direct,Outlet,Texas,43,68,16
8871,04-08-2020,Men's Apparel,South,Sports Direct,Outlet,Texas,35,54,16
8872,29-07-2020,Men's Apparel,South,Sports Direct,Outlet,Texas,28,45,16
8873,23-07-2020,Men's Apparel,South,Sports Direct,Outlet,Texas,26,46,18
8874,08-08-2021,Men's Athletic Footwear,South,Sports Direct,Outlet,Alabama,35,2100,60
8875,08-08-2021,Men's Athletic Footwear,South,Sports Direct,Outlet,Alabama,26,50,19
8876,20-08-2021,Men's Athletic Footwear,South,Sports Direct,Outlet,Alabama,20,1300,65
8877,26-08-2021,Men's Athletic Footwear,South,Sports Direct,Outlet,Alabama,20,1450,73
8878,14-08-2021,Men's Athletic Footwear,South,Sports Direct,Outlet,Alabama,40,2500,63
8879,01-09-2021,Men's Athletic Footwear,South,Sports Direct,Outlet,Alabama,50,3750,75
8880,20-08-2021,Men's Athletic Footwear,South,Sports Direct,Outlet,Alabama,16,32,20
8881,14-08-2021,Men's Athletic Footwear,South,Sports Direct,Outlet,Alabama,32,62,19
8882,01-09-2021,Men's Athletic Footwear,South,Sports Direct,Outlet,Alabama,35,82,23
8883,26-08-2021,Men's Athletic Footwear,South,Sports Direct,Outlet,Alabama,16,35,22
8884,01-10-2021,Men's Athletic Footwear,South,Sports Direct,Outlet,Alabama,20,1250,63
8885,25-09-2021,Men's Athletic Footwear,South,Sports Direct,Outlet,Alabama,30,1575,53
8886,07-09-2021,Men's Athletic Footwear,South,Sports Direct,Outlet,Alabama,50,4125,83
8887,19-09-2021,Men's Athletic Footwear,South,Sports Direct,Outlet,Alabama,55,3163,58
8888,13-09-2021,Men's Athletic Footwear,South,Sports Direct,Outlet,Alabama,55,4125,75
8889,07-10-2021,Men's Athletic Footwear,South,Sports Direct,Outlet,Alabama,60,4650,78
8890,01-10-2021,Men's Athletic Footwear,South,Sports Direct,Outlet,Alabama,14,28,20
8891,07-10-2021,Men's Athletic Footwear,South,Sports Direct,Outlet,Alabama,40,99,25
8892,13-09-2021,Men's Athletic Footwear,South,Sports Direct,Outlet,Alabama,39,91,23
8893,25-09-2021,Men's Athletic Footwear,South,Sports Direct,Outlet,Alabama,23,40,17
8894,19-09-2021,Men's Athletic Footwear,South,Sports Direct,Outlet,Alabama,36,62,17
8895,07-09-2021,Men's Athletic Footwear,South,Sports Direct,Outlet,Alabama,37,98,26
8896,21-02-2021,Men's Athletic Footwear,South,Sports Direct,Outlet,Mississippi,17,19,11
8897,23-01-2021,Men's Athletic Footwear,South,Sports Direct,Outlet,Mississippi,18,24,14
8898,17-03-2021,Men's Athletic Footwear,South,Sports Direct,Outlet,Tennessee,23,50,22
8899,29-03-2021,Men's Athletic Footwear,South,Sports Direct,Outlet,Tennessee,17,35,20
8900,04-04-2021,Men's Athletic Footwear,South,Sports Direct,Outlet,Tennessee,20,48,24
8901,23-03-2021,Men's Athletic Footwear,South,Sports Direct,Outlet,Tennessee,31,60,20
8902,10-04-2021,Men's Athletic Footwear,South,Sports Direct,Outlet,Tennessee,32,77,24
8903,28-04-2021,Men's Athletic Footwear,South,Sports Direct,Outlet,Tennessee,33,70,21
8904,04-05-2021,Men's Athletic Footwear,South,Sports Direct,Outlet,Tennessee,25,45,18
8905,10-05-2021,Men's Athletic Footwear,South,Sports Direct,Outlet,Tennessee,21,47,22
8906,16-05-2021,Men's Athletic Footwear,South,Sports Direct,Outlet,Tennessee,37,98,26
8907,16-04-2021,Men's Athletic Footwear,South,Sports Direct,Outlet,Tennessee,30,79,26
8908,22-04-2021,Men's Athletic Footwear,South,Sports Direct,Outlet,Tennessee,44,119,27
8909,18-08-2021,Men's Athletic Footwear,South,Sports Direct,Outlet,Texas,23,49,22
8910,30-08-2021,Men's Athletic Footwear,South,Sports Direct,Outlet,Texas,21,44,21
8911,24-08-2021,Men's Athletic Footwear,South,Sports Direct,Outlet,Texas,31,73,24
8912,11-09-2021,Men's Athletic Footwear,South,Sports Direct,Outlet,Texas,40,112,28
8913,05-09-2021,Men's Athletic Footwear,South,Sports Direct,Outlet,Texas,22,55,25
8914,17-09-2021,Men's Athletic Footwear,South,Sports Direct,Outlet,Texas,34,90,26
8915,17-10-2021,Men's Athletic Footwear,South,Sports Direct,Outlet,Texas,39,97,25
8916,11-10-2021,Men's Athletic Footwear,South,Sports Direct,Outlet,Texas,27,59,22
8917,23-09-2021,Men's Athletic Footwear,South,Sports Direct,Outlet,Texas,43,110,26
8918,05-10-2021,Men's Athletic Footwear,South,Sports Direct,Outlet,Texas,29,64,22
8919,29-09-2021,Men's Athletic Footwear,South,Sports Direct,Outlet,Texas,38,77,20
8920,01-08-2020,Men's Athletic Footwear,South,Sports Direct,Outlet,Texas,30,79,26
8921,07-08-2020,Men's Athletic Footwear,South,Sports Direct,Outlet,Texas,29,89,31
8922,26-07-2020,Men's Athletic Footwear,South,Sports Direct,Outlet,Texas,23,66,29
8923,07-08-2021,Men's Street Footwear,South,Sports Direct,Outlet,Alabama,25,1563,63
8924,25-08-2021,Men's Street Footwear,South,Sports Direct,Outlet,Alabama,10,700,70
8925,19-08-2021,Men's Street Footwear,South,Sports Direct,Outlet,Alabama,20,1300,65
8926,13-08-2021,Men's Street Footwear,South,Sports Direct,Outlet,Alabama,30,1875,63
8927,31-08-2021,Men's Street Footwear,South,Sports Direct,Outlet,Alabama,45,3375,75
8928,25-08-2021,Men's Street Footwear,South,Sports Direct,Outlet,Alabama,7,16,22
8929,07-08-2021,Men's Street Footwear,South,Sports Direct,Outlet,Alabama,16,33,21
8930,31-08-2021,Men's Street Footwear,South,Sports Direct,Outlet,Alabama,30,68,23
8931,13-08-2021,Men's Street Footwear,South,Sports Direct,Outlet,Alabama,23,45,19
8932,30-09-2021,Men's Street Footwear,South,Sports Direct,Outlet,Alabama,20,1250,63
8933,24-09-2021,Men's Street Footwear,South,Sports Direct,Outlet,Alabama,30,1575,53
8934,12-09-2021,Men's Street Footwear,South,Sports Direct,Outlet,Alabama,40,3000,75
8935,06-09-2021,Men's Street Footwear,South,Sports Direct,Outlet,Alabama,45,3713,83
8936,18-09-2021,Men's Street Footwear,South,Sports Direct,Outlet,Alabama,55,3438,63
8937,06-10-2021,Men's Street Footwear,South,Sports Direct,Outlet,Alabama,60,4650,78
8938,24-09-2021,Men's Street Footwear,South,Sports Direct,Outlet,Alabama,20,37,18
8939,19-08-2021,Men's Street Footwear,South,Sports Direct,Outlet,Alabama,15,32,22
8940,06-09-2021,Men's Street Footwear,South,Sports Direct,Outlet,Alabama,31,79,26
8941,12-09-2021,Men's Street Footwear,South,Sports Direct,Outlet,Alabama,27,63,23
8942,18-09-2021,Men's Street Footwear,South,Sports Direct,Outlet,Alabama,38,78,21
8943,06-10-2021,Men's Street Footwear,South,Sports Direct,Outlet,Alabama,46,110,24
8944,30-09-2021,Men's Street Footwear,South,Sports Direct,Outlet,Alabama,14,26,19
8945,23-01-2021,Men's Street Footwear,South,Sports Direct,Outlet,Mississippi,17,37,22
8946,21-02-2021,Men's Street Footwear,South,Sports Direct,Outlet,Mississippi,17,36,21
8947,16-03-2021,Men's Street Footwear,South,Sports Direct,Outlet,Tennessee,18,36,20
8948,22-03-2021,Men's Street Footwear,South,Sports Direct,Outlet,Tennessee,20,44,22
8949,03-04-2021,Men's Street Footwear,South,Sports Direct,Outlet,Tennessee,12,30,25
8950,28-03-2021,Men's Street Footwear,South,Sports Direct,Outlet,Tennessee,13,26,20
8951,09-04-2021,Men's Street Footwear,South,Sports Direct,Outlet,Tennessee,28,72,26
8952,09-05-2021,Men's Street Footwear,South,Sports Direct,Outlet,Tennessee,24,49,20
8953,15-05-2021,Men's Street Footwear,South,Sports Direct,Outlet,Tennessee,39,97,25
8954,15-04-2021,Men's Street Footwear,South,Sports Direct,Outlet,Tennessee,29,79,27
8955,27-04-2021,Men's Street Footwear,South,Sports Direct,Outlet,Tennessee,40,84,21
8956,21-04-2021,Men's Street Footwear,South,Sports Direct,Outlet,Tennessee,29,68,23
8957,03-05-2021,Men's Street Footwear,South,Sports Direct,Outlet,Tennessee,28,56,20
8958,17-08-2021,Men's Street Footwear,South,Sports Direct,Outlet,Texas,19,44,23
8959,10-09-2021,Men's Street Footwear,South,Sports Direct,Outlet,Texas,30,77,26
8960,04-09-2021,Men's Street Footwear,South,Sports Direct,Outlet,Texas,13,30,23
8961,23-08-2021,Men's Street Footwear,South,Sports Direct,Outlet,Texas,21,43,20
8962,29-08-2021,Men's Street Footwear,South,Sports Direct,Outlet,Texas,13,30,23
8963,16-09-2021,Men's Street Footwear,South,Sports Direct,Outlet,Texas,34,87,26
8964,10-10-2021,Men's Street Footwear,South,Sports Direct,Outlet,Texas,31,70,23
8965,22-09-2021,Men's Street Footwear,South,Sports Direct,Outlet,Texas,34,84,25
8966,04-10-2021,Men's Street Footwear,South,Sports Direct,Outlet,Texas,30,64,21
8967,28-09-2021,Men's Street Footwear,South,Sports Direct,Outlet,Texas,38,88,23
8968,16-10-2021,Men's Street Footwear,South,Sports Direct,Outlet,Texas,46,129,28
8969,06-08-2020,Men's Street Footwear,South,Sports Direct,Outlet,Texas,23,70,31
8970,25-07-2020,Men's Street Footwear,South,Sports Direct,Outlet,Texas,20,51,26
8971,31-07-2020,Men's Street Footwear,South,Sports Direct,Outlet,Texas,20,61,31
8972,12-08-2021,Women's Apparel,South,Sports Direct,Outlet,Alabama,35,1575,45
8973,06-08-2021,Women's Apparel,South,Sports Direct,Outlet,Alabama,35,1663,48
8974,12-08-2021,Women's Apparel,South,Sports Direct,Outlet,Alabama,27,39,14
8975,06-08-2021,Women's Apparel,South,Sports Direct,Outlet,Alabama,24,36,15
8976,24-08-2021,Women's Apparel,South,Sports Direct,Outlet,Alabama,20,1100,55
8977,18-08-2021,Women's Apparel,South,Sports Direct,Outlet,Alabama,35,1400,40
8978,30-08-2021,Women's Apparel,South,Sports Direct,Outlet,Alabama,45,3375,75
8979,05-09-2021,Women's Apparel,South,Sports Direct,Outlet,Alabama,55,4813,88
8980,05-09-2021,Women's Apparel,South,Sports Direct,Outlet,Alabama,36,101,28
8981,29-09-2021,Women's Apparel,South,Sports Direct,Outlet,Alabama,40,1900,48
8982,23-09-2021,Women's Apparel,South,Sports Direct,Outlet,Alabama,40,2300,58
8983,05-10-2021,Women's Apparel,South,Sports Direct,Outlet,Alabama,60,3750,63
8984,17-09-2021,Women's Apparel,South,Sports Direct,Outlet,Alabama,60,4050,68
8985,11-09-2021,Women's Apparel,South,Sports Direct,Outlet,Alabama,60,4800,80
8986,11-10-2021,Women's Apparel,South,Sports Direct,Outlet,Alabama,70,5250,75
8987,18-08-2021,Women's Apparel,South,Sports Direct,Outlet,Alabama,26,31,12
8988,30-08-2021,Women's Apparel,South,Sports Direct,Outlet,Alabama,36,95,26
8989,24-08-2021,Women's Apparel,South,Sports Direct,Outlet,Alabama,14,23,17
8990,05-10-2021,Women's Apparel,South,Sports Direct,Outlet,Alabama,45,85,19
8991,11-09-2021,Women's Apparel,South,Sports Direct,Outlet,Alabama,47,132,28
8992,17-09-2021,Women's Apparel,South,Sports Direct,Outlet,Alabama,39,79,20
8993,29-09-2021,Women's Apparel,South,Sports Direct,Outlet,Alabama,26,38,15
8994,23-09-2021,Women's Apparel,South,Sports Direct,Outlet,Alabama,26,49,19
8995,11-10-2021,Women's Apparel,South,Sports Direct,Outlet,Alabama,56,126,23
8996,23-01-2021,Women's Apparel,South,Sports Direct,Outlet,Mississippi,18,28,16
8997,15-03-2021,Women's Apparel,South,Sports Direct,Outlet,Tennessee,24,41,17
8998,21-03-2021,Women's Apparel,South,Sports Direct,Outlet,Tennessee,28,40,14
8999,08-04-2021,Women's Apparel,South,Sports Direct,Outlet,Tennessee,31,84,27
9000,14-04-2021,Women's Apparel,South,Sports Direct,Outlet,Tennessee,37,113,31
9001,20-05-2021,Women's Apparel,South,Sports Direct,Outlet,Tennessee,65,4875,75
9002,02-04-2021,Women's Apparel,South,Sports Direct,Outlet,Tennessee,18,35,20
9003,27-03-2021,Women's Apparel,South,Sports Direct,Outlet,Tennessee,25,36,15
9004,02-05-2021,Women's Apparel,South,Sports Direct,Outlet,Tennessee,30,66,22
9005,20-04-2021,Women's Apparel,South,Sports Direct,Outlet,Tennessee,38,103,27
9006,20-05-2021,Women's Apparel,South,Sports Direct,Outlet,Tennessee,49,110,23
9007,14-05-2021,Women's Apparel,South,Sports Direct,Outlet,Tennessee,43,87,20
9008,08-05-2021,Women's Apparel,South,Sports Direct,Outlet,Tennessee,29,52,18
9009,26-04-2021,Women's Apparel,South,Sports Direct,Outlet,Tennessee,40,93,23
9010,16-08-2021,Women's Apparel,South,Sports Direct,Outlet,Texas,24,39,16
9011,22-08-2021,Women's Apparel,South,Sports Direct,Outlet,Texas,26,40,16
9012,09-09-2021,Women's Apparel,South,Sports Direct,Outlet,Texas,34,90,26
9013,28-08-2021,Women's Apparel,South,Sports Direct,Outlet,Texas,27,41,15
9014,15-09-2021,Women's Apparel,South,Sports Direct,Outlet,Texas,42,118,28
9015,03-09-2021,Women's Apparel,South,Sports Direct,Outlet,Texas,22,46,21
9016,21-09-2021,Women's Apparel,South,Sports Direct,Outlet,Texas,47,128,27
9017,09-10-2021,Women's Apparel,South,Sports Direct,Outlet,Texas,39,74,19
9018,03-10-2021,Women's Apparel,South,Sports Direct,Outlet,Texas,33,78,24
9019,27-09-2021,Women's Apparel,South,Sports Direct,Outlet,Texas,43,103,24
9020,21-10-2021,Women's Apparel,South,Sports Direct,Outlet,Texas,54,138,26
9021,15-10-2021,Women's Apparel,South,Sports Direct,Outlet,Texas,51,120,24
9022,30-07-2020,Women's Apparel,South,Sports Direct,Outlet,Texas,26,60,23
9023,05-08-2020,Women's Apparel,South,Sports Direct,Outlet,Texas,29,66,23
9024,24-07-2020,Women's Apparel,South,Sports Direct,Outlet,Texas,25,56,22
9025,10-08-2021,Women's Athletic Footwear,South,Sports Direct,Outlet,Alabama,35,1313,38
9026,10-08-2021,Women's Athletic Footwear,South,Sports Direct,Outlet,Alabama,24,27,11
9027,22-08-2021,Women's Athletic Footwear,South,Sports Direct,Outlet,Alabama,20,750,38
9028,16-08-2021,Women's Athletic Footwear,South,Sports Direct,Outlet,Alabama,35,1225,35
9029,28-08-2021,Women's Athletic Footwear,South,Sports Direct,Outlet,Alabama,35,1750,50
9030,03-09-2021,Women's Athletic Footwear,South,Sports Direct,Outlet,Alabama,45,2700,60
9031,22-08-2021,Women's Athletic Footwear,South,Sports Direct,Outlet,Alabama,15,17,12
9032,03-09-2021,Women's Athletic Footwear,South,Sports Direct,Outlet,Alabama,31,65,21
9033,27-09-2021,Women's Athletic Footwear,South,Sports Direct,Outlet,Alabama,35,1138,33
9034,09-09-2021,Women's Athletic Footwear,South,Sports Direct,Outlet,Alabama,45,2588,58
9035,03-10-2021,Women's Athletic Footwear,South,Sports Direct,Outlet,Alabama,45,2025,45
9036,15-09-2021,Women's Athletic Footwear,South,Sports Direct,Outlet,Alabama,50,2125,43
9037,21-09-2021,Women's Athletic Footwear,South,Sports Direct,Outlet,Alabama,60,2100,35
9038,09-10-2021,Women's Athletic Footwear,South,Sports Direct,Outlet,Alabama,65,3575,55
9039,16-08-2021,Women's Athletic Footwear,South,Sports Direct,Outlet,Alabama,23,27,12
9040,28-08-2021,Women's Athletic Footwear,South,Sports Direct,Outlet,Alabama,26,43,17
9041,09-10-2021,Women's Athletic Footwear,South,Sports Direct,Outlet,Alabama,52,100,19
9042,15-09-2021,Women's Athletic Footwear,South,Sports Direct,Outlet,Alabama,37,52,14
9043,21-09-2021,Women's Athletic Footwear,South,Sports Direct,Outlet,Alabama,44,46,11
9044,27-09-2021,Women's Athletic Footwear,South,Sports Direct,Outlet,Alabama,26,25,10
9045,03-10-2021,Women's Athletic Footwear,South,Sports Direct,Outlet,Alabama,36,49,14
9046,09-09-2021,Women's Athletic Footwear,South,Sports Direct,Outlet,Alabama,36,71,20
9047,23-01-2021,Women's Athletic Footwear,South,Sports Direct,Outlet,Mississippi,13,13,10
9048,19-03-2021,Women's Athletic Footwear,South,Sports Direct,Outlet,Tennessee,28,36,13
9049,06-04-2021,Women's Athletic Footwear,South,Sports Direct,Outlet,Tennessee,20,36,18
9050,18-05-2021,Women's Athletic Footwear,South,Sports Direct,Outlet,Tennessee,60,3300,55
9051,31-03-2021,Women's Athletic Footwear,South,Sports Direct,Outlet,Tennessee,20,26,13
9052,25-03-2021,Women's Athletic Footwear,South,Sports Direct,Outlet,Tennessee,25,31,12
9053,12-04-2021,Women's Athletic Footwear,South,Sports Direct,Outlet,Tennessee,29,57,20
9054,30-04-2021,Women's Athletic Footwear,South,Sports Direct,Outlet,Tennessee,40,54,14
9055,24-04-2021,Women's Athletic Footwear,South,Sports Direct,Outlet,Tennessee,32,52,16
9056,06-05-2021,Women's Athletic Footwear,South,Sports Direct,Outlet,Tennessee,30,39,13
9057,18-05-2021,Women's Athletic Footwear,South,Sports Direct,Outlet,Tennessee,44,77,18
9058,18-04-2021,Women's Athletic Footwear,South,Sports Direct,Outlet,Tennessee,32,63,20
9059,12-05-2021,Women's Athletic Footwear,South,Sports Direct,Outlet,Tennessee,38,60,16
9060,20-08-2021,Women's Athletic Footwear,South,Sports Direct,Outlet,Texas,28,38,14
9061,26-08-2021,Women's Athletic Footwear,South,Sports Direct,Outlet,Texas,26,36,14
9062,01-09-2021,Women's Athletic Footwear,South,Sports Direct,Outlet,Texas,20,30,15
9063,07-09-2021,Women's Athletic Footwear,South,Sports Direct,Outlet,Texas,27,49,18
9064,13-09-2021,Women's Athletic Footwear,South,Sports Direct,Outlet,Texas,29,56,19
9065,13-10-2021,Women's Athletic Footwear,South,Sports Direct,Outlet,Texas,50,80,16
9066,07-10-2021,Women's Athletic Footwear,South,Sports Direct,Outlet,Texas,30,44,15
9067,25-09-2021,Women's Athletic Footwear,South,Sports Direct,Outlet,Texas,38,60,16
9068,19-09-2021,Women's Athletic Footwear,South,Sports Direct,Outlet,Texas,32,64,20
9069,01-10-2021,Women's Athletic Footwear,South,Sports Direct,Outlet,Texas,41,55,14
9070,19-10-2021,Women's Athletic Footwear,South,Sports Direct,Outlet,Texas,44,84,19
9071,09-08-2020,Women's Athletic Footwear,South,Sports Direct,Outlet,Texas,28,60,21
9072,03-08-2020,Women's Athletic Footwear,South,Sports Direct,Outlet,Texas,30,61,20
9073,28-07-2020,Women's Athletic Footwear,South,Sports Direct,Outlet,Texas,26,55,21
9074,09-08-2021,Women's Street Footwear,South,Sports Direct,Outlet,Alabama,35,1488,43
9075,09-08-2021,Women's Street Footwear,South,Sports Direct,Outlet,Alabama,26,35,14
9076,21-08-2021,Women's Street Footwear,South,Sports Direct,Outlet,Alabama,15,713,48
9077,27-08-2021,Women's Street Footwear,South,Sports Direct,Outlet,Alabama,15,863,58
9078,15-08-2021,Women's Street Footwear,South,Sports Direct,Outlet,Alabama,30,1350,45
9079,02-09-2021,Women's Street Footwear,South,Sports Direct,Outlet,Alabama,45,2925,65
9080,21-08-2021,Women's Street Footwear,South,Sports Direct,Outlet,Alabama,11,17,15
9081,26-09-2021,Women's Street Footwear,South,Sports Direct,Outlet,Alabama,35,1663,48
9082,08-09-2021,Women's Street Footwear,South,Sports Direct,Outlet,Alabama,45,4388,98
9083,02-10-2021,Women's Street Footwear,South,Sports Direct,Outlet,Alabama,45,2588,58
9084,14-09-2021,Women's Street Footwear,South,Sports Direct,Outlet,Alabama,55,5088,93
9085,20-09-2021,Women's Street Footwear,South,Sports Direct,Outlet,Alabama,60,3750,63
9086,08-10-2021,Women's Street Footwear,South,Sports Direct,Outlet,Alabama,65,4550,70
9087,15-08-2021,Women's Street Footwear,South,Sports Direct,Outlet,Alabama,20,29,14
9088,02-09-2021,Women's Street Footwear,South,Sports Direct,Outlet,Alabama,35,80,23
9089,27-08-2021,Women's Street Footwear,South,Sports Direct,Outlet,Alabama,11,21,19
9090,14-09-2021,Women's Street Footwear,South,Sports Direct,Outlet,Alabama,36,100,28
9091,26-09-2021,Women's Street Footwear,South,Sports Direct,Outlet,Alabama,24,40,17
9092,08-10-2021,Women's Street Footwear,South,Sports Direct,Outlet,Alabama,47,102,22
9093,02-10-2021,Women's Street Footwear,South,Sports Direct,Outlet,Alabama,33,65,20
9094,08-09-2021,Women's Street Footwear,South,Sports Direct,Outlet,Alabama,31,100,32
9095,20-09-2021,Women's Street Footwear,South,Sports Direct,Outlet,Alabama,47,100,21
9096,21-02-2021,Women's Street Footwear,South,Sports Direct,Outlet,Mississippi,11,15,14
9097,23-01-2021,Women's Street Footwear,South,Sports Direct,Outlet,Mississippi,11,15,14
9098,18-03-2021,Women's Street Footwear,South,Sports Direct,Outlet,Tennessee,23,32,14
9099,24-03-2021,Women's Street Footwear,South,Sports Direct,Outlet,Tennessee,22,37,17
9100,30-03-2021,Women's Street Footwear,South,Sports Direct,Outlet,Tennessee,15,26,17
9101,11-04-2021,Women's Street Footwear,South,Sports Direct,Outlet,Tennessee,26,53,20
9102,17-05-2021,Women's Street Footwear,South,Sports Direct,Outlet,Tennessee,60,4200,70
9103,05-04-2021,Women's Street Footwear,South,Sports Direct,Outlet,Tennessee,14,29,20
9104,11-05-2021,Women's Street Footwear,South,Sports Direct,Outlet,Tennessee,37,75,20
9105,23-04-2021,Women's Street Footwear,South,Sports Direct,Outlet,Tennessee,39,122,31
9106,05-05-2021,Women's Street Footwear,South,Sports Direct,Outlet,Tennessee,27,44,16
9107,17-04-2021,Women's Street Footwear,South,Sports Direct,Outlet,Tennessee,30,97,32
9108,29-04-2021,Women's Street Footwear,South,Sports Direct,Outlet,Tennessee,40,81,20
9109,17-05-2021,Women's Street Footwear,South,Sports Direct,Outlet,Tennessee,44,92,21
9110,19-08-2021,Women's Street Footwear,South,Sports Direct,Outlet,Texas,27,39,14
9111,25-08-2021,Women's Street Footwear,South,Sports Direct,Outlet,Texas,20,31,16
9112,31-08-2021,Women's Street Footwear,South,Sports Direct,Outlet,Texas,20,36,18
9113,12-09-2021,Women's Street Footwear,South,Sports Direct,Outlet,Texas,30,65,22
9114,06-09-2021,Women's Street Footwear,South,Sports Direct,Outlet,Texas,19,38,20
9115,18-09-2021,Women's Street Footwear,South,Sports Direct,Outlet,Texas,33,106,32
9116,06-10-2021,Women's Street Footwear,South,Sports Direct,Outlet,Texas,32,61,19
9117,18-10-2021,Women's Street Footwear,South,Sports Direct,Outlet,Texas,46,110,24
9118,12-10-2021,Women's Street Footwear,South,Sports Direct,Outlet,Texas,51,116,23
9119,30-09-2021,Women's Street Footwear,South,Sports Direct,Outlet,Texas,47,119,25
9120,24-09-2021,Women's Street Footwear,South,Sports Direct,Outlet,Texas,35,116,33
9121,08-08-2020,Women's Street Footwear,South,Sports Direct,Outlet,Texas,24,56,23
9122,27-07-2020,Women's Street Footwear,South,Sports Direct,Outlet,Texas,27,64,24
9123,02-08-2020,Women's Street Footwear,South,Sports Direct,Outlet,Texas,23,52,22
9124,21-10-2021,Men's Apparel,South,Walmart,Outlet,Arkansas,21,19,9
9125,21-02-2021,Men's Apparel,South,Walmart,Outlet,Arkansas,23,26,11
9126,20-04-2021,Men's Apparel,South,Walmart,Outlet,Arkansas,31,23,8
9127,20-08-2021,Men's Apparel,South,Walmart,Outlet,Arkansas,40,45,11
9128,19-09-2021,Men's Apparel,South,Walmart,Outlet,Arkansas,18,20,11
9129,19-05-2021,Men's Apparel,South,Walmart,Outlet,Arkansas,32,36,11
9130,21-06-2021,Men's Apparel,South,Walmart,Outlet,Arkansas,37,43,12
9131,19-03-2021,Men's Apparel,South,Walmart,Outlet,Arkansas,24,21,9
9132,19-07-2021,Men's Apparel,South,Walmart,Outlet,Arkansas,40,60,15
9133,22-08-2020,Men's Apparel,South,Walmart,Outlet,Texas,29,64,22
9134,24-10-2020,Men's Apparel,South,Walmart,Outlet,Texas,30,59,20
9135,10-08-2020,Men's Apparel,South,Walmart,Outlet,Texas,34,61,18
9136,03-09-2020,Men's Apparel,South,Walmart,Outlet,Texas,35,80,23
9137,16-08-2020,Men's Apparel,South,Walmart,Outlet,Texas,35,63,18
9138,30-10-2020,Men's Apparel,South,Walmart,Outlet,Texas,30,62,21
9139,28-08-2020,Men's Apparel,South,Walmart,Outlet,Texas,33,72,22
9140,09-09-2020,Men's Apparel,South,Walmart,Outlet,Texas,36,74,21
9141,15-09-2020,Men's Apparel,South,Walmart,Outlet,Texas,35,64,18
9142,19-03-2021,Men's Athletic Footwear,South,Walmart,Outlet,Arkansas,14,15,11
9143,19-07-2021,Men's Athletic Footwear,South,Walmart,Outlet,Arkansas,36,59,16
9144,21-06-2021,Men's Athletic Footwear,South,Walmart,Outlet,Arkansas,25,37,15
9145,20-08-2021,Men's Athletic Footwear,South,Walmart,Outlet,Arkansas,42,68,16
9146,21-10-2021,Men's Athletic Footwear,South,Walmart,Outlet,Arkansas,14,18,13
9147,20-04-2021,Men's Athletic Footwear,South,Walmart,Outlet,Arkansas,20,20,10
9148,19-09-2021,Men's Athletic Footwear,South,Walmart,Outlet,Arkansas,26,35,14
9149,19-05-2021,Men's Athletic Footwear,South,Walmart,Outlet,Arkansas,28,32,12
9150,06-09-2020,Men's Athletic Footwear,South,Walmart,Outlet,Texas,32,82,26
9151,31-08-2020,Men's Athletic Footwear,South,Walmart,Outlet,Texas,33,101,31
9152,12-09-2020,Men's Athletic Footwear,South,Walmart,Outlet,Texas,29,72,25
9153,21-10-2020,Men's Athletic Footwear,South,Walmart,Outlet,Texas,31,95,31
9154,13-08-2020,Men's Athletic Footwear,South,Walmart,Outlet,Texas,30,86,29
9155,25-08-2020,Men's Athletic Footwear,South,Walmart,Outlet,Texas,32,91,29
9156,19-08-2020,Men's Athletic Footwear,South,Walmart,Outlet,Texas,33,107,32
9157,27-10-2020,Men's Athletic Footwear,South,Walmart,Outlet,Texas,34,113,33
9158,19-07-2021,Men's Street Footwear,South,Walmart,Outlet,Arkansas,39,106,27
9159,19-09-2021,Men's Street Footwear,South,Walmart,Outlet,Arkansas,35,77,22
9160,21-06-2021,Men's Street Footwear,South,Walmart,Outlet,Arkansas,28,66,24
9161,20-04-2021,Men's Street Footwear,South,Walmart,Outlet,Arkansas,19,39,20
9162,21-10-2021,Men's Street Footwear,South,Walmart,Outlet,Arkansas,21,38,18
9163,20-08-2021,Men's Street Footwear,South,Walmart,Outlet,Arkansas,43,100,23
9164,19-05-2021,Men's Street Footwear,South,Walmart,Outlet,Arkansas,26,59,23
9165,19-03-2021,Men's Street Footwear,South,Walmart,Outlet,Arkansas,15,31,21
9166,30-08-2020,Men's Street Footwear,South,Walmart,Outlet,Texas,27,82,31
9167,20-10-2020,Men's Street Footwear,South,Walmart,Outlet,Texas,34,92,27
9168,12-08-2020,Men's Street Footwear,South,Walmart,Outlet,Texas,24,76,32
9169,11-09-2020,Men's Street Footwear,South,Walmart,Outlet,Texas,31,84,27
9170,24-08-2020,Men's Street Footwear,South,Walmart,Outlet,Texas,29,86,30
9171,26-10-2020,Men's Street Footwear,South,Walmart,Outlet,Texas,32,107,33
9172,18-08-2020,Men's Street Footwear,South,Walmart,Outlet,Texas,28,83,30
9173,05-09-2020,Men's Street Footwear,South,Walmart,Outlet,Texas,33,87,26
9174,21-02-2021,Women's Apparel,South,Walmart,Outlet,Arkansas,16,23,15
9175,19-09-2021,Women's Apparel,South,Walmart,Outlet,Arkansas,22,31,14
9176,21-06-2021,Women's Apparel,South,Walmart,Outlet,Arkansas,48,79,17
9177,20-04-2021,Women's Apparel,South,Walmart,Outlet,Arkansas,24,29,12
9178,19-03-2021,Women's Apparel,South,Walmart,Outlet,Arkansas,20,22,11
9179,19-07-2021,Women's Apparel,South,Walmart,Outlet,Arkansas,50,99,20
9180,19-05-2021,Women's Apparel,South,Walmart,Outlet,Arkansas,33,48,15
9181,20-08-2021,Women's Apparel,South,Walmart,Outlet,Arkansas,40,77,19
9182,29-08-2020,Women's Apparel,South,Walmart,Outlet,Texas,36,109,30
9183,04-09-2020,Women's Apparel,South,Walmart,Outlet,Texas,39,105,27
9184,16-09-2020,Women's Apparel,South,Walmart,Outlet,Texas,43,100,23
9185,11-08-2020,Women's Apparel,South,Walmart,Outlet,Texas,27,73,27
9186,31-10-2020,Women's Apparel,South,Walmart,Outlet,Texas,41,125,31
9187,17-08-2020,Women's Apparel,South,Walmart,Outlet,Texas,32,94,30
9188,23-08-2020,Women's Apparel,South,Walmart,Outlet,Texas,38,133,35
9189,10-09-2020,Women's Apparel,South,Walmart,Outlet,Texas,42,125,30
9190,25-10-2020,Women's Apparel,South,Walmart,Outlet,Texas,44,127,29
9191,19-09-2021,Women's Athletic Footwear,South,Walmart,Outlet,Arkansas,12,12,10
9192,19-07-2021,Women's Athletic Footwear,South,Walmart,Outlet,Arkansas,35,42,12
9193,21-06-2021,Women's Athletic Footwear,South,Walmart,Outlet,Arkansas,29,36,12
9194,21-10-2021,Women's Athletic Footwear,South,Walmart,Outlet,Arkansas,15,14,9
9195,20-08-2021,Women's Athletic Footwear,South,Walmart,Outlet,Arkansas,29,38,13
9196,20-04-2021,Women's Athletic Footwear,South,Walmart,Outlet,Arkansas,13,10,8
9197,19-03-2021,Women's Athletic Footwear,South,Walmart,Outlet,Arkansas,15,11,7
9198,21-02-2021,Women's Athletic Footwear,South,Walmart,Outlet,Arkansas,15,12,8
9199,19-05-2021,Women's Athletic Footwear,South,Walmart,Outlet,Arkansas,24,22,9
9200,14-09-2020,Women's Athletic Footwear,South,Walmart,Outlet,Texas,36,73,20
9201,21-08-2020,Women's Athletic Footwear,South,Walmart,Outlet,Texas,26,68,26
9202,02-09-2020,Women's Athletic Footwear,South,Walmart,Outlet,Texas,30,65,22
9203,23-10-2020,Women's Athletic Footwear,South,Walmart,Outlet,Texas,36,83,23
9204,08-09-2020,Women's Athletic Footwear,South,Walmart,Outlet,Texas,37,74,20
9205,15-08-2020,Women's Athletic Footwear,South,Walmart,Outlet,Texas,31,76,25
9206,27-08-2020,Women's Athletic Footwear,South,Walmart,Outlet,Texas,28,63,22
9207,29-10-2020,Women's Athletic Footwear,South,Walmart,Outlet,Texas,36,76,21
9208,19-05-2021,Women's Street Footwear,South,Walmart,Outlet,Arkansas,27,32,12
9209,19-07-2021,Women's Street Footwear,South,Walmart,Outlet,Arkansas,32,45,14
9210,20-08-2021,Women's Street Footwear,South,Walmart,Outlet,Arkansas,40,54,14
9211,19-03-2021,Women's Street Footwear,South,Walmart,Outlet,Arkansas,8,9,11
9212,21-06-2021,Women's Street Footwear,South,Walmart,Outlet,Arkansas,28,35,12
9213,21-10-2021,Women's Street Footwear,South,Walmart,Outlet,Arkansas,16,16,10
9214,20-04-2021,Women's Street Footwear,South,Walmart,Outlet,Arkansas,11,11,10
9215,19-09-2021,Women's Street Footwear,South,Walmart,Outlet,Arkansas,11,14,12
9216,14-08-2020,Women's Street Footwear,South,Walmart,Outlet,Texas,23,55,24
9217,13-09-2020,Women's Street Footwear,South,Walmart,Outlet,Texas,39,99,26
9218,07-09-2020,Women's Street Footwear,South,Walmart,Outlet,Texas,36,113,32
9219,28-10-2020,Women's Street Footwear,South,Walmart,Outlet,Texas,38,113,30
9220,22-10-2020,Women's Street Footwear,South,Walmart,Outlet,Texas,34,96,28
9221,20-08-2020,Women's Street Footwear,South,Walmart,Outlet,Texas,27,71,26
9222,26-08-2020,Women's Street Footwear,South,Walmart,Outlet,Texas,29,108,37
9223,01-09-2020,Women's Street Footwear,South,Walmart,Outlet,Texas,29,108,37
9224,19-12-2021,Men's Apparel,South,West Gear,Outlet,Arkansas,50,66,13
9225,23-01-2021,Men's Apparel,South,West Gear,Outlet,Arkansas,23,21,9
9226,20-11-2021,Men's Apparel,South,West Gear,Outlet,Arkansas,56,59,11
9227,20-08-2021,Men's Apparel,South,West Gear,Outlet,Oklahoma,40,42,11
9228,19-09-2021,Men's Apparel,South,West Gear,Outlet,Oklahoma,20,16,8
9229,21-10-2021,Men's Apparel,South,West Gear,Outlet,Oklahoma,22,15,7
9230,21-06-2021,Men's Apparel,South,West Gear,Outlet,Oklahoma,41,43,11
9231,20-04-2021,Men's Apparel,South,West Gear,Outlet,Oklahoma,27,15,5
9232,21-02-2021,Men's Apparel,South,West Gear,Outlet,Oklahoma,24,20,9
9233,19-05-2021,Men's Apparel,South,West Gear,Outlet,Oklahoma,33,26,8
9234,19-07-2021,Men's Apparel,South,West Gear,Outlet,Oklahoma,43,50,12
9235,19-03-2021,Men's Apparel,South,West Gear,Outlet,Oklahoma,26,16,6
9236,23-01-2021,Men's Athletic Footwear,South,West Gear,Outlet,Arkansas,18,22,12
9237,21-02-2021,Men's Athletic Footwear,South,West Gear,Outlet,Arkansas,17,14,8
9238,19-12-2021,Men's Athletic Footwear,South,West Gear,Outlet,Arkansas,46,71,16
9239,20-11-2021,Men's Athletic Footwear,South,West Gear,Outlet,Arkansas,11,13,12
9240,19-05-2021,Men's Athletic Footwear,South,West Gear,Outlet,Oklahoma,29,27,9
9241,19-07-2021,Men's Athletic Footwear,South,West Gear,Outlet,Oklahoma,35,47,14
9242,20-04-2021,Men's Athletic Footwear,South,West Gear,Outlet,Oklahoma,18,14,8
9243,21-06-2021,Men's Athletic Footwear,South,West Gear,Outlet,Oklahoma,25,31,12
9244,19-03-2021,Men's Athletic Footwear,South,West Gear,Outlet,Oklahoma,15,12,8
9245,19-09-2021,Men's Athletic Footwear,South,West Gear,Outlet,Oklahoma,28,36,13
9246,21-10-2021,Men's Athletic Footwear,South,West Gear,Outlet,Oklahoma,14,16,11
9247,20-08-2021,Men's Athletic Footwear,South,West Gear,Outlet,Oklahoma,37,52,14
9248,21-02-2021,Men's Street Footwear,South,West Gear,Outlet,Arkansas,18,37,21
9249,20-11-2021,Men's Street Footwear,South,West Gear,Outlet,Arkansas,18,32,18
9250,19-12-2021,Men's Street Footwear,South,West Gear,Outlet,Arkansas,55,131,24
9251,23-01-2021,Men's Street Footwear,South,West Gear,Outlet,Arkansas,17,30,18
9252,20-08-2021,Men's Street Footwear,South,West Gear,Outlet,Oklahoma,41,94,23
9253,19-07-2021,Men's Street Footwear,South,West Gear,Outlet,Oklahoma,43,102,24
9254,19-05-2021,Men's Street Footwear,South,West Gear,Outlet,Oklahoma,28,50,18
9255,19-03-2021,Men's Street Footwear,South,West Gear,Outlet,Oklahoma,14,25,18
9256,20-04-2021,Men's Street Footwear,South,West Gear,Outlet,Oklahoma,20,37,18
9257,21-06-2021,Men's Street Footwear,South,West Gear,Outlet,Oklahoma,32,61,19
9258,19-09-2021,Men's Street Footwear,South,West Gear,Outlet,Oklahoma,35,69,20
9259,21-10-2021,Men's Street Footwear,South,West Gear,Outlet,Oklahoma,20,35,17
9260,23-01-2021,Women's Apparel,South,West Gear,Outlet,Arkansas,18,22,12
9261,21-10-2021,Women's Apparel,South,West Gear,Outlet,Arkansas,20,26,13
9262,20-11-2021,Women's Apparel,South,West Gear,Outlet,Arkansas,53,72,14
9263,19-12-2021,Women's Apparel,South,West Gear,Outlet,Arkansas,55,94,17
9264,05-01-2021,Women's Apparel,South,West Gear,Outlet,Louisiana,23,34,15
9265,21-06-2021,Women's Apparel,South,West Gear,Outlet,Oklahoma,40,57,14
9266,20-04-2021,Women's Apparel,South,West Gear,Outlet,Oklahoma,22,24,11
9267,19-05-2021,Women's Apparel,South,West Gear,Outlet,Oklahoma,33,38,12
9268,21-02-2021,Women's Apparel,South,West Gear,Outlet,Oklahoma,14,16,11
9269,19-03-2021,Women's Apparel,South,West Gear,Outlet,Oklahoma,18,16,9
9270,19-09-2021,Women's Apparel,South,West Gear,Outlet,Oklahoma,23,27,12
9271,20-08-2021,Women's Apparel,South,West Gear,Outlet,Oklahoma,40,66,17
9272,19-07-2021,Women's Apparel,South,West Gear,Outlet,Oklahoma,45,73,16
9273,23-01-2021,Women's Athletic Footwear,South,West Gear,Outlet,Arkansas,13,10,7
9274,20-11-2021,Women's Athletic Footwear,South,West Gear,Outlet,Arkansas,41,52,13
9275,19-12-2021,Women's Athletic Footwear,South,West Gear,Outlet,Arkansas,40,50,12
9276,19-09-2021,Women's Athletic Footwear,South,West Gear,Outlet,Oklahoma,12,10,8
9277,21-10-2021,Women's Athletic Footwear,South,West Gear,Outlet,Oklahoma,15,9,6
9278,19-05-2021,Women's Athletic Footwear,South,West Gear,Outlet,Oklahoma,26,19,7
9279,20-08-2021,Women's Athletic Footwear,South,West Gear,Outlet,Oklahoma,32,36,11
9280,20-04-2021,Women's Athletic Footwear,South,West Gear,Outlet,Oklahoma,15,7,5
9281,21-06-2021,Women's Athletic Footwear,South,West Gear,Outlet,Oklahoma,29,30,10
9282,21-02-2021,Women's Athletic Footwear,South,West Gear,Outlet,Oklahoma,15,9,6
9283,19-07-2021,Women's Athletic Footwear,South,West Gear,Outlet,Oklahoma,36,39,11
9284,19-03-2021,Women's Athletic Footwear,South,West Gear,Outlet,Oklahoma,16,6,4
9285,23-01-2021,Women's Street Footwear,South,West Gear,Outlet,Arkansas,10,13,13
9286,20-11-2021,Women's Street Footwear,South,West Gear,Outlet,Arkansas,19,19,10
9287,19-12-2021,Women's Street Footwear,South,West Gear,Outlet,Arkansas,43,64,15
9288,21-02-2021,Women's Street Footwear,South,West Gear,Outlet,Arkansas,12,12,10
9289,19-09-2021,Women's Street Footwear,South,West Gear,Outlet,Oklahoma,12,11,9
9290,21-10-2021,Women's Street Footwear,South,West Gear,Outlet,Oklahoma,14,10,7
9291,19-05-2021,Women's Street Footwear,South,West Gear,Outlet,Oklahoma,27,24,9
9292,21-06-2021,Women's Street Footwear,South,West Gear,Outlet,Oklahoma,27,29,11
9293,19-07-2021,Women's Street Footwear,South,West Gear,Outlet,Oklahoma,33,43,13
9294,19-03-2021,Women's Street Footwear,South,West Gear,Outlet,Oklahoma,7,6,8
9295,20-04-2021,Women's Street Footwear,South,West Gear,Outlet,Oklahoma,10,7,7
9296,20-08-2021,Women's Street Footwear,South,West Gear,Outlet,Oklahoma,38,43,11
9297,04-02-2021,Men's Apparel,West,Foot Locker,Outlet,Idaho,31,27,9
9298,04-12-2021,Men's Apparel,West,Foot Locker,Outlet,Idaho,43,63,15
9299,06-03-2021,Men's Athletic Footwear,West,Foot Locker,Outlet,Idaho,27,51,19
9300,08-08-2021,Men's Athletic Footwear,West,Foot Locker,Outlet,Idaho,37,94,26
9301,04-12-2021,Men's Athletic Footwear,West,Foot Locker,Outlet,Idaho,41,98,24
9302,06-03-2021,Men's Street Footwear,West,Foot Locker,Outlet,Idaho,21,42,20
9303,08-08-2021,Men's Street Footwear,West,Foot Locker,Outlet,Idaho,38,89,23
9304,04-12-2021,Men's Street Footwear,West,Foot Locker,Outlet,Idaho,40,96,24
9305,04-02-2021,Women's Apparel,West,Foot Locker,Outlet,Idaho,26,35,14
9306,06-07-2021,Women's Apparel,West,Foot Locker,Outlet,Idaho,51,135,26
9307,04-12-2021,Women's Apparel,West,Foot Locker,Outlet,Idaho,47,109,23
9308,04-02-2021,Women's Athletic Footwear,West,Foot Locker,Outlet,Idaho,27,31,12
9309,06-03-2021,Women's Athletic Footwear,West,Foot Locker,Outlet,Idaho,26,29,11
9310,04-12-2021,Women's Athletic Footwear,West,Foot Locker,Outlet,Idaho,44,81,18
9311,08-08-2021,Women's Athletic Footwear,West,Foot Locker,Outlet,Idaho,33,53,16
9312,06-03-2021,Women's Street Footwear,West,Foot Locker,Outlet,Idaho,20,27,14
9313,08-08-2021,Women's Street Footwear,West,Foot Locker,Outlet,Idaho,39,119,31
9314,04-12-2021,Women's Street Footwear,West,Foot Locker,Outlet,Idaho,47,105,22
9315,05-11-2021,Men's Apparel,West,Sports Direct,Outlet,Idaho,41,61,15
9316,04-10-2021,Men's Apparel,West,Sports Direct,Outlet,Idaho,25,31,12
9317,05-09-2021,Men's Apparel,West,Sports Direct,Outlet,Idaho,42,59,14
9318,08-08-2021,Men's Apparel,West,Sports Direct,Outlet,Idaho,39,65,17
9319,04-10-2021,Men's Athletic Footwear,West,Sports Direct,Outlet,Idaho,27,51,19
9320,05-11-2021,Men's Athletic Footwear,West,Sports Direct,Outlet,Idaho,28,62,22
9321,05-09-2021,Men's Athletic Footwear,West,Sports Direct,Outlet,Idaho,38,83,22
9322,05-11-2021,Men's Street Footwear,West,Sports Direct,Outlet,Idaho,27,55,20
9323,04-10-2021,Men's Street Footwear,West,Sports Direct,Outlet,Idaho,30,60,20
9324,05-09-2021,Men's Street Footwear,West,Sports Direct,Outlet,Idaho,41,94,23
9325,05-09-2021,Women's Apparel,West,Sports Direct,Outlet,Idaho,36,72,20
9326,04-10-2021,Women's Apparel,West,Sports Direct,Outlet,Idaho,34,61,18
9327,05-11-2021,Women's Apparel,West,Sports Direct,Outlet,Idaho,51,99,19
9328,08-08-2021,Women's Apparel,West,Sports Direct,Outlet,Idaho,44,105,24
9329,05-11-2021,Women's Athletic Footwear,West,Sports Direct,Outlet,Idaho,43,68,16
9330,04-10-2021,Women's Athletic Footwear,West,Sports Direct,Outlet,Idaho,35,41,12
9331,05-09-2021,Women's Athletic Footwear,West,Sports Direct,Outlet,Idaho,40,54,14
9332,04-10-2021,Women's Street Footwear,West,Sports Direct,Outlet,Idaho,31,55,18
9333,05-11-2021,Women's Street Footwear,West,Sports Direct,Outlet,Idaho,42,88,21
9334,05-09-2021,Women's Street Footwear,West,Sports Direct,Outlet,Idaho,43,87,20
9335,05-04-2021,Men's Apparel,West,West Gear,Outlet,Idaho,27,25,9
9336,04-06-2021,Men's Apparel,West,West Gear,Outlet,Idaho,43,68,16
9337,06-03-2021,Men's Apparel,West,West Gear,Outlet,Idaho,32,28,9
9338,05-05-2021,Men's Apparel,West,West Gear,Outlet,Idaho,34,41,12
9339,06-07-2021,Men's Apparel,West,West Gear,Outlet,Idaho,43,74,17
9340,05-04-2021,Men's Athletic Footwear,West,West Gear,Outlet,Idaho,21,45,22
9341,05-05-2021,Men's Athletic Footwear,West,West Gear,Outlet,Idaho,22,54,25
9342,04-06-2021,Men's Athletic Footwear,West,West Gear,Outlet,Idaho,35,92,26
9343,06-07-2021,Men's Athletic Footwear,West,West Gear,Outlet,Idaho,40,108,27
9344,04-06-2021,Men's Street Footwear,West,West Gear,Outlet,Idaho,31,72,23
9345,05-05-2021,Men's Street Footwear,West,West Gear,Outlet,Idaho,14,29,21
9346,05-04-2021,Men's Street Footwear,West,West Gear,Outlet,Idaho,15,32,22
9347,06-07-2021,Men's Street Footwear,West,West Gear,Outlet,Idaho,35,92,26
9348,06-03-2021,Women's Apparel,West,West Gear,Outlet,Idaho,25,31,12
9349,05-05-2021,Women's Apparel,West,West Gear,Outlet,Idaho,33,79,24
9350,04-06-2021,Women's Apparel,West,West Gear,Outlet,Idaho,39,97,25
9351,05-04-2021,Women's Apparel,West,West Gear,Outlet,Idaho,23,40,18
9352,05-04-2021,Women's Athletic Footwear,West,West Gear,Outlet,Idaho,20,23,12
9353,04-06-2021,Women's Athletic Footwear,West,West Gear,Outlet,Idaho,33,62,19
9354,05-05-2021,Women's Athletic Footwear,West,West Gear,Outlet,Idaho,24,37,16
9355,06-07-2021,Women's Athletic Footwear,West,West Gear,Outlet,Idaho,38,60,16
9356,05-04-2021,Women's Street Footwear,West,West Gear,Outlet,Idaho,19,31,16
9357,05-05-2021,Women's Street Footwear,West,West Gear,Outlet,Idaho,18,33,18
9358,04-06-2021,Women's Street Footwear,West,West Gear,Outlet,Idaho,34,63,19
9359,06-07-2021,Women's Street Footwear,West,West Gear,Outlet,Idaho,34,95,28
